date,ASPI,Banks,Capital_Goods,Consumer_Durables_and_Apparel,Consumer_Services,Diversified_Financials,Energy,"Food,_Beverage_and_Tobacco",Healthcare_Equipment_and_Services,Insurance,Materials,Real_Estate_Management_and_Development,Retailing,Telecommunication_Services,Repo_Standing_Deposit_Facility_Rate,Reverse_Repo_Standing_Lending_Facility_Rate,Monthly_Average_Exchange_Rates,CCPI_2021_Base
2019-01-02,6062.2,826.06,851.86,789.61,253.78,767.38,617.2,946.43,863.13,2181.0,540.58,755.29,790.2,748.46,8.0,9.0,182.13,99.2
2019-01-03,6058.48,820.19,848.1,797.83,256.55,781.43,613.47,946.08,865.17,2166.21,542.73,749.56,787.44,740.51,8.0,9.0,182.13,99.2
2019-01-04,6067.66,823.6,850.9,812.56,255.14,778.3,603.23,948.34,866.56,2166.73,544.92,749.69,791.14,744.21,8.0,9.0,182.13,99.2
2019-01-07,6022.99,816.66,838.41,805.63,254.43,773.72,591.92,942.37,861.18,2137.48,540.84,746.16,782.55,744.21,8.0,9.0,182.13,99.2
2019-01-08,5992.36,808.46,835.02,802.1,252.63,773.0,585.58,937.21,859.54,2129.06,539.51,749.48,764.4,735.24,8.0,9.0,182.13,99.2
2019-01-09,5982.19,804.51,828.03,802.27,252.99,770.23,582.0,940.04,859.04,2143.61,540.64,745.08,770.2,727.85,8.0,9.0,182.13,99.2
2019-01-10,5984.05,806.97,828.08,806.54,253.58,770.47,583.9,941.46,859.54,2119.36,533.64,750.79,768.69,724.18,8.0,9.0,182.13,99.2
2019-01-11,5967.27,808.32,825.63,804.5,252.69,768.06,593.21,931.26,862.88,2120.17,539.24,749.83,765.15,731.56,8.0,9.0,182.13,99.2
2019-01-14,5981.02,809.63,829.3,801.01,255.55,768.77,588.68,934.29,860.95,2125.01,541.01,747.78,764.37,731.56,8.0,9.0,182.13,99.2
2019-01-16,5973.34,810.25,830.74,802.38,255.65,767.27,587.17,925.71,863.41,2167.29,534.56,749.99,756.59,735.26,8.0,9.0,182.13,99.2
2019-01-17,5989.12,811.34,838.42,812.94,258.89,769.26,587.49,929.54,864.12,2173.31,536.3,745.54,754.65,719.42,8.0,9.0,182.13,99.2
2019-01-18,5988.07,816.75,836.53,814.73,259.1,762.41,582.22,928.91,866.86,2177.7,537.59,743.17,758.71,718.36,8.0,9.0,182.13,99.2
2019-01-21,5958.47,811.83,835.19,806.82,251.95,767.42,575.88,925.29,864.61,2149.36,535.46,745.24,751.39,707.82,8.0,9.0,182.13,99.2
2019-01-22,5944.17,810.18,830.14,814.01,250.74,762.66,582.66,923.84,869.82,2145.24,533.87,748.45,749.79,704.11,8.0,9.0,182.13,99.2
2019-01-23,5951.56,805.05,832.39,812.88,250.49,760.0,577.0,923.83,863.16,2138.28,540.2,748.78,745.65,729.42,8.0,9.0,182.13,99.2
2019-01-24,5960.34,805.73,829.46,814.72,250.9,757.2,575.66,928.62,878.64,2153.63,539.61,738.01,752.15,727.85,8.0,9.0,182.13,99.2
2019-01-25,5978.3,806.49,835.68,810.69,254.54,767.29,591.17,931.16,871.41,2145.0,537.85,738.02,759.83,718.36,8.0,9.0,182.13,99.2
2019-01-28,5973.46,806.55,840.6,810.89,252.98,771.22,560.45,929.55,872.95,2137.52,538.91,734.8,743.3,713.6,8.0,9.0,182.13,99.2
2019-01-29,5997.12,814.69,848.44,812.7,255.76,771.12,569.26,929.24,885.45,2157.02,539.06,730.33,746.57,714.14,8.0,9.0,182.13,99.2
2019-01-30,5991.29,813.87,846.6,815.18,251.06,773.04,552.96,926.04,875.1,2165.44,537.15,731.66,762.47,726.28,8.0,9.0,182.13,99.2
2019-01-31,5989.9,814.72,844.88,821.3,251.01,772.1,553.3,926.7,869.65,2195.33,536.75,732.87,757.59,713.6,8.0,9.0,182.13,99.2
2019-02-01,5982.05,814.72,838.8,812.76,252.06,768.8,552.92,924.98,872.42,2187.63,539.59,733.53,759.55,723.12,8.0,9.0,178.73,98.8
2019-02-05,5981.65,815.48,837.8,813.72,252.1,769.43,554.99,923.43,871.8,2196.21,538.7,740.62,767.66,718.36,8.0,9.0,178.73,98.8
2019-02-06,5957.41,808.54,838.79,804.16,248.32,774.91,549.51,918.09,873.99,2178.49,536.89,740.12,753.88,712.58,8.0,9.0,178.73,98.8
2019-02-07,5959.79,807.98,835.53,799.29,249.08,775.3,545.32,920.53,875.86,2195.63,540.04,739.51,752.83,708.87,8.0,9.0,178.73,98.8
2019-02-08,5964.14,809.15,837.97,815.18,248.21,771.51,545.53,918.15,877.43,2194.0,538.86,747.76,757.75,718.36,8.0,9.0,178.73,98.8
2019-02-11,5960.62,808.98,842.65,813.48,247.48,767.56,544.43,916.86,870.02,2196.51,538.97,747.28,765.02,713.09,8.0,9.0,178.73,98.8
2019-02-12,5930.21,806.03,832.74,811.61,247.59,764.37,539.51,916.27,866.56,2142.63,538.9,744.6,760.55,703.06,8.0,9.0,178.73,98.8
2019-02-13,5930.47,804.59,829.07,808.25,246.73,766.52,542.38,916.02,873.26,2151.72,543.98,740.01,753.01,713.6,8.0,9.0,178.73,98.8
2019-02-14,5932.45,807.25,827.43,806.66,248.48,769.76,540.07,917.68,876.69,2113.37,540.15,738.0,757.62,717.82,8.0,9.0,178.73,98.8
2019-02-15,5909.3,800.74,824.86,804.01,246.89,765.69,532.68,918.24,871.94,2104.55,538.81,735.03,751.52,704.11,8.0,9.0,178.73,98.8
2019-02-18,5897.33,797.94,823.5,782.01,246.36,754.22,531.73,921.19,872.52,2097.68,538.92,730.15,750.84,703.06,8.0,9.0,178.73,98.8
2019-02-20,5880.17,794.23,824.14,774.29,243.11,755.59,527.21,917.46,876.02,2089.36,522.74,733.96,754.76,703.06,8.0,9.0,178.73,98.8
2019-02-21,5839.04,786.51,815.72,749.93,240.56,748.39,516.36,913.63,870.25,2084.91,510.95,734.38,758.65,703.06,8.0,9.0,178.73,98.8
2019-02-22,5837.72,785.21,817.62,755.16,239.72,744.77,515.11,916.78,872.89,2088.39,501.97,733.34,749.24,692.51,8.0,9.0,178.73,98.8
2019-02-25,5826.26,783.27,815.38,750.89,240.28,746.79,523.48,915.84,873.32,2040.69,504.83,735.5,751.59,698.3,8.0,9.0,178.73,98.8
2019-02-26,5822.27,786.59,816.44,748.21,239.3,753.16,522.31,908.11,874.28,2051.21,504.37,742.85,739.72,688.78,8.0,9.0,178.73,98.8
2019-02-27,5799.98,781.38,822.16,742.26,239.53,747.58,518.99,901.68,882.45,2021.06,495.95,740.39,736.34,688.24,8.0,9.0,178.73,98.8
2019-02-28,5816.29,778.51,825.87,752.21,243.47,746.8,530.57,907.84,865.92,1991.57,493.48,738.46,735.3,708.31,8.0,9.0,178.73,98.8
2019-03-01,5754.31,747.79,809.09,744.94,239.55,753.91,521.57,904.4,855.29,1998.68,495.15,741.55,733.03,688.78,8.0,9.0,178.43,98.6
2019-03-05,5770.57,750.27,816.38,738.46,238.33,761.1,518.76,906.91,854.91,1998.37,495.52,743.11,733.43,684.03,8.0,9.0,178.43,98.6
2019-03-06,5751.6,749.0,813.03,739.82,237.04,751.74,518.57,905.12,841.55,1980.58,491.56,743.04,729.22,689.84,8.0,9.0,178.43,98.6
2019-03-07,5752.35,750.2,815.33,736.89,237.23,754.37,516.43,902.9,845.5,1993.31,491.27,738.17,724.74,694.6,8.0,9.0,178.43,98.6
2019-03-08,5722.25,744.87,809.34,739.38,235.04,755.68,517.5,891.56,847.47,1992.78,487.38,736.73,741.85,698.3,8.0,9.0,178.43,98.6
2019-03-11,5680.3,728.87,806.51,728.2,235.47,748.0,514.33,889.52,842.52,1986.67,485.55,746.29,712.09,679.83,8.0,9.0,178.43,98.6
2019-03-12,5646.78,721.73,800.86,723.83,232.7,742.12,506.33,884.95,830.55,1986.15,479.7,741.96,707.01,679.83,8.0,9.0,178.43,98.6
2019-03-13,5606.96,711.14,789.82,707.74,231.37,733.57,503.7,881.91,842.19,1984.99,478.36,734.05,706.6,670.32,8.0,9.0,178.43,98.6
2019-03-14,5632.79,719.15,790.91,708.7,232.92,741.13,507.52,882.84,844.52,1987.17,480.66,739.21,708.43,686.14,8.0,9.0,178.43,98.6
2019-03-15,5616.24,717.24,785.74,707.75,232.01,741.5,493.92,878.76,840.33,1978.89,482.21,742.05,716.19,687.19,8.0,9.0,178.43,98.6
2019-03-18,5614.98,719.88,785.15,706.0,233.61,736.47,499.96,878.05,832.82,1972.36,481.54,736.81,718.55,694.57,8.0,9.0,178.43,98.6
2019-03-19,5591.67,714.07,784.97,709.83,233.96,734.54,494.36,869.86,839.96,1966.09,479.39,730.95,712.27,697.74,8.0,9.0,178.43,98.6
2019-03-21,5571.3,711.66,780.52,717.84,231.56,725.21,495.1,868.01,827.11,1957.31,476.99,729.29,717.78,699.84,8.0,9.0,178.43,98.6
2019-03-22,5540.05,706.72,777.46,716.09,230.11,718.08,489.39,864.59,844.39,1936.12,473.28,724.37,713.98,681.89,8.0,9.0,178.43,98.6
2019-03-25,5529.67,705.39,775.17,710.27,231.53,717.59,486.81,865.22,817.57,1948.51,477.92,725.03,719.9,670.81,8.0,9.0,178.43,98.6
2019-03-26,5513.68,702.58,775.83,719.85,229.65,717.16,483.0,862.57,815.42,1947.18,473.24,723.44,699.81,659.72,8.0,9.0,178.43,98.6
2019-03-27,5511.77,698.5,775.66,714.34,229.08,714.53,485.62,861.38,825.72,1951.72,473.88,726.41,698.56,666.59,8.0,9.0,178.43,98.6
2019-03-28,5556.28,704.08,793.49,721.69,231.99,723.08,497.79,862.79,831.74,1969.72,478.13,730.91,694.67,672.92,8.0,9.0,178.43,98.6
2019-03-29,5557.24,709.12,791.8,720.27,235.66,725.17,495.47,861.0,826.68,1983.23,477.89,736.24,699.03,658.67,8.0,9.0,178.43,98.6
2019-04-01,5567.77,702.99,790.08,735.29,236.14,727.61,499.33,861.96,845.25,1984.88,476.53,717.9,704.77,669.75,8.0,9.0,174.8,98.9
2019-04-02,5578.43,710.18,795.37,740.02,238.01,725.68,496.87,861.79,822.23,1983.66,477.48,729.99,697.72,664.48,8.0,9.0,174.8,98.9
2019-04-03,5597.37,710.85,796.87,742.3,242.7,738.47,502.74,859.61,824.18,1987.78,482.89,725.22,705.83,678.73,8.0,9.0,174.8,98.9
2019-04-04,5653.43,715.78,802.53,742.91,244.61,753.44,509.04,871.06,822.84,1995.38,487.75,725.87,715.32,699.33,8.0,9.0,174.8,98.9
2019-04-05,5621.36,712.0,793.98,755.45,243.67,748.67,509.33,862.95,827.55,1996.52,488.29,724.08,709.41,695.63,8.0,9.0,174.8,98.9
2019-04-08,5595.46,710.6,783.87,732.12,243.93,741.84,504.92,863.5,820.36,1987.38,481.38,721.11,705.73,690.87,8.0,9.0,174.8,98.9
2019-04-09,5583.66,709.18,788.9,722.45,241.26,739.48,505.36,859.82,826.61,1992.04,478.16,720.87,693.69,675.54,8.0,9.0,174.8,98.9
2019-04-10,5583.58,709.87,787.04,727.11,240.54,744.39,498.11,857.93,830.13,1991.49,480.17,722.29,692.99,675.54,8.0,9.0,174.8,98.9
2019-04-11,5576.11,709.13,784.58,729.0,240.25,750.57,493.36,854.85,832.59,1994.66,480.04,722.98,692.78,675.54,8.0,9.0,174.8,98.9
2019-04-12,5585.3,707.42,784.45,728.24,239.75,750.98,493.66,860.24,830.66,1998.8,476.4,731.53,701.29,675.54,8.0,9.0,174.8,98.9
2019-04-16,5591.83,709.14,786.87,744.61,240.12,745.9,493.51,861.94,828.81,1997.45,482.14,725.11,709.0,671.84,8.0,9.0,174.8,98.9
2019-04-17,5603.35,706.06,784.46,743.61,241.06,755.51,497.07,866.05,830.66,1997.22,484.08,730.45,708.27,676.59,8.0,9.0,174.8,98.9
2019-04-18,5606.35,702.76,783.81,746.91,240.79,745.48,495.28,874.28,842.79,1995.56,483.71,726.14,708.81,673.94,8.0,9.0,174.8,98.9
2019-04-23,5402.58,679.86,741.53,713.82,224.41,720.36,474.92,843.3,818.28,1957.75,464.94,706.88,700.26,658.1,8.0,9.0,174.8,98.9
2019-04-24,5413.55,683.08,740.49,722.92,226.78,713.12,485.07,847.17,823.01,1976.65,463.81,709.07,690.45,655.99,8.0,9.0,174.8,98.9
2019-04-25,5422.89,677.32,738.87,723.95,225.42,712.92,482.04,847.26,814.15,1973.82,468.52,715.63,705.3,658.1,8.0,9.0,174.8,98.9
2019-04-26,5437.06,677.31,746.96,720.3,222.91,717.76,480.94,848.65,820.86,1981.33,470.79,714.07,703.07,653.34,8.0,9.0,174.8,98.9
2019-04-29,5443.31,677.05,756.08,720.82,222.91,720.46,484.92,848.2,806.67,1981.97,470.68,719.38,703.07,645.96,8.0,9.0,174.8,98.9
2019-04-30,5478.41,675.84,765.16,720.94,224.67,725.23,493.55,856.16,812.53,1991.19,473.92,712.4,705.0,655.45,8.0,9.0,174.8,98.9
2019-05-02,5458.78,676.49,758.71,717.71,216.97,713.96,497.12,856.4,821.11,1992.82,473.61,715.3,687.83,659.16,8.0,9.0,176.44,100.5
2019-05-03,5438.75,677.38,752.4,722.81,216.37,709.15,499.71,851.89,806.64,1993.46,470.52,711.58,688.98,658.1,8.0,9.0,176.44,100.5
2019-05-06,5386.27,672.04,735.07,710.28,215.85,702.41,500.77,843.75,803.78,1987.45,464.44,710.19,675.04,660.75,8.0,9.0,176.44,100.5
2019-05-07,5382.54,662.53,729.59,709.54,214.15,699.16,501.41,857.6,802.14,1975.64,456.6,706.73,667.85,653.37,8.0,9.0,176.44,100.5
2019-05-08,5372.97,655.51,730.81,704.2,213.15,701.51,493.95,857.82,799.71,1982.43,452.78,698.0,675.01,649.12,8.0,9.0,176.44,100.5
2019-05-09,5352.2,648.37,725.46,701.73,210.63,699.32,486.0,856.99,799.21,1983.58,450.82,694.92,662.86,653.88,8.0,9.0,176.44,100.5
2019-05-10,5327.68,644.27,722.17,701.36,209.6,699.86,482.86,858.06,794.96,1902.74,449.16,709.56,657.98,639.12,8.0,9.0,176.44,100.5
2019-05-13,5307.2,641.35,717.39,701.25,207.04,701.31,494.77,853.71,793.5,1888.63,446.81,690.38,655.02,643.88,8.0,9.0,176.44,100.5
2019-05-14,5223.69,624.85,708.93,687.11,203.18,689.26,478.62,838.81,775.42,1872.56,443.36,698.88,626.88,630.68,8.0,9.0,176.44,100.5
2019-05-15,5199.98,617.75,708.62,686.0,200.83,683.45,470.6,835.71,775.39,1862.41,439.12,684.98,632.41,629.63,8.0,9.0,176.44,100.5
2019-05-16,5251.79,618.81,713.32,686.8,206.52,691.43,477.18,851.21,772.91,1860.09,442.13,669.35,635.34,648.1,8.0,9.0,176.44,100.5
2019-05-17,5259.71,617.39,715.26,698.77,206.55,709.75,477.09,841.15,772.7,1886.2,446.54,669.97,645.1,663.4,8.0,9.0,176.44,100.5
2019-05-21,5291.28,622.3,723.07,704.64,208.61,709.94,483.7,842.15,780.57,1885.56,449.26,672.03,652.03,676.05,8.0,9.0,176.44,100.5
2019-05-22,5295.68,622.71,726.11,707.43,205.04,712.67,496.48,837.53,812.2,1893.81,454.26,672.38,655.68,680.3,8.0,9.0,176.44,100.5
2019-05-23,5305.8,621.43,724.39,718.78,207.54,714.43,503.38,838.37,837.09,1894.15,452.22,683.66,654.72,687.16,8.0,9.0,176.44,100.5
2019-05-24,5295.11,620.1,721.81,707.01,203.78,712.24,501.86,839.43,831.02,1897.27,454.72,674.7,659.97,680.3,8.0,9.0,176.44,100.5
2019-05-27,5291.49,619.85,717.73,701.25,203.48,711.28,496.74,842.07,839.66,1890.67,454.64,675.7,656.0,675.54,8.0,9.0,176.44,100.5
2019-05-28,5293.49,619.52,720.72,703.9,201.6,711.81,492.79,840.09,828.23,1907.14,451.34,672.78,659.18,685.06,8.0,9.0,176.44,100.5
2019-05-29,5319.83,622.79,724.93,710.24,204.11,722.01,496.23,838.98,832.24,1913.09,464.37,683.32,663.9,690.33,8.0,9.0,176.44,100.5
2019-05-30,5324.54,621.72,722.95,715.98,204.01,721.45,495.69,841.33,830.5,1918.28,468.2,686.68,661.91,693.49,8.0,9.0,176.44,100.5
2019-05-31,5310.95,618.91,720.56,712.34,206.04,718.56,483.56,840.47,804.84,1913.14,465.89,696.11,659.04,689.27,7.5,8.5,176.44,100.5
2019-06-03,5299.5,615.96,718.6,704.63,203.91,717.31,490.68,839.82,815.6,1900.62,467.16,684.8,667.55,685.06,7.5,8.5,176.59,101.4
2019-06-04,5277.32,611.76,716.15,710.34,203.66,715.95,491.18,837.54,814.9,1901.14,466.06,685.35,658.96,664.45,7.5,8.5,176.59,101.4
2019-06-06,5276.84,609.27,718.19,710.41,202.65,719.68,486.43,835.03,815.19,1893.75,467.76,719.43,653.18,676.08,7.5,8.5,176.59,101.4
2019-06-07,5298.18,614.36,723.48,709.76,203.17,723.19,487.38,836.05,813.61,1895.94,465.46,728.62,650.63,683.46,7.5,8.5,176.59,101.4
2019-06-10,5323.07,618.39,730.21,708.6,204.32,722.31,490.23,839.4,823.3,1899.38,467.59,742.19,650.32,683.46,7.5,8.5,176.59,101.4
2019-06-11,5335.29,623.22,731.06,717.09,205.33,723.7,491.48,836.9,857.59,1898.57,472.2,749.05,656.44,681.87,7.5,8.5,176.59,101.4
2019-06-12,5378.73,627.27,737.48,745.49,207.65,731.63,487.02,843.91,851.56,1912.22,480.87,748.11,657.85,693.49,7.5,8.5,176.59,101.4
2019-06-13,5387.36,625.45,738.47,747.6,206.63,738.96,488.12,848.39,837.17,1912.83,481.27,760.59,654.97,689.79,7.5,8.5,176.59,101.4
2019-06-14,5383.72,629.58,733.45,765.27,208.92,742.47,485.37,844.02,838.23,1909.03,482.61,762.59,657.68,685.03,7.5,8.5,176.59,101.4
2019-06-17,5384.93,628.06,734.11,776.68,209.82,744.28,489.52,845.95,835.25,1908.11,484.86,755.83,659.31,675.54,7.5,8.5,176.59,101.4
2019-06-18,5375.6,627.98,736.17,777.06,207.21,739.83,485.16,842.74,828.91,1908.41,479.88,760.23,671.67,680.3,7.5,8.5,176.59,101.4
2019-06-19,5392.3,627.6,739.69,775.44,209.85,744.01,483.97,846.29,838.01,1910.68,481.25,754.83,656.97,675.54,7.5,8.5,176.59,101.4
2019-06-20,5372.37,624.08,728.16,770.86,210.35,743.93,481.17,843.59,853.83,1909.93,481.19,761.2,659.27,670.78,7.5,8.5,176.59,101.4
2019-06-21,5363.5,621.58,729.5,765.5,211.46,739.78,481.02,838.03,839.25,1916.86,480.51,747.47,660.99,666.02,7.5,8.5,176.59,101.4
2019-06-24,5354.53,621.32,728.3,767.79,211.83,741.71,473.09,833.22,838.54,1901.68,481.91,756.62,664.09,675.54,7.5,8.5,176.59,101.4
2019-06-25,5342.49,619.85,724.64,766.01,210.82,737.62,479.36,833.37,852.84,1899.98,479.65,757.0,656.13,666.56,7.5,8.5,176.59,101.4
2019-06-26,5348.57,620.16,727.42,757.41,213.58,740.42,474.16,832.75,841.23,1915.07,479.78,749.85,654.85,666.56,7.5,8.5,176.59,101.4
2019-06-27,5345.13,620.29,724.23,746.81,213.58,743.64,473.6,829.26,851.44,1912.52,474.93,751.89,661.67,670.78,7.5,8.5,176.59,101.4
2019-06-28,5372.28,621.01,728.57,750.45,214.18,743.6,475.26,838.75,853.2,1935.57,475.02,750.03,660.93,669.73,7.5,8.5,176.59,101.4
2019-07-01,5376.67,625.7,735.99,747.91,215.33,742.7,475.85,833.77,850.35,1932.96,478.44,750.44,660.17,670.78,7.5,8.5,175.99,101.3
2019-07-02,5391.21,631.38,737.2,762.3,217.84,746.38,479.94,833.37,854.51,1942.36,478.22,763.9,664.94,663.4,7.5,8.5,175.99,101.3
2019-07-03,5411.55,637.03,744.33,761.79,222.3,745.83,487.28,832.73,852.12,1946.89,479.14,763.17,668.31,670.78,7.5,8.5,175.99,101.3
2019-07-04,5508.97,645.76,760.62,785.16,229.06,764.19,490.09,851.05,855.16,1958.07,488.81,785.23,682.37,690.33,7.5,8.5,175.99,101.3
2019-07-05,5515.81,649.24,761.96,778.21,225.41,763.45,493.11,851.16,867.82,1959.12,495.33,787.8,681.3,691.38,7.5,8.5,175.99,101.3
2019-07-08,5504.6,645.47,753.56,779.57,226.79,760.62,492.72,851.9,879.44,1962.22,495.5,781.04,686.5,689.27,7.5,8.5,175.99,101.3
2019-07-09,5514.4,649.58,747.19,796.64,228.59,763.14,498.47,857.31,845.26,1968.83,495.21,774.73,690.63,689.27,7.5,8.5,175.99,101.3
2019-07-10,5521.83,646.44,752.69,793.86,227.49,766.4,506.44,860.21,844.36,1981.55,500.17,773.9,684.94,675.56,7.5,8.5,175.99,101.3
2019-07-11,5561.28,649.32,769.25,816.99,227.73,775.67,501.76,861.45,840.25,1957.76,502.07,781.77,697.0,700.9,7.5,8.5,175.99,101.3
2019-07-12,5569.94,649.78,770.45,824.83,227.64,776.21,498.74,861.55,874.02,1956.09,503.39,773.93,697.71,714.12,7.5,8.5,175.99,101.3
2019-07-15,5587.36,653.16,772.97,821.78,226.09,779.39,500.29,862.86,876.75,1965.46,508.77,770.73,704.75,725.23,7.5,8.5,175.99,101.3
2019-07-17,5645.65,665.46,789.83,851.63,228.27,784.03,506.07,861.67,879.92,1979.97,514.2,774.11,724.07,760.11,7.5,8.5,175.99,101.3
2019-07-18,5695.69,674.58,799.28,855.64,233.52,788.85,500.32,868.91,897.95,1983.69,514.46,770.63,715.08,779.14,7.5,8.5,175.99,101.3
2019-07-19,5715.14,687.26,798.67,865.64,233.5,794.77,506.91,869.74,907.06,1990.04,519.01,759.31,726.12,768.57,7.5,8.5,175.99,101.3
2019-07-22,5659.77,677.31,783.78,856.28,232.1,786.93,503.49,861.81,900.99,1981.76,517.86,764.81,718.47,756.94,7.5,8.5,175.99,101.3
2019-07-23,5683.47,682.78,796.2,858.87,225.55,791.24,501.59,863.82,899.38,1986.65,525.4,767.66,724.07,757.48,7.5,8.5,175.99,101.3
2019-07-24,5745.97,704.8,808.59,867.62,231.71,797.34,514.26,865.6,911.07,2000.22,536.2,766.03,729.58,762.22,7.5,8.5,175.99,101.3
2019-07-25,5794.66,734.79,810.81,872.45,234.09,805.12,516.33,864.38,920.34,2007.57,545.75,781.73,730.9,770.14,7.5,8.5,175.99,101.3
2019-07-26,5872.89,750.62,806.48,883.52,237.91,816.81,504.02,883.75,928.5,2010.52,552.9,796.58,727.97,804.42,7.5,8.5,175.99,101.3
2019-07-29,5995.2,786.16,832.09,907.33,238.12,828.38,500.34,891.1,924.71,2037.44,581.66,806.89,738.63,858.23,7.5,8.5,175.99,101.3
2019-07-30,5951.75,780.12,824.69,896.7,235.37,828.67,495.68,885.47,906.75,2024.92,571.47,801.92,739.3,840.3,7.5,8.5,175.99,101.3
2019-07-31,5935.34,765.94,821.32,896.62,235.72,825.8,495.24,886.44,901.47,2042.63,564.62,821.7,733.99,839.25,7.5,8.5,175.99,101.3
2019-08-01,5897.26,749.22,810.7,896.92,232.92,824.13,491.53,889.76,906.95,2013.07,550.45,802.96,732.82,833.97,7.5,8.5,177.97,101.3
2019-08-02,5894.7,744.93,807.01,895.34,233.63,852.57,494.8,883.59,904.46,2014.04,550.01,794.82,730.09,825.54,7.5,8.5,177.97,101.3
2019-08-05,5889.67,739.21,810.13,902.04,236.06,861.39,492.77,878.96,908.74,2009.46,548.73,802.21,732.19,815.51,7.5,8.5,177.97,101.3
2019-08-06,5846.94,724.36,806.17,896.16,235.11,853.37,486.04,876.03,894.79,1999.11,539.31,793.28,719.18,813.91,7.5,8.5,177.97,101.3
2019-08-07,5889.68,738.59,809.54,911.24,235.29,849.53,494.41,883.19,908.58,1988.91,550.45,805.97,739.9,824.46,7.5,8.5,177.97,101.3
2019-08-08,5878.26,734.66,815.56,909.17,234.29,846.86,495.14,882.83,901.13,1983.37,549.45,810.72,719.66,809.67,7.5,8.5,177.97,101.3
2019-08-09,5943.11,752.64,827.0,920.85,235.14,853.23,500.5,885.79,911.76,2002.04,570.17,830.8,728.99,839.22,7.5,8.5,177.97,101.3
2019-08-13,5949.3,751.25,826.39,933.34,238.64,854.67,500.63,888.5,892.72,2007.9,573.75,841.09,735.59,832.38,7.5,8.5,177.97,101.3
2019-08-15,5917.15,738.78,818.25,927.89,235.63,852.51,502.94,890.09,885.35,1989.89,567.26,825.9,738.55,826.03,7.5,8.5,177.97,101.3
2019-08-16,5894.51,738.56,822.86,921.07,240.55,847.9,504.04,871.43,910.45,2002.47,564.72,828.97,729.15,823.38,7.5,8.5,177.97,101.3
2019-08-19,5869.07,733.28,819.65,916.38,235.06,842.72,494.72,871.65,904.32,1996.5,559.99,823.06,733.85,813.35,7.5,8.5,177.97,101.3
2019-08-20,5912.46,739.94,827.7,917.33,234.28,845.86,493.21,881.58,889.66,2013.72,561.77,834.09,727.66,828.14,7.5,8.5,177.97,101.3
2019-08-21,5907.74,741.73,827.57,911.72,233.54,852.05,490.22,881.71,884.34,2016.02,562.26,833.6,727.41,804.37,7.5,8.5,177.97,101.3
2019-08-22,5905.02,736.45,824.63,909.42,235.1,850.97,489.83,882.67,893.82,2006.16,561.97,834.48,728.22,807.02,7.5,8.5,177.97,101.3
2019-08-23,5898.47,735.54,828.01,913.8,232.96,849.27,485.58,879.13,891.09,2005.34,565.92,830.97,726.8,807.02,7.0,8.0,177.97,101.3
2019-08-26,5881.72,733.02,823.18,908.35,233.37,843.75,483.22,878.2,895.83,1998.44,563.98,822.57,716.1,809.13,7.0,8.0,177.97,101.3
2019-08-27,5908.93,740.44,833.19,910.33,234.59,844.83,485.69,878.36,888.15,2004.88,558.5,830.87,732.04,821.27,7.0,8.0,177.97,101.3
2019-08-28,5910.92,739.62,838.7,913.76,232.66,841.23,485.59,881.04,901.61,2004.28,561.41,837.92,725.01,807.02,7.0,8.0,177.97,101.3
2019-08-29,5900.48,743.15,831.4,914.0,233.2,844.86,486.1,873.38,914.03,2012.29,557.9,829.18,715.18,817.05,7.0,8.0,177.97,101.3
2019-08-30,5889.86,739.44,826.09,910.12,233.43,850.26,487.46,868.2,906.32,2027.21,560.69,831.51,715.89,820.75,7.0,8.0,177.97,101.3
2019-09-02,5878.29,732.88,820.09,911.13,232.18,845.9,480.14,872.45,909.1,2026.64,557.07,831.7,705.52,815.48,7.0,8.0,180.78,102.1
2019-09-03,5883.42,732.28,821.02,912.49,234.58,848.6,483.05,872.5,891.23,2031.75,559.03,827.4,703.28,809.16,7.0,8.0,180.78,102.1
2019-09-04,5861.54,728.11,816.47,919.75,234.85,845.84,480.14,868.68,879.31,2026.01,557.73,833.07,708.73,803.34,7.0,8.0,180.78,102.1
2019-09-05,5850.25,725.23,816.47,907.98,233.49,838.53,482.9,860.71,880.23,2025.22,555.51,830.4,707.61,844.47,7.0,8.0,180.78,102.1
2019-09-06,5798.57,704.38,809.96,902.73,228.41,833.77,477.92,858.43,878.31,2017.55,551.37,820.0,702.93,831.79,7.0,8.0,180.78,102.1
2019-09-09,5816.52,704.3,816.41,903.72,237.26,839.87,476.02,858.98,883.65,2017.57,553.75,825.87,715.31,820.19,7.0,8.0,180.78,102.1
2019-09-10,5822.47,698.52,817.97,897.0,239.81,837.42,474.54,866.58,884.98,2015.21,551.01,827.82,697.32,820.73,7.0,8.0,180.78,102.1
2019-09-11,5820.84,695.24,818.18,906.83,242.73,838.38,469.86,863.92,882.14,2016.48,555.72,830.73,708.96,819.67,7.0,8.0,180.78,102.1
2019-09-12,5825.54,697.55,819.79,905.36,244.47,844.59,466.42,862.5,878.91,2014.09,558.99,824.33,709.87,818.62,7.0,8.0,180.78,102.1
2019-09-16,5828.14,695.03,810.94,899.36,245.49,845.94,465.5,870.81,885.25,2002.02,559.05,829.3,707.52,815.46,7.0,8.0,180.78,102.1
2019-09-17,5811.07,691.6,806.95,895.11,245.44,847.01,464.25,866.47,885.62,2007.87,554.94,814.31,705.59,817.57,7.0,8.0,180.78,102.1
2019-09-18,5807.51,689.78,807.13,894.66,246.13,851.2,466.06,864.71,887.28,2013.13,555.14,810.78,705.75,812.81,7.0,8.0,180.78,102.1
2019-09-19,5811.04,691.1,809.01,887.8,249.34,853.41,466.56,862.27,870.31,2013.21,555.72,812.62,707.24,819.67,7.0,8.0,180.78,102.1
2019-09-20,5793.89,687.23,805.63,881.47,247.06,843.54,464.91,862.16,865.51,2012.87,551.36,817.23,707.24,815.97,7.0,8.0,180.78,102.1
2019-09-23,5776.48,685.83,806.75,873.02,244.64,837.63,464.25,860.5,870.06,2000.86,544.59,819.13,705.33,808.05,7.0,8.0,180.78,102.1
2019-09-24,5743.54,679.78,807.33,874.3,240.94,827.43,459.44,857.34,864.62,2005.62,538.74,830.34,686.39,806.99,7.0,8.0,180.78,102.1
2019-09-25,5762.4,677.21,807.13,877.74,241.97,833.6,462.76,861.24,863.21,2007.77,545.7,831.83,688.93,814.4,7.0,8.0,180.78,102.1
2019-09-26,5772.76,679.91,814.93,882.46,243.42,836.66,459.79,860.46,868.61,2005.94,545.66,829.55,688.78,815.46,7.0,8.0,180.78,102.1
2019-09-27,5771.69,683.36,816.1,876.61,243.08,836.78,461.13,860.05,850.59,2003.55,551.23,800.8,694.23,814.4,7.0,8.0,180.78,102.1
2019-09-30,5738.24,678.57,810.18,878.38,242.68,835.38,459.83,848.83,850.06,2006.5,551.39,807.87,692.61,810.18,7.0,8.0,180.78,102.1
2019-10-01,5733.64,677.32,811.9,873.77,241.07,832.57,453.52,847.53,849.62,2006.79,553.47,808.59,707.57,805.43,7.0,8.0,181.45,102.3
2019-10-02,5697.93,674.94,800.71,879.98,240.67,828.12,453.52,837.87,846.77,2007.79,548.64,808.43,698.25,810.18,7.0,8.0,181.45,102.3
2019-10-03,5677.5,675.67,798.89,884.29,240.76,824.04,458.62,830.31,853.1,2013.26,547.59,805.94,698.79,796.99,7.0,8.0,181.45,102.3
2019-10-04,5689.9,678.72,799.78,879.28,240.85,828.24,454.88,829.95,854.45,2014.04,549.8,807.3,700.73,810.18,7.0,8.0,181.45,102.3
2019-10-07,5708.92,686.86,808.01,891.06,243.92,823.25,461.76,829.11,854.23,1374.32,557.46,810.49,689.5,809.64,7.0,8.0,181.45,102.3
2019-10-08,5738.9,689.64,818.42,897.78,248.37,830.02,461.38,831.36,849.34,1365.2,559.69,815.58,707.22,811.24,7.0,8.0,181.45,102.3
2019-10-09,5809.59,705.16,834.01,930.16,253.03,842.58,465.38,836.9,858.78,1348.44,577.73,831.31,711.14,820.21,7.0,8.0,181.45,102.3
2019-10-10,5814.44,705.16,831.74,926.37,253.99,841.49,467.3,837.25,859.6,1352.24,587.71,828.85,714.95,828.14,7.0,8.0,181.45,102.3
2019-10-11,5834.66,706.03,835.32,937.42,259.27,852.31,474.87,836.68,856.62,1349.03,586.27,842.63,720.17,830.79,7.0,8.0,181.45,102.3
2019-10-14,5870.09,716.88,839.65,956.39,264.9,851.57,487.6,838.99,867.73,1357.44,599.01,834.51,723.14,833.43,7.0,8.0,181.45,102.3
2019-10-15,5840.48,708.9,837.63,937.6,264.62,842.1,480.92,835.6,859.14,1359.61,595.3,824.1,713.57,841.9,7.0,8.0,181.45,102.3
2019-10-16,5836.62,707.13,840.05,940.93,262.13,835.48,480.35,838.44,856.28,1354.96,590.13,820.42,705.3,843.49,7.0,8.0,181.45,102.3
2019-10-17,5860.09,709.7,839.07,942.09,261.78,840.44,478.45,841.59,881.18,1357.4,595.53,829.92,706.06,863.01,7.0,8.0,181.45,102.3
2019-10-18,5863.48,710.76,844.18,936.12,259.03,836.16,480.91,836.77,878.35,1346.34,597.23,830.86,705.56,889.45,7.0,8.0,181.45,102.3
2019-10-21,5863.99,712.86,842.95,945.58,258.75,833.22,480.91,839.64,865.06,1343.81,594.85,831.37,705.57,885.24,7.0,8.0,181.45,102.3
2019-10-22,5880.4,715.98,844.64,953.76,263.12,831.69,483.08,839.73,858.33,1346.65,606.97,830.81,711.0,887.34,7.0,8.0,181.45,102.3
2019-10-23,5888.34,715.13,846.43,958.66,262.61,832.04,487.79,843.4,863.6,1340.32,615.07,833.63,709.87,879.42,7.0,8.0,181.45,102.3
2019-10-24,5916.28,714.18,851.98,964.97,271.03,836.64,495.81,844.95,872.98,1337.81,619.97,836.99,716.86,892.1,7.0,8.0,181.45,102.3
2019-10-25,5935.26,716.17,849.02,967.39,270.81,848.46,489.93,847.25,877.14,1341.68,633.4,836.59,715.6,902.65,7.0,8.0,181.45,102.3
2019-10-28,5946.08,716.71,849.68,977.95,270.58,851.53,495.3,847.79,880.7,1342.29,633.88,835.6,706.09,919.57,7.0,8.0,181.45,102.3
2019-10-29,5964.25,719.96,849.46,966.84,269.5,857.9,496.51,851.68,880.45,1352.61,637.3,831.72,710.15,926.44,7.0,8.0,181.45,102.3
2019-10-30,5957.27,717.51,852.17,965.77,269.04,859.28,543.14,846.16,867.76,1350.75,639.3,830.92,716.12,940.17,7.0,8.0,181.45,102.3
2019-10-31,5990.24,722.45,856.53,998.39,267.95,868.34,542.17,849.57,870.14,1346.91,652.85,832.57,713.56,952.31,7.0,8.0,181.45,102.3
2019-11-01,6032.08,726.65,858.49,1002.03,269.37,871.16,543.89,865.06,870.1,1347.8,655.2,840.04,716.26,958.64,7.0,8.0,180.37,102.6
2019-11-04,6010.18,727.57,850.02,996.71,267.15,871.14,541.56,863.96,867.26,1361.5,646.61,824.87,714.19,950.72,7.0,8.0,180.37,102.6
2019-11-05,5993.66,726.83,850.54,1026.75,265.76,870.27,537.54,853.58,863.07,1363.83,642.3,824.1,716.44,950.18,7.0,8.0,180.37,102.6
2019-11-06,5956.52,721.34,846.31,1009.11,262.9,865.97,529.4,849.71,874.98,1358.38,629.11,818.33,713.46,931.17,7.0,8.0,180.37,102.6
2019-11-07,5932.07,716.32,838.0,999.56,262.02,859.85,527.34,852.17,856.73,1356.99,618.25,808.87,709.83,932.23,7.0,8.0,180.37,102.6
2019-11-08,5954.62,720.28,841.45,998.04,264.07,862.43,527.81,858.46,840.45,1355.69,623.56,806.26,708.57,936.98,7.0,8.0,180.37,102.6
2019-11-13,5989.42,722.1,848.89,1011.13,266.57,863.6,535.47,866.39,840.74,1360.46,632.79,805.81,709.92,940.69,7.0,8.0,180.37,102.6
2019-11-14,5980.07,722.52,848.25,1006.62,265.77,863.99,536.56,864.46,816.16,1354.35,633.45,808.47,716.16,934.87,7.0,8.0,180.37,102.6
2019-11-15,6023.02,725.64,860.16,1014.25,270.87,869.16,538.72,866.71,850.98,1355.23,643.1,808.42,711.71,952.29,7.0,8.0,180.37,102.6
2019-11-18,6129.56,736.29,886.05,1040.26,282.23,887.9,544.23,876.58,870.93,1363.2,663.45,829.46,716.19,970.24,7.0,8.0,180.37,102.6
2019-11-19,6142.76,742.75,889.67,1040.55,280.86,892.64,541.73,876.11,868.92,1363.42,671.62,828.38,724.42,961.8,7.0,8.0,180.37,102.6
2019-11-20,6138.59,732.94,875.41,1042.69,278.28,888.59,599.51,892.25,849.86,1354.22,681.41,815.24,715.14,958.64,7.0,8.0,180.37,102.6
2019-11-21,6138.33,730.54,879.46,1053.62,274.78,888.22,627.16,890.91,850.0,1351.2,680.12,813.41,745.54,961.8,7.0,8.0,180.37,102.6
2019-11-22,6119.27,727.86,881.73,1038.63,275.0,886.21,618.24,879.68,858.83,1357.39,681.06,819.15,747.13,965.51,7.0,8.0,180.37,102.6
2019-11-25,6083.74,721.62,878.8,1023.2,273.09,884.47,604.67,873.82,854.57,1354.02,677.08,814.92,736.66,952.85,7.0,8.0,180.37,102.6
2019-11-26,6094.85,723.58,880.44,1043.64,272.43,879.01,607.59,875.61,859.83,1360.19,681.71,813.5,729.72,956.02,7.0,8.0,180.37,102.6
2019-11-27,6118.87,724.31,891.59,1043.73,275.18,879.92,614.31,876.96,861.75,1349.65,699.49,816.98,748.99,953.91,7.0,8.0,180.37,102.6
2019-11-28,6201.12,733.87,913.15,1042.47,276.05,886.53,626.02,891.52,859.78,1345.12,711.6,826.16,784.96,979.27,7.0,8.0,180.37,102.6
2019-11-29,6211.97,735.77,917.28,1035.21,278.47,888.77,618.08,891.42,853.99,1349.9,710.27,819.92,781.8,989.3,7.0,8.0,180.37,102.6
2019-12-02,6215.23,729.49,915.45,1029.87,289.58,887.58,609.33,893.07,854.27,1386.82,713.49,824.7,771.93,981.89,7.0,8.0,181.25,103.1
2019-12-03,6214.99,726.44,917.25,1043.96,287.19,889.86,603.83,894.27,854.79,1384.89,710.97,832.49,784.27,973.46,7.0,8.0,181.25,103.1
2019-12-04,6206.4,723.89,912.19,1044.69,284.96,897.27,598.97,892.24,845.99,1386.63,710.39,847.57,794.71,971.86,7.0,8.0,181.25,103.1
2019-12-05,6160.88,717.01,907.56,1029.66,281.13,891.75,596.78,887.02,842.6,1382.69,697.87,836.33,777.46,961.29,7.0,8.0,181.25,103.1
2019-12-06,6149.57,719.64,907.78,1013.75,279.23,885.26,598.97,883.53,859.55,1385.86,695.15,837.17,776.12,954.42,7.0,8.0,181.25,103.1
2019-12-09,6103.63,714.81,889.71,994.02,277.74,886.35,582.57,880.6,840.67,1378.91,686.0,820.38,758.97,951.26,7.0,8.0,181.25,103.1
2019-12-10,6060.2,710.17,876.74,985.56,275.93,877.59,581.76,875.41,830.05,1378.91,678.3,814.15,754.07,946.5,7.0,8.0,181.25,103.1
2019-12-12,6099.66,710.41,878.73,992.18,279.07,901.04,587.04,877.69,851.45,1377.11,688.65,823.64,770.88,951.26,7.0,8.0,181.25,103.1
2019-12-13,6089.67,710.43,883.66,1005.53,278.68,894.81,589.81,876.8,834.83,1380.09,687.36,823.61,756.49,936.47,7.0,8.0,181.25,103.1
2019-12-16,6057.0,706.84,880.28,1000.97,275.82,888.14,582.04,873.7,817.55,1378.4,677.5,820.09,756.87,922.22,7.0,8.0,181.25,103.1
2019-12-17,6062.33,708.06,881.75,992.71,276.55,885.7,584.03,875.13,827.1,1376.37,675.95,810.21,754.23,925.92,7.0,8.0,181.25,103.1
2019-12-18,6059.09,708.89,887.34,1002.49,274.5,880.74,576.96,871.79,832.31,1376.63,673.89,810.15,761.02,921.68,7.0,8.0,181.25,103.1
2019-12-19,6045.27,707.23,888.95,992.55,274.75,888.35,577.54,864.37,818.78,1376.63,674.42,807.85,752.0,915.89,7.0,8.0,181.25,103.1
2019-12-20,6044.73,705.56,887.58,994.44,275.91,885.39,573.52,866.47,818.61,1362.51,674.02,811.13,756.82,921.68,7.0,8.0,181.25,103.1
2019-12-23,6031.81,699.06,888.89,995.0,275.6,887.68,572.27,862.95,820.38,1359.56,675.04,804.87,757.62,916.92,7.0,8.0,181.25,103.1
2019-12-24,6053.12,703.64,891.02,1013.2,272.32,895.41,581.31,866.49,821.44,1364.08,681.55,818.32,753.54,913.76,7.0,8.0,181.25,103.1
2019-12-26,6086.69,707.85,894.26,1013.36,273.37,902.75,590.12,873.24,822.51,1365.82,690.61,827.99,764.46,917.46,7.0,8.0,181.25,103.1
2019-12-27,6122.64,712.16,894.88,1017.54,273.84,926.4,592.15,878.24,819.24,1367.06,692.58,825.24,771.45,923.79,7.0,8.0,181.25,103.1
2019-12-30,6156.0,708.34,895.83,1002.41,274.04,980.46,583.55,881.27,819.5,1389.77,680.65,814.79,757.8,914.27,7.0,8.0,181.25,103.1
2019-12-31,6129.21,700.74,898.74,998.21,274.26,961.74,579.12,875.44,815.38,1392.45,681.21,814.64,756.69,921.65,7.0,8.0,181.25,103.1
2020-01-02,6108.53,700.12,892.95,991.52,273.29,952.45,572.94,873.61,818.06,1391.05,679.26,812.85,760.76,917.98,7.0,8.0,181.4,104.8
2020-01-03,6111.28,698.1,890.58,985.61,271.95,965.4,584.43,869.86,817.84,1390.11,682.11,814.55,754.03,935.96,7.0,8.0,181.4,104.8
2020-01-06,6069.93,689.66,878.94,970.03,268.05,954.91,565.21,867.38,839.94,1377.77,670.84,818.3,738.2,938.6,7.0,8.0,181.4,104.8
2020-01-07,6026.09,683.36,872.25,950.23,265.73,943.38,562.04,865.57,821.81,1375.49,652.02,809.27,732.23,930.68,7.0,8.0,181.4,104.8
2020-01-08,5898.84,664.27,852.3,931.32,260.05,915.58,527.37,855.27,804.9,1358.01,622.46,777.34,702.76,904.81,7.0,8.0,181.4,104.8
2020-01-09,5987.55,673.07,870.12,963.82,264.2,945.4,550.16,861.43,808.09,1371.41,652.78,803.14,708.99,912.19,7.0,8.0,181.4,104.8
2020-01-13,5980.67,667.46,873.16,965.74,264.78,932.47,542.89,864.59,810.06,1335.8,656.46,804.87,713.74,915.33,7.0,8.0,181.4,104.8
2020-01-14,5968.63,670.41,875.68,956.27,259.81,930.74,552.96,856.37,810.48,1338.71,652.19,791.9,737.96,921.68,7.0,8.0,181.4,104.8
2020-01-16,5940.99,666.32,867.72,951.32,256.79,927.65,549.08,850.92,809.08,1349.69,648.24,792.08,726.22,913.24,8.0,7.0,181.4,104.8
2020-01-17,5932.92,659.53,863.66,960.71,254.16,925.65,548.44,855.16,816.15,1339.82,648.08,787.97,722.98,918.52,7.0,8.0,181.4,104.8
2020-01-20,5906.2,657.72,862.52,951.34,257.36,921.81,546.89,844.3,820.57,1342.74,647.36,787.31,726.47,918.52,7.0,8.0,181.4,104.8
2020-01-21,5914.33,669.27,869.38,957.13,257.05,914.32,542.19,842.65,811.78,1343.69,648.7,792.86,727.63,907.97,7.0,8.0,181.4,104.8
2020-01-22,5941.42,675.51,876.95,966.02,262.32,923.99,546.91,856.46,814.14,1341.21,653.4,794.35,737.22,915.35,7.0,8.0,181.4,104.8
2020-01-23,5984.5,683.71,876.52,970.49,264.09,921.01,545.83,873.72,820.14,1371.93,671.81,806.35,745.87,921.68,7.0,8.0,181.4,104.8
2020-01-24,5991.29,682.84,877.57,971.09,263.4,914.98,553.43,865.27,817.93,1354.82,675.17,798.68,746.06,914.81,7.0,8.0,181.4,104.8
2020-01-27,5934.63,674.51,865.03,960.81,256.25,898.62,549.87,857.85,819.8,1365.4,668.88,800.28,736.47,907.95,7.0,8.0,181.4,104.8
2020-01-28,5884.81,672.73,851.98,950.75,254.45,899.22,543.19,851.26,811.65,1339.23,657.53,788.05,730.94,918.0,7.0,8.0,181.4,104.8
2020-01-29,5936.3,672.67,860.73,957.9,255.37,909.45,551.1,860.39,830.03,1336.84,666.07,801.67,737.11,914.84,7.0,8.0,181.4,104.8
2020-01-30,5927.72,674.35,860.33,955.15,253.34,905.55,551.1,855.36,830.86,1364.7,651.82,793.87,738.41,915.89,6.5,7.5,181.4,104.8
2020-01-31,5929.76,673.71,859.69,961.28,251.88,913.21,544.44,858.85,831.56,1366.12,657.37,798.9,726.18,926.44,6.5,7.5,181.4,104.8
2020-02-03,5931.04,676.32,858.18,964.69,249.59,897.64,541.16,857.13,837.48,1345.55,652.25,795.1,723.26,911.14,6.5,7.5,181.56,104.8
2020-02-05,5942.07,676.7,858.81,978.0,252.24,898.48,546.32,869.78,825.35,1356.62,662.14,802.44,729.98,914.84,6.5,7.5,181.56,104.8
2020-02-06,5948.27,672.93,853.49,982.12,252.82,898.41,543.22,875.13,832.26,1348.65,662.17,811.26,732.57,925.41,6.5,7.5,181.56,104.8
2020-02-07,5942.53,670.95,860.11,1001.65,251.46,895.24,545.85,866.84,822.9,1350.72,663.85,808.73,730.41,911.14,6.5,7.5,181.56,104.8
2020-02-10,5933.75,671.3,852.87,995.67,251.34,890.1,527.55,877.8,820.44,1403.42,661.0,803.88,726.65,909.03,6.5,7.5,181.56,104.8
2020-02-11,5899.06,666.21,841.75,987.91,246.51,888.13,510.05,865.17,813.06,1365.31,653.33,781.03,717.03,906.38,6.5,7.5,181.56,104.8
2020-02-12,5878.44,661.12,841.44,978.32,242.23,883.93,513.52,870.0,814.35,1356.91,648.91,799.2,720.97,918.0,6.5,7.5,181.56,104.8
2020-02-13,5857.3,655.31,834.53,970.88,243.82,879.85,507.15,863.35,814.68,1364.63,645.93,778.07,717.63,918.52,6.5,7.5,181.56,104.8
2020-02-14,5829.21,655.44,834.32,970.08,238.87,875.13,503.6,855.31,818.01,1366.15,642.78,761.35,707.34,912.73,6.5,7.5,181.56,104.8
2020-02-17,5814.27,656.69,833.45,952.48,234.74,877.0,491.54,855.77,810.22,1358.21,639.15,771.11,693.61,922.25,6.5,7.5,181.56,104.8
2020-02-18,5831.01,660.48,837.9,946.47,238.42,874.72,494.27,854.23,809.49,1360.44,638.83,762.58,702.87,918.54,6.5,7.5,181.56,104.8
2020-02-19,5847.83,668.84,834.53,944.01,243.36,881.07,505.12,861.27,808.77,1357.17,641.12,771.23,692.17,926.98,6.5,7.5,181.56,104.8
2020-02-20,5830.51,665.77,829.59,928.69,239.3,873.58,507.48,862.87,810.85,1351.78,634.67,770.53,691.2,921.71,6.5,7.5,181.56,104.8
2020-02-24,5797.3,661.67,820.85,914.0,236.61,865.72,505.73,854.76,802.42,1381.41,627.69,758.96,706.35,918.54,6.5,7.5,181.56,104.8
2020-02-25,5730.93,657.08,805.57,895.91,234.01,854.93,492.18,848.51,803.36,1373.34,610.79,762.02,680.53,905.86,6.5,7.5,181.56,104.8
2020-02-26,5643.62,642.58,792.16,856.64,229.63,829.04,483.33,833.9,800.26,1355.93,596.75,737.16,674.53,891.07,6.5,7.5,181.56,104.8
2020-02-27,5667.87,644.6,797.45,862.34,231.62,825.58,494.07,845.37,803.34,1369.3,596.25,748.65,673.06,896.86,6.5,7.5,181.56,104.8
2020-02-28,5592.92,638.81,786.48,840.85,228.24,827.09,482.35,833.02,794.4,1359.76,590.32,738.7,660.69,882.59,6.5,7.5,181.56,104.8
2020-03-02,5614.29,638.87,794.35,875.19,226.26,815.98,494.21,808.9,794.8,1338.55,607.83,743.82,666.84,877.83,6.5,7.5,185.06,103.9
2020-03-03,5618.41,639.59,795.71,875.5,230.57,819.61,495.66,826.89,806.8,1353.98,603.58,748.64,664.46,873.61,6.5,7.5,185.06,103.9
2020-03-04,5535.45,627.41,781.91,848.8,225.02,800.12,487.18,821.45,787.51,1338.2,572.08,740.21,653.24,839.79,6.5,7.5,185.06,103.9
2020-03-05,5484.25,614.35,769.52,837.07,216.52,788.63,478.24,807.67,777.09,1339.37,561.41,736.02,638.82,851.41,6.5,7.5,185.06,103.9
2020-03-06,5343.15,600.88,743.87,812.58,210.91,764.17,468.8,795.48,759.5,1315.46,549.12,717.19,614.63,808.13,6.5,7.5,185.06,103.9
2020-03-10,5121.91,575.72,705.92,757.31,203.84,731.38,483.95,753.55,757.32,1268.15,525.55,696.04,585.14,757.97,6.5,7.5,185.06,103.9
2020-03-11,5204.52,585.77,726.11,769.66,218.17,771.12,480.59,769.94,782.84,1278.97,539.93,702.13,595.17,793.85,6.5,7.5,185.06,103.9
2020-03-12,5019.55,558.83,685.12,705.03,198.06,715.35,446.39,736.84,738.83,1259.07,508.39,690.38,555.39,735.26,6.5,7.5,185.06,103.9
2020-03-13,4874.73,543.69,672.93,684.59,193.9,698.72,441.86,724.97,724.09,1220.99,494.28,682.09,563.69,713.58,6.5,7.5,185.06,103.9
2020-03-20,4571.63,469.79,608.27,589.75,188.69,638.28,424.74,696.46,660.46,1191.45,435.67,637.6,534.18,636.44,6.25,7.25,185.06,103.9
2020-05-11,4392.43,418.35,566.01,555.89,172.04,612.57,408.75,664.57,628.37,1122.11,415.6,614.76,504.16,626.93,5.5,6.5,187.87,104.5
2020-05-12,4247.95,415.04,537.03,517.93,164.89,621.29,393.56,651.5,655.91,1109.86,429.23,585.55,506.42,631.64,5.5,6.5,187.87,104.5
2020-05-13,4367.25,425.62,549.71,568.29,174.89,649.05,413.57,657.68,681.73,1056.01,461.73,641.85,535.32,642.72,5.5,6.5,187.87,104.5
2020-05-14,4393.54,417.35,543.65,572.55,180.26,648.17,429.96,664.45,705.07,1171.5,478.28,633.71,544.09,665.97,5.5,6.5,187.87,104.5
2020-05-15,4439.04,436.53,537.11,585.11,181.29,654.46,435.44,688.68,748.01,1174.98,487.03,665.3,545.19,693.44,5.5,6.5,187.87,104.5
2020-05-18,4606.85,451.66,568.9,627.79,184.41,691.3,451.43,702.42,755.12,1168.72,512.85,683.33,568.29,762.09,5.5,6.5,187.87,104.5
2020-05-19,4701.03,461.64,581.91,646.16,186.83,703.7,464.47,718.88,760.61,1168.88,516.41,698.47,600.55,761.57,5.5,6.5,187.87,104.5
2020-05-20,4655.22,474.7,587.27,627.93,185.79,700.33,454.19,708.47,759.75,1167.71,512.66,687.26,595.88,737.27,5.5,6.5,187.87,104.5
2020-05-21,4784.8,513.95,622.32,651.89,188.52,719.89,455.91,721.71,751.54,1172.4,513.64,707.58,621.21,746.78,5.5,6.5,187.87,104.5
2020-05-22,4799.89,502.97,620.75,658.73,192.57,713.4,452.81,710.09,763.35,1182.04,522.1,690.37,608.49,753.65,5.5,6.5,187.87,104.5
2020-05-26,4780.22,488.25,622.38,662.47,191.92,706.85,447.16,713.69,754.57,1178.34,511.59,666.82,606.74,747.32,5.5,6.5,187.87,104.5
2020-05-27,4800.01,485.92,630.51,658.05,193.04,703.88,441.27,715.14,756.19,1177.21,521.48,678.39,612.81,771.12,5.5,6.5,187.87,104.5
2020-05-28,4887.16,495.82,650.45,676.86,196.75,722.27,445.28,728.77,753.21,1190.12,527.13,690.48,616.16,795.96,5.5,6.5,187.87,104.5
2020-05-29,4846.76,485.42,631.58,669.62,193.63,717.99,446.39,726.89,764.43,1208.03,525.67,691.12,616.32,779.58,5.5,6.5,187.87,104.5
2020-06-01,4795.4,473.22,621.43,658.46,191.32,703.79,444.47,719.68,758.37,1168.46,516.97,690.74,594.79,766.38,5.5,6.5,185.95,105.4
2020-06-02,4790.6,473.45,624.58,661.41,189.37,706.69,444.3,723.1,738.07,1210.73,513.35,664.67,604.48,763.22,5.5,6.5,185.95,105.4
2020-06-03,4782.43,468.75,624.54,665.36,188.01,706.71,444.47,718.91,753.96,1158.6,518.98,670.2,605.65,754.76,5.5,6.5,185.95,105.4
2020-06-04,4781.03,469.56,627.61,677.12,186.25,700.55,446.8,720.4,750.29,1240.82,527.36,662.92,598.74,755.81,5.5,6.5,185.95,105.4
2020-06-08,4841.85,474.49,644.94,708.35,191.16,716.7,457.87,727.25,756.29,1173.98,544.51,675.72,594.87,782.2,5.5,6.5,185.95,105.4
2020-06-09,4913.37,485.94,657.36,725.66,201.41,726.96,461.73,734.96,759.53,1258.67,545.29,702.48,594.17,776.93,5.5,6.5,185.95,105.4
2020-06-10,4917.54,484.96,657.84,726.04,198.38,727.79,469.05,736.71,753.82,1206.88,545.53,703.05,589.53,788.55,5.5,6.5,185.95,105.4
2020-06-11,4917.24,488.72,656.26,725.97,199.2,733.08,463.34,733.17,758.63,1217.79,543.28,701.09,587.38,789.09,5.5,6.5,185.95,105.4
2020-06-12,4914.83,493.11,652.01,718.7,197.65,734.67,463.62,734.62,753.93,1250.53,547.59,701.67,588.9,792.26,5.5,6.5,185.95,105.4
2020-06-15,4910.83,490.34,647.23,715.39,198.63,730.79,460.78,732.15,752.48,1196.05,549.68,695.84,586.46,788.04,5.5,6.5,185.95,105.4
2020-06-16,4915.56,496.04,656.81,724.11,200.06,725.59,464.72,723.86,752.88,1225.18,553.33,697.37,578.78,793.85,5.5,6.5,185.95,105.4
2020-06-17,4958.24,509.13,666.2,727.44,202.59,739.72,460.25,722.82,760.87,1218.46,554.61,699.58,581.91,816.05,5.5,6.5,185.95,105.4
2020-06-18,4976.98,514.29,664.32,731.86,205.03,734.82,486.59,734.91,752.08,1228.93,555.78,707.21,590.79,818.16,5.5,6.5,185.95,105.4
2020-06-19,4990.42,519.75,663.09,744.79,206.48,739.44,481.45,732.28,759.57,1243.9,560.14,711.75,584.74,822.92,5.5,6.5,185.95,105.4
2020-06-22,5046.5,540.4,672.14,753.48,208.15,755.31,492.04,733.05,760.27,1252.72,572.64,711.67,586.54,841.41,5.5,6.5,185.95,105.4
2020-06-23,5083.07,547.88,675.17,766.05,210.88,751.94,498.17,741.8,768.3,1320.41,577.85,694.5,594.79,854.11,5.5,6.5,185.95,105.4
2020-06-24,5111.94,549.52,702.85,765.52,212.13,749.28,490.84,736.53,765.75,1230.84,584.72,697.89,591.18,876.8,5.5,6.5,185.95,105.4
2020-06-25,5145.55,548.46,704.97,793.89,210.0,748.67,538.98,742.7,760.16,1266.44,594.91,710.95,593.95,879.45,5.5,6.5,185.95,105.4
2020-06-26,5163.35,551.94,707.35,799.55,212.62,748.95,547.54,750.27,761.46,1273.86,603.06,713.67,602.47,875.74,5.5,6.5,185.95,105.4
2020-06-29,5153.77,550.22,697.72,789.75,209.7,751.82,544.43,742.69,762.2,1275.63,601.54,706.54,599.91,872.58,5.5,6.5,185.95,105.4
2020-06-30,5149.57,553.12,692.57,779.15,210.46,753.36,532.55,742.45,760.04,1352.24,606.59,708.19,612.38,861.47,5.5,6.5,185.95,105.4
2020-07-01,5148.41,550.81,687.38,786.15,213.06,753.34,538.0,744.19,744.17,1283.21,609.32,708.49,611.42,849.3,5.5,6.5,185.85,105.5
2020-07-02,5109.04,543.96,676.45,776.61,215.27,745.69,533.77,737.56,739.0,1352.47,601.55,716.24,615.79,838.73,5.5,6.5,185.85,105.5
2020-07-03,5050.9,533.32,660.79,739.84,208.44,738.1,521.96,733.17,731.42,1338.54,591.15,706.65,605.59,835.57,5.5,6.5,185.85,105.5
2020-07-06,5075.9,534.73,656.84,766.78,209.73,743.8,519.66,734.45,735.93,1349.44,600.22,706.26,611.73,846.14,5.5,6.5,185.85,105.5
2020-07-07,5081.78,540.57,660.98,764.85,208.41,747.24,517.39,738.81,737.37,1344.96,612.86,718.82,604.34,850.9,5.5,6.5,185.85,105.5
2020-07-08,5069.52,537.16,654.25,764.61,212.69,744.19,523.28,747.46,741.7,1314.48,616.18,713.08,612.94,838.73,5.5,6.5,185.85,105.5
2020-07-09,5090.41,541.72,661.54,782.89,211.9,760.57,516.17,737.66,743.65,1347.2,616.15,714.78,615.23,843.49,4.5,5.5,185.85,105.5
2020-07-10,4992.62,520.83,639.77,747.9,204.25,736.94,503.22,732.04,731.76,1324.27,588.28,689.72,588.13,823.43,4.5,5.5,185.85,105.5
2020-07-13,4879.76,502.22,622.61,740.59,194.89,717.48,489.74,720.68,717.02,1311.07,566.07,677.32,578.06,808.1,4.5,5.5,185.85,105.5
2020-07-14,4947.11,513.41,628.62,748.57,200.47,738.66,488.23,726.58,718.38,1312.06,576.69,682.32,586.48,826.05,4.5,5.5,185.85,105.5
2020-07-15,4916.69,510.3,627.73,750.65,198.62,730.64,483.69,722.85,716.05,1235.12,573.44,678.6,575.02,828.16,4.5,5.5,185.85,105.5
2020-07-16,4953.54,518.95,637.84,756.85,201.71,738.48,494.39,721.24,735.01,1259.85,587.51,688.55,580.35,822.38,4.5,5.5,185.85,105.5
2020-07-17,4988.5,524.04,646.41,767.11,205.3,738.03,503.17,724.74,725.32,1249.04,597.8,697.14,584.49,827.65,4.5,5.5,185.85,105.5
2020-07-20,5038.85,529.78,657.41,782.92,211.37,741.94,514.25,732.48,727.25,1258.77,613.88,706.76,598.93,838.22,4.5,5.5,185.85,105.5
2020-07-21,5034.45,528.36,654.47,776.95,209.91,742.36,508.37,730.44,744.48,1256.33,623.49,698.04,590.23,841.92,4.5,5.5,185.85,105.5
2020-07-22,5019.79,524.43,651.44,771.1,207.38,740.41,504.62,726.22,741.7,1265.4,630.94,702.33,596.13,839.81,4.5,5.5,185.85,105.5
2020-07-23,5040.88,525.08,656.23,784.09,210.17,741.47,509.18,734.54,740.04,1256.8,653.84,724.69,608.21,838.76,4.5,5.5,185.85,105.5
2020-07-24,5065.3,525.36,662.9,786.9,210.47,746.22,522.22,733.23,753.39,1271.18,663.0,721.36,621.9,847.74,4.5,5.5,185.85,105.5
2020-07-27,5105.12,529.56,665.22,789.38,214.98,761.14,510.37,737.35,757.68,1312.28,667.63,747.17,631.23,847.74,4.5,5.5,185.85,105.5
2020-07-28,5099.42,529.85,663.98,796.17,215.43,751.63,501.82,737.12,765.39,1290.51,672.49,740.5,632.81,839.81,4.5,5.5,185.85,105.5
2020-07-29,5094.0,526.75,664.31,797.47,215.3,753.0,507.07,739.17,752.27,1263.32,669.19,739.5,627.46,829.22,4.5,5.5,185.85,105.5
2020-07-30,5088.1,525.73,663.84,788.62,213.49,758.47,499.35,734.64,754.79,1296.82,669.69,739.26,622.85,819.19,4.5,5.5,185.85,105.5
2020-07-31,5124.26,530.42,669.46,802.31,215.55,770.99,502.97,744.05,757.6,1294.58,676.88,736.81,652.43,843.49,4.5,5.5,185.85,105.5
2020-08-04,5166.81,537.86,682.36,813.15,215.71,773.9,505.96,741.03,771.32,1274.39,693.96,738.52,671.7,847.2,4.5,5.5,184.89,105.5
2020-08-05,5146.44,537.79,677.69,807.85,210.91,768.12,505.18,740.84,766.78,1269.65,692.53,741.58,661.49,841.38,4.5,5.5,184.89,105.5
2020-08-06,5176.85,541.01,684.12,808.85,216.37,773.62,518.79,734.55,778.58,1301.42,696.88,739.45,672.15,847.2,4.5,5.5,184.89,105.5
2020-08-07,5176.48,540.65,687.79,806.52,216.69,779.21,508.79,732.85,782.04,1308.96,691.4,731.95,667.53,844.03,4.5,5.5,184.89,105.5
2020-08-10,5150.75,536.08,681.87,796.99,217.39,769.89,507.78,738.54,762.56,1278.88,689.36,725.1,652.59,841.38,4.5,5.5,184.89,105.5
2020-08-11,5196.4,541.61,689.89,801.62,226.07,778.76,506.57,739.26,771.44,1298.95,693.34,741.62,653.76,840.33,4.5,5.5,184.89,105.5
2020-08-12,5220.57,553.44,699.26,805.7,222.92,778.7,508.26,734.43,777.87,1319.44,696.29,733.32,655.44,853.52,4.5,5.5,184.89,105.5
2020-08-13,5235.61,562.44,700.94,797.58,221.37,773.78,505.82,739.36,789.61,1329.13,711.91,733.07,647.41,854.04,4.5,5.5,184.89,105.5
2020-08-14,5261.99,567.67,713.72,790.83,219.69,771.81,504.74,738.24,822.42,1321.69,707.94,724.14,653.22,852.98,4.5,5.5,184.89,105.5
2020-08-17,5251.61,564.31,718.56,787.06,219.6,773.0,499.1,738.79,781.46,1330.43,704.38,730.73,644.28,847.17,4.5,5.5,184.89,105.5
2020-08-18,5279.92,566.65,723.5,794.71,219.69,798.87,497.38,744.07,810.25,1286.23,703.37,731.11,645.98,854.04,4.5,5.5,184.89,105.5
2020-08-19,5351.03,569.23,744.1,796.85,219.77,825.11,521.0,745.84,801.08,1310.21,712.82,732.52,646.74,858.79,4.5,5.5,184.89,105.5
2020-08-20,5360.28,572.92,742.58,802.9,221.07,824.55,518.62,756.24,817.84,1305.83,718.92,741.05,647.51,860.9,4.5,5.5,184.89,105.5
2020-08-21,5382.38,577.03,750.36,802.45,220.84,820.88,535.04,751.59,802.75,1287.13,730.27,737.95,645.74,853.52,4.5,5.5,184.89,105.5
2020-08-24,5385.79,578.39,750.56,803.01,217.53,815.05,534.1,758.08,791.14,1274.22,733.56,724.03,649.19,863.55,4.5,5.5,184.89,105.5
2020-08-25,5363.21,572.28,745.27,801.21,219.53,812.83,528.8,754.31,797.03,1282.14,730.23,730.95,652.37,854.04,4.5,5.5,184.89,105.5
2020-08-26,5335.66,571.37,749.63,800.43,220.35,789.73,528.16,752.52,794.55,1267.98,730.94,735.79,651.31,849.28,4.5,5.5,184.89,105.5
2020-08-27,5333.32,565.98,744.58,798.91,220.52,794.27,529.28,754.63,801.96,1275.13,730.66,736.34,653.52,848.22,4.5,5.5,184.89,105.5
2020-08-28,5320.87,568.86,750.04,803.21,220.61,783.86,530.96,754.05,798.31,1285.31,735.44,737.16,649.06,849.28,4.5,5.5,184.89,105.5
2020-08-31,5329.33,568.24,759.49,809.77,217.06,786.37,526.47,755.27,797.23,1283.02,745.59,740.0,653.77,839.76,4.5,5.5,184.89,105.5
2020-09-02,5359.99,562.93,757.84,802.83,220.97,783.19,524.61,767.18,807.47,1278.7,756.52,744.38,653.61,850.33,4.5,5.5,185.03,106.2
2020-09-03,5350.85,559.46,754.87,802.55,221.12,789.35,525.36,759.94,805.41,1240.93,754.19,731.68,654.3,844.52,4.5,5.5,185.03,106.2
2020-09-04,5311.42,555.62,752.16,803.33,220.03,781.23,524.72,752.18,795.81,1240.27,755.34,729.75,660.93,839.76,4.5,5.5,185.03,106.2
2020-09-07,5310.67,550.86,749.35,802.02,219.93,775.38,521.28,752.15,805.54,1251.44,765.86,731.48,697.51,846.63,4.5,5.5,185.03,106.2
2020-09-08,5316.05,552.25,752.8,810.62,219.55,780.1,518.78,755.56,806.48,1244.49,774.08,756.43,686.62,840.3,4.5,5.5,185.03,106.2
2020-09-09,5370.39,558.51,764.15,816.33,218.1,781.98,521.14,760.99,801.87,1283.52,779.01,745.02,706.41,845.03,4.5,5.5,185.03,106.2
2020-09-10,5399.54,561.54,771.11,827.31,219.66,783.53,526.68,768.03,802.79,1241.4,790.57,748.92,713.95,848.74,4.5,5.5,185.03,106.2
2020-09-11,5438.91,568.01,772.36,830.34,219.97,790.52,528.67,769.08,829.14,1253.19,801.83,754.76,746.59,847.68,4.5,5.5,185.03,106.2
2020-09-14,5490.6,570.42,786.25,855.18,221.2,795.84,542.54,776.18,854.0,1272.19,816.16,775.7,741.69,856.15,4.5,5.5,185.03,106.2
2020-09-15,5533.69,569.5,802.48,895.99,224.67,795.91,550.1,778.05,844.45,1264.84,830.85,782.28,747.91,854.55,4.5,5.5,185.03,106.2
2020-09-16,5585.4,571.87,801.81,909.17,223.43,798.14,583.17,793.38,882.51,1256.41,855.57,780.28,750.91,862.47,4.5,5.5,185.03,106.2
2020-09-17,5658.66,596.13,806.23,939.37,225.12,803.03,591.17,797.75,925.31,1334.97,877.51,787.14,762.0,873.04,4.5,5.5,185.03,106.2
2020-09-18,5720.67,605.98,814.91,930.79,225.58,822.0,641.8,802.12,914.04,1307.61,887.18,787.52,761.3,874.1,4.5,5.5,185.03,106.2
2020-09-21,5762.71,604.7,831.0,965.21,229.79,832.55,683.19,805.78,907.5,1329.77,889.91,788.68,773.87,871.99,4.5,5.5,185.03,106.2
2020-09-22,5780.94,597.96,836.07,952.2,230.32,855.37,704.47,810.08,878.97,1277.47,884.55,792.02,769.13,873.04,4.5,5.5,185.03,106.2
2020-09-23,5772.1,595.44,838.33,952.3,228.96,844.65,715.81,809.0,874.8,1309.89,890.11,786.23,776.89,861.96,4.5,5.5,185.03,106.2
2020-09-24,5811.2,596.86,835.06,954.61,231.26,841.65,714.09,816.31,852.0,1328.18,892.88,793.75,783.02,871.45,4.5,5.5,185.03,106.2
2020-09-25,5859.04,598.36,839.35,956.01,233.18,860.78,711.34,840.18,881.99,1330.91,893.69,784.64,786.74,860.36,4.5,5.5,185.03,106.2
2020-09-28,6028.2,598.78,857.98,999.01,236.94,871.98,712.56,896.18,873.75,1310.55,900.53,818.22,824.79,878.29,4.5,5.5,185.03,106.2
2020-09-29,5993.55,593.19,846.93,1015.76,232.27,882.13,710.67,885.57,865.03,1313.77,900.31,807.14,806.13,873.02,4.5,5.5,185.03,106.2
2020-09-30,5984.84,590.74,840.32,1030.78,235.31,879.42,696.96,881.36,876.98,1355.46,903.92,806.55,809.58,885.67,4.5,5.5,185.03,106.2
2020-10-02,6050.17,585.26,852.24,1059.14,236.6,902.56,701.95,887.64,878.31,1333.05,926.99,812.33,838.37,883.56,4.5,5.5,184.44,106.3
2020-10-05,5587.18,541.32,781.9,892.27,219.3,813.83,602.83,807.77,781.84,1295.05,826.37,734.62,738.31,830.25,4.5,5.5,184.44,106.3
2020-10-06,5534.61,541.28,779.41,899.09,213.46,805.54,602.17,794.26,787.83,1256.61,828.71,721.34,744.33,836.06,4.5,5.5,184.44,106.3
2020-10-07,5553.22,541.9,782.06,902.05,214.96,819.55,619.08,809.25,813.01,1284.92,839.69,749.6,757.6,845.55,4.5,5.5,184.44,106.3
2020-10-08,5724.54,556.0,807.47,946.86,219.56,852.67,639.26,833.36,881.77,1276.39,875.29,769.68,802.78,850.31,4.5,5.5,184.44,106.3
2020-10-09,5798.72,563.7,813.65,953.04,227.09,858.59,663.92,834.87,1002.92,1298.76,891.75,763.44,794.02,858.23,4.5,5.5,184.44,106.3
2020-10-12,5841.05,557.85,814.06,969.72,226.48,860.72,665.45,839.22,1033.4,1290.21,949.44,761.05,865.57,850.82,4.5,5.5,184.44,106.3
2020-10-13,5802.97,551.02,807.5,935.18,225.69,848.07,644.05,840.75,987.35,1282.12,1012.99,744.65,842.64,850.85,4.5,5.5,184.44,106.3
2020-10-14,5890.13,565.63,837.44,967.14,227.79,862.28,656.74,840.18,979.79,1286.98,1083.0,764.16,850.17,848.2,4.5,5.5,184.44,106.3
2020-10-15,5920.0,562.47,847.65,957.16,223.3,851.03,666.86,838.98,957.99,1292.48,1098.8,758.53,839.88,850.31,4.5,5.5,184.44,106.3
2020-10-16,5945.79,562.46,846.2,951.7,225.91,862.04,671.36,851.15,961.41,1308.78,1110.65,764.09,841.71,856.12,4.5,5.5,184.44,106.3
2020-10-19,5946.08,562.19,849.19,939.71,223.04,858.99,670.31,845.27,979.84,1303.56,1097.49,749.89,833.0,861.39,4.5,5.5,184.44,106.3
2020-10-20,5934.23,565.19,846.04,941.52,223.13,855.08,676.78,847.03,959.42,1302.26,1087.62,749.2,820.26,859.82,4.5,5.5,184.44,106.3
2020-10-21,5684.67,543.05,799.97,885.91,215.03,810.17,621.84,812.82,963.04,1269.43,1005.82,710.42,779.86,854.01,4.5,5.5,184.44,106.3
2020-10-22,5771.89,545.56,816.34,900.71,222.95,829.27,624.73,834.82,980.66,1278.07,1041.22,735.36,807.19,855.58,4.5,5.5,184.44,106.3
2020-10-23,5768.94,544.71,811.97,911.21,219.43,824.7,619.03,827.89,993.11,1260.96,1030.46,729.83,793.26,847.14,4.5,5.5,184.44,106.3
2020-10-26,5669.33,534.37,792.81,879.29,216.33,808.41,617.14,814.67,969.6,1284.6,997.81,720.3,771.3,845.55,4.5,5.5,184.44,106.3
2020-10-27,5680.28,534.42,793.24,890.98,215.64,809.29,613.59,818.78,948.74,1280.55,1013.55,715.46,767.05,848.71,4.5,5.5,184.44,106.3
2020-10-28,5627.18,529.73,788.94,888.03,213.37,805.25,608.81,801.99,937.83,1288.26,993.79,701.79,753.28,838.68,4.5,5.5,184.44,106.3
2020-10-29,5726.59,537.34,803.82,903.15,217.97,816.37,626.42,823.19,962.6,1284.96,1046.14,725.01,781.03,836.57,4.5,5.5,184.44,106.3
2020-11-02,5713.58,531.26,802.21,892.13,217.76,808.0,643.78,824.58,942.31,1284.32,1039.77,724.95,769.4,844.49,4.5,5.5,184.79,106.8
2020-11-03,5843.27,536.39,826.89,905.54,220.95,835.9,660.67,834.62,962.08,1299.14,1075.71,735.54,794.65,862.96,4.5,5.5,184.79,106.8
2020-11-04,5905.91,541.27,833.87,924.14,221.84,849.56,644.98,838.91,973.99,1303.48,1100.55,742.55,823.93,869.8,4.5,5.5,184.79,106.8
2020-11-05,6004.11,544.79,860.49,940.91,225.41,861.72,646.6,847.49,971.88,1324.31,1167.55,743.97,826.36,890.95,4.5,5.5,184.79,106.8
2020-11-06,6080.09,551.11,888.86,987.4,225.31,866.63,650.18,853.45,982.59,1332.25,1204.22,750.97,857.88,881.97,4.5,5.5,184.79,106.8
2020-11-09,6114.5,549.71,901.92,996.14,219.56,861.95,647.23,855.99,997.88,1337.18,1194.38,745.28,942.15,883.02,4.5,5.5,184.79,106.8
2020-11-10,6095.89,560.76,898.47,992.37,239.44,859.06,634.74,849.23,992.31,1346.45,1128.64,751.16,892.31,885.67,4.5,5.5,184.79,106.8
2020-11-11,6097.93,564.65,904.53,985.81,231.92,854.93,626.97,851.64,987.93,1321.34,1135.22,746.03,903.23,891.51,4.5,5.5,184.79,106.8
2020-11-12,6090.97,552.9,902.54,975.33,230.9,855.36,629.88,855.02,972.31,1320.92,1121.57,745.73,890.47,911.57,4.5,5.5,184.79,106.8
2020-11-13,6082.42,554.02,900.31,966.31,228.37,854.85,632.69,853.78,975.56,1321.4,1117.01,743.69,891.28,906.81,4.5,5.5,184.79,106.8
2020-11-16,6076.92,549.39,898.59,972.59,228.84,849.86,641.9,852.02,976.92,1323.41,1117.32,743.51,887.91,901.03,4.5,5.5,184.79,106.8
2020-11-17,6108.93,547.91,910.27,990.77,231.08,848.92,647.09,851.68,977.06,1325.55,1147.51,738.67,896.62,917.39,4.5,5.5,184.79,106.8
2020-11-18,6108.22,548.06,906.58,993.49,229.08,846.97,637.24,856.24,972.4,1325.86,1154.39,740.79,908.54,910.0,4.5,5.5,184.79,106.8
2020-11-19,6060.89,547.33,899.81,981.39,227.71,841.68,632.88,852.24,964.65,1318.51,1134.47,734.66,893.19,905.76,4.5,5.5,184.79,106.8
2020-11-20,6085.0,547.96,903.69,982.5,227.82,841.63,629.77,861.0,971.15,1324.64,1146.88,732.96,898.92,894.67,4.5,5.5,184.79,106.8
2020-11-23,6072.07,546.71,900.28,987.58,227.38,839.36,628.52,858.3,959.56,1326.05,1141.18,741.67,895.09,893.62,4.5,5.5,184.79,106.8
2020-11-24,6087.66,547.19,909.3,1007.38,231.3,836.73,628.52,856.08,962.49,1332.76,1152.73,747.69,907.68,899.43,4.5,5.5,184.79,106.8
2020-11-25,6141.79,546.67,923.88,1009.01,233.51,844.04,634.1,865.35,967.06,1323.06,1191.52,746.64,913.82,904.19,4.5,5.5,184.79,106.8
2020-11-26,6148.12,548.25,925.8,1016.46,233.59,841.43,627.38,866.44,967.45,1322.66,1197.0,746.92,915.6,902.08,4.5,5.5,184.79,106.8
2020-11-27,6180.86,549.29,932.15,1015.0,237.4,845.46,626.75,869.4,999.07,1321.45,1205.2,745.89,913.47,914.76,4.5,5.5,184.79,106.8
2020-11-30,6243.76,556.29,943.96,1051.81,242.47,846.45,646.51,879.89,1002.2,1322.44,1219.71,751.0,910.79,908.95,4.5,5.5,184.79,106.8
2020-12-01,6317.46,569.12,956.02,1067.74,256.2,856.68,648.12,884.5,1013.91,1328.92,1232.81,758.42,915.01,913.71,4.5,5.5,187.18,107.5
2020-12-02,6345.84,571.75,955.22,1077.58,257.58,861.7,647.32,890.77,1051.84,1338.62,1230.27,776.07,915.56,921.63,4.5,5.5,187.18,107.5
2020-12-03,6359.99,572.85,955.08,1071.43,258.5,863.98,670.91,893.23,1045.14,1344.26,1233.88,796.87,906.75,919.52,4.5,5.5,187.18,107.5
2020-12-04,6397.56,577.86,959.64,1088.82,269.05,872.48,730.75,892.61,1048.26,1336.75,1241.92,800.96,915.33,919.52,4.5,5.5,187.18,107.5
2020-12-07,6473.76,593.87,965.56,1115.33,289.12,878.18,774.34,892.91,1043.83,1362.05,1257.16,805.53,923.2,940.64,4.5,5.5,187.18,107.5
2020-12-08,6564.0,610.2,984.47,1114.04,285.03,901.68,766.87,901.88,1047.95,1368.17,1277.38,806.32,946.04,953.86,4.5,5.5,187.18,107.5
2020-12-09,6605.09,608.49,994.71,1116.39,282.28,905.2,754.04,917.16,1063.46,1367.13,1269.81,810.17,975.56,952.26,4.5,5.5,187.18,107.5
2020-12-10,6609.39,603.59,998.07,1120.36,280.59,903.07,735.83,918.6,1059.81,1372.14,1265.63,801.32,990.81,952.78,4.5,5.5,187.18,107.5
2020-12-11,6614.56,598.53,1001.2,1115.89,277.47,898.55,749.59,925.31,1081.67,1370.95,1275.22,793.43,994.78,949.61,4.5,5.5,187.18,107.5
2020-12-14,6656.64,594.39,1012.67,1116.48,282.57,898.64,739.43,933.09,1168.54,1373.2,1281.53,793.74,1008.61,948.56,4.5,5.5,187.18,107.5
2020-12-15,6631.89,587.0,1007.03,1115.86,279.22,892.31,730.83,934.22,1210.49,1366.83,1277.56,792.96,1002.93,945.39,4.5,5.5,187.18,107.5
2020-12-16,6655.67,585.96,1010.15,1109.62,280.08,893.47,723.6,947.4,1237.28,1364.14,1273.87,788.25,993.72,943.8,4.5,5.5,187.18,107.5
2020-12-17,6624.15,580.7,1004.53,1102.96,280.32,890.12,717.96,941.77,1234.73,1369.85,1272.27,788.84,981.27,941.69,4.5,5.5,187.18,107.5
2020-12-18,6616.95,580.2,996.76,1087.07,277.49,895.63,719.96,941.93,1255.61,1360.0,1278.83,787.06,970.42,934.82,4.5,5.5,187.18,107.5
2020-12-21,6622.71,577.75,999.34,1092.27,277.9,894.01,722.38,942.81,1234.31,1360.04,1303.27,789.5,962.52,923.75,4.5,5.5,187.18,107.5
2020-12-22,6634.92,575.19,999.79,1084.47,276.14,888.6,728.43,947.11,1239.61,1358.68,1326.58,794.22,966.75,931.67,4.5,5.5,187.18,107.5
2020-12-23,6629.02,574.73,995.67,1111.86,274.11,888.11,730.35,946.51,1255.38,1356.27,1323.58,793.91,986.48,927.95,4.5,5.5,187.18,107.5
2020-12-24,6685.64,577.13,1004.74,1139.07,276.44,894.7,730.07,956.98,1269.42,1369.86,1326.61,799.37,1002.28,933.77,4.5,5.5,187.18,107.5
2020-12-28,6704.89,581.47,1014.17,1128.24,276.4,902.03,743.29,954.16,1265.5,1367.44,1331.13,798.96,997.27,940.64,4.5,5.5,187.18,107.5
2020-12-30,6748.01,584.55,1023.72,1135.25,277.83,894.33,743.76,961.28,1277.12,1416.08,1334.68,793.14,1001.58,946.46,4.5,5.5,187.18,107.5
2020-12-31,6774.22,587.3,1023.01,1127.42,277.03,891.64,745.39,967.54,1303.52,1416.12,1351.45,797.96,1009.88,943.3,4.5,5.5,187.18,107.5
2021-01-04,6894.98,599.93,1035.63,1138.63,277.11,905.88,752.49,999.68,1299.91,1421.09,1372.72,806.63,1014.37,946.46,4.5,5.5,190.49,108.0
2021-01-05,6978.86,605.92,1048.55,1205.84,278.34,915.62,774.08,1015.39,1279.09,1420.0,1385.42,807.13,1026.04,952.27,4.5,5.5,190.49,108.0
2021-01-06,7036.76,604.86,1059.3,1227.46,279.31,928.51,788.17,1027.4,1277.08,1429.77,1385.5,811.85,1032.32,970.22,4.5,5.5,190.49,108.0
2021-01-07,7097.84,603.96,1067.5,1208.14,278.67,954.5,769.87,1046.34,1268.12,1431.51,1378.01,805.63,1023.06,988.6,4.5,5.5,190.49,108.0
2021-01-08,7119.53,608.79,1063.44,1199.98,275.92,959.86,780.19,1046.46,1267.98,1428.63,1378.74,802.33,1030.12,984.39,4.5,5.5,190.49,108.0
2021-01-11,7203.63,607.6,1083.67,1206.02,276.19,961.23,781.77,1062.66,1263.1,1421.95,1392.33,794.78,1040.77,1001.79,4.5,5.5,190.49,108.0
2021-01-12,7282.24,605.58,1081.01,1196.32,277.18,1004.46,776.6,1063.55,1245.38,1390.96,1485.57,795.38,1084.85,1007.05,4.5,5.5,190.49,108.0
2021-01-13,7443.23,602.11,1110.75,1240.09,275.18,1082.57,776.77,1075.99,1249.9,1397.89,1540.26,800.82,1085.31,1010.2,4.5,5.5,190.49,108.0
2021-01-15,7734.57,616.22,1170.78,1252.6,278.21,1201.72,812.91,1092.34,1267.13,1402.41,1598.62,810.88,1104.1,1062.87,4.5,5.5,190.49,108.0
2021-01-18,7922.66,644.3,1209.21,1236.0,284.84,1341.2,854.52,1090.53,1240.55,1418.04,1617.66,829.07,1094.3,1033.84,4.5,5.5,190.49,108.0
2021-01-19,7808.97,692.87,1188.58,1253.09,280.33,1249.26,869.68,1068.08,1256.97,1420.85,1576.33,823.94,1072.96,1025.98,4.5,5.5,190.49,108.0
2021-01-20,7884.45,707.67,1207.11,1247.06,281.92,1261.08,870.15,1069.96,1251.06,1423.2,1613.75,828.07,1074.96,1036.01,4.5,5.5,190.49,108.0
2021-01-21,8131.25,696.32,1301.94,1343.75,285.59,1337.21,849.37,1070.78,1252.98,1428.76,1834.42,834.03,1178.26,1050.24,4.5,5.5,190.49,108.0
2021-01-22,8463.43,708.77,1343.94,1369.44,291.42,1490.39,875.57,1126.34,1245.53,1461.2,1814.72,872.86,1182.98,1025.98,4.5,5.5,190.49,108.0
2021-01-25,8694.35,733.63,1398.35,1357.01,288.47,1527.52,887.14,1144.38,1253.22,1466.18,1948.53,877.0,1191.08,1041.33,4.5,5.5,190.49,108.0
2021-01-26,8665.82,730.62,1394.93,1368.1,283.6,1560.97,854.08,1124.09,1228.64,1482.51,1971.37,878.94,1160.2,1032.36,4.5,5.5,190.49,108.0
2021-01-27,8812.01,712.93,1463.35,1359.7,281.96,1736.15,857.23,1114.74,1186.92,1479.49,1950.24,899.01,1135.3,1031.31,4.5,5.5,190.49,108.0
2021-01-29,8668.07,742.08,1435.97,1311.01,275.86,1700.08,830.11,1092.17,1155.64,1468.21,1868.57,921.95,1086.42,1015.46,4.5,5.5,190.49,108.0
2021-02-01,8567.07,720.61,1412.14,1271.76,273.87,1671.33,787.26,1094.43,1179.94,1468.14,1838.23,886.93,1071.3,994.92,4.5,5.5,194.07,108.4
2021-02-02,8005.32,673.6,1278.91,1189.21,264.73,1548.24,753.13,1037.06,1103.83,1425.78,1688.35,839.32,999.8,963.79,4.5,5.5,194.07,108.4
2021-02-03,8244.5,693.73,1321.53,1230.75,267.97,1607.48,793.73,1053.17,1161.1,1450.61,1784.77,851.48,1033.82,984.89,4.5,5.5,194.07,108.4
2021-02-05,8275.37,691.16,1323.09,1267.72,270.05,1577.31,795.12,1056.51,1158.45,1448.17,1868.45,852.56,1059.0,993.31,4.5,5.5,194.07,108.4
2021-02-08,8113.26,671.79,1291.29,1260.42,267.36,1495.51,762.91,1038.34,1146.95,1440.55,1950.88,845.82,1043.08,986.44,4.5,5.5,194.07,108.4
2021-02-09,7963.77,662.61,1261.63,1239.15,264.56,1451.08,759.41,1027.75,1133.42,1451.29,1897.96,834.24,1012.65,964.78,4.5,5.5,194.07,108.4
2021-02-10,7732.43,650.98,1219.8,1177.61,259.47,1417.64,722.01,996.4,1100.22,1431.02,1729.8,818.46,987.62,961.13,4.5,5.5,194.07,108.4
2021-02-11,7597.81,640.68,1190.32,1163.96,255.87,1384.95,706.71,985.1,1050.51,1407.11,1698.23,828.05,982.49,950.05,4.5,5.5,194.07,108.4
2021-02-12,7985.0,665.27,1276.44,1209.58,260.81,1494.77,763.73,1030.74,1089.42,1434.23,1765.19,846.96,1002.42,973.75,4.5,5.5,194.07,108.4
2021-02-15,7907.27,661.06,1294.77,1220.77,260.54,1466.92,735.27,1006.37,1089.78,1421.84,1725.91,833.05,988.84,983.84,4.5,5.5,194.07,108.4
2021-02-16,7580.91,644.38,1234.71,1158.51,254.21,1335.02,696.39,982.12,1068.91,1380.36,1633.31,815.92,945.85,978.58,4.5,5.5,194.07,108.4
2021-02-17,7588.34,641.43,1251.15,1156.95,251.61,1315.14,680.35,979.86,1055.29,1387.87,1674.1,826.14,944.48,975.92,4.5,5.5,194.07,108.4
2021-02-18,7736.36,643.24,1283.08,1201.32,254.14,1390.8,733.51,989.59,1051.3,1391.95,1732.68,830.41,966.53,966.45,4.5,5.5,194.07,108.4
2021-02-19,7797.94,647.57,1273.7,1226.61,263.85,1439.07,711.02,999.46,1064.17,1391.69,1727.98,827.75,957.46,971.71,4.5,5.5,194.07,108.4
2021-02-22,7597.51,639.6,1226.44,1181.48,255.94,1369.19,679.97,984.89,1056.46,1383.21,1650.06,818.98,928.9,983.96,4.5,5.5,194.07,108.4
2021-02-23,7329.21,622.2,1155.91,1125.18,251.45,1321.49,657.6,959.55,1027.5,1364.29,1541.38,801.84,898.78,971.27,4.5,5.5,194.07,108.4
2021-02-24,7371.86,618.68,1171.59,1142.79,250.02,1313.94,654.83,968.71,1047.51,1404.8,1568.47,801.67,909.57,966.01,4.5,5.5,194.07,108.4
2021-02-25,7476.34,632.61,1184.44,1144.22,250.61,1331.6,664.52,977.73,1062.46,1398.94,1591.71,800.81,916.93,971.27,4.5,5.5,194.07,108.4
2021-03-01,7438.13,632.39,1177.87,1150.86,251.06,1320.21,677.41,966.25,1053.77,1396.33,1567.24,795.15,944.35,973.38,4.5,5.5,196.98,108.2
2021-03-02,7343.38,625.09,1162.78,1131.89,249.23,1293.39,675.52,953.12,1052.51,1399.87,1536.51,791.07,932.14,972.33,4.5,5.5,196.98,108.2
2021-03-03,7193.09,613.18,1124.18,1107.23,244.25,1244.53,663.97,951.64,1024.83,1395.94,1468.4,765.87,904.42,966.01,4.5,5.5,196.98,108.2
2021-03-04,7002.04,607.26,1086.18,1090.14,243.67,1180.41,650.88,927.26,995.47,1372.72,1410.47,760.83,878.25,961.8,4.5,5.5,196.98,108.2
2021-03-05,7054.49,609.28,1102.01,1078.89,240.82,1190.95,640.2,936.62,980.45,1371.11,1454.6,769.32,875.7,952.34,4.5,5.5,196.98,108.2
2021-03-08,7318.43,627.29,1160.75,1119.92,242.42,1249.45,665.83,960.48,1005.73,1391.95,1569.24,799.02,880.52,970.28,4.5,5.5,196.98,108.2
2021-03-09,7296.88,630.59,1155.22,1129.43,247.27,1245.26,656.0,955.83,1019.19,1391.2,1543.51,801.92,879.1,967.68,4.5,5.5,196.98,108.2
2021-03-10,7212.66,619.11,1139.65,1116.64,245.45,1219.34,653.32,947.3,999.4,1372.0,1529.86,799.57,888.65,965.58,4.5,5.5,196.98,108.2
2021-03-12,7247.48,625.0,1147.91,1114.68,245.9,1226.54,646.22,943.33,1003.72,1385.07,1545.52,794.31,908.07,976.66,4.5,5.5,196.98,108.2
2021-03-15,7160.41,622.75,1126.89,1095.01,239.52,1207.01,639.26,939.38,981.31,1375.78,1511.54,787.14,887.96,969.29,4.5,5.5,196.98,108.2
2021-03-16,7119.7,621.07,1114.34,1100.23,237.12,1199.79,627.43,936.02,967.75,1377.67,1492.93,782.71,892.61,970.9,4.5,5.5,196.98,108.2
2021-03-17,7044.56,614.23,1102.97,1094.57,236.24,1173.57,623.82,929.49,963.23,1367.42,1464.27,773.58,881.26,967.19,4.5,5.5,196.98,108.2
2021-03-18,6930.76,610.51,1080.59,1058.4,232.17,1149.11,618.15,918.71,960.19,1356.47,1407.44,774.74,865.2,952.4,4.5,5.5,196.98,108.2
2021-03-19,6854.32,610.63,1064.22,1059.97,230.67,1115.84,609.85,908.04,962.88,1367.79,1379.13,762.59,843.99,956.11,4.5,5.5,196.98,108.2
2021-03-22,6966.71,611.83,1089.27,1055.55,233.3,1153.83,618.41,918.58,997.79,1372.76,1420.14,763.32,874.14,956.6,4.5,5.5,196.98,108.2
2021-03-23,6979.29,614.45,1098.57,1064.45,231.98,1152.61,616.69,919.53,985.18,1372.38,1431.17,758.33,876.58,948.68,4.5,5.5,196.98,108.2
2021-03-24,7135.84,630.65,1126.18,1094.87,236.69,1198.02,618.88,933.43,999.61,1362.87,1491.98,766.67,885.12,953.45,4.5,5.5,196.98,108.2
2021-03-25,7099.13,627.76,1115.98,1098.15,239.16,1180.58,603.22,932.93,1020.39,1363.74,1472.91,784.95,869.9,955.55,4.5,5.5,196.98,108.2
2021-03-26,7097.39,630.77,1117.82,1098.09,236.93,1175.22,598.72,934.61,985.6,1370.71,1474.73,776.39,870.55,951.84,4.5,5.5,196.98,108.2
2021-03-29,7127.69,635.45,1126.4,1099.21,239.76,1172.19,603.05,937.59,1021.6,1418.96,1488.79,785.59,885.45,955.55,4.5,5.5,196.98,108.2
2021-03-30,7115.12,634.6,1120.92,1102.61,239.88,1164.53,605.49,932.22,994.82,1426.25,1479.79,776.13,872.54,966.63,4.5,5.5,196.98,108.2
2021-03-31,7121.28,622.87,1120.71,1098.61,239.56,1167.83,628.45,938.04,1014.49,1430.46,1476.82,792.71,884.59,963.47,4.5,5.5,196.98,108.2
2021-04-01,7193.28,624.33,1146.17,1109.67,240.15,1182.8,627.31,944.12,1021.03,1425.38,1503.31,808.11,882.66,963.97,4.5,5.5,197.42,108.1
2021-04-05,7217.83,615.98,1159.67,1113.2,239.92,1184.84,643.33,945.02,1010.99,1417.33,1561.16,811.91,884.86,964.46,4.5,5.5,197.42,108.1
2021-04-06,7280.27,623.61,1188.82,1140.07,241.0,1183.03,630.86,938.39,1011.88,1419.76,1630.77,809.82,895.81,982.91,4.5,5.5,197.42,108.1
2021-04-07,7310.26,627.31,1196.94,1149.36,244.42,1198.9,630.5,938.69,1000.75,1420.3,1635.71,806.27,895.51,977.65,4.5,5.5,197.42,108.1
2021-04-08,7412.46,636.17,1208.27,1176.66,244.23,1241.46,638.47,945.67,1008.53,1427.45,1669.1,820.5,904.33,986.62,4.5,5.5,197.42,108.1
2021-04-09,7458.27,635.93,1224.76,1178.46,244.67,1254.19,641.82,949.03,1011.1,1412.77,1668.71,823.61,929.05,995.04,4.5,5.5,197.42,108.1
2021-04-12,7558.28,638.92,1251.63,1192.51,242.89,1269.71,658.65,959.45,1041.03,1416.85,1691.14,824.39,978.25,999.8,4.5,5.5,197.42,108.1
2021-04-15,7644.38,638.02,1272.27,1192.7,245.91,1322.42,663.39,959.9,1029.91,1418.73,1734.74,828.59,995.57,1002.96,4.5,5.5,197.42,108.1
2021-04-16,7600.57,637.53,1267.88,1202.05,247.32,1301.77,653.65,952.49,1027.95,1419.53,1728.25,818.7,986.77,998.75,4.5,5.5,197.42,108.1
2021-04-19,7553.5,632.29,1255.65,1193.22,245.9,1289.16,646.05,951.47,1034.15,1420.19,1715.96,813.98,970.68,996.09,4.5,5.5,197.42,108.1
2021-04-20,7355.11,622.67,1205.77,1154.29,243.28,1239.58,621.25,936.12,1031.56,1411.62,1630.17,806.8,931.45,982.91,4.5,5.5,197.42,108.1
2021-04-21,7433.44,622.2,1225.03,1157.15,244.09,1259.84,633.38,946.18,1033.22,1409.8,1662.33,803.16,951.1,982.91,4.5,5.5,197.42,108.1
2021-04-22,7327.91,614.47,1203.56,1169.68,239.58,1230.9,619.36,937.9,1009.72,1409.29,1623.14,771.34,925.91,978.14,4.5,5.5,197.42,108.1
2021-04-23,7232.65,606.08,1178.77,1156.62,236.05,1208.08,616.64,932.65,1024.63,1405.43,1585.74,762.31,919.61,970.22,4.5,5.5,197.42,108.1
2021-04-27,7066.7,590.09,1141.71,1148.06,233.68,1170.33,592.57,918.76,1004.83,1379.33,1548.41,750.33,890.81,953.39,4.5,5.5,197.42,108.1
2021-04-28,7239.94,598.68,1186.03,1172.27,234.79,1222.63,602.5,930.16,1030.3,1398.99,1609.65,767.91,924.04,949.18,4.5,5.5,197.42,108.1
2021-04-29,7216.7,596.23,1173.12,1156.22,238.65,1217.74,600.53,926.85,1048.34,1390.93,1594.44,767.75,919.26,961.8,4.5,5.5,197.42,108.1
2021-04-30,7208.2,600.1,1175.82,1168.13,232.61,1211.56,601.28,931.7,1052.25,1353.09,1593.7,766.49,915.39,949.67,4.5,5.5,197.42,108.1
2021-05-03,7215.6,594.55,1166.37,1145.86,231.73,1238.34,595.64,940.94,1063.89,1343.93,1557.85,781.88,901.63,957.6,4.5,5.5,199.58,109.3
2021-05-04,7111.45,593.29,1143.79,1141.48,229.73,1206.25,584.56,926.49,1067.78,1332.15,1530.1,763.88,899.09,953.39,4.5,5.5,199.58,109.3
2021-05-05,7145.97,600.0,1146.92,1139.26,231.09,1220.98,593.1,934.31,1071.81,1347.85,1555.49,763.55,912.52,956.05,4.5,5.5,199.58,109.3
2021-05-06,7188.09,600.94,1147.53,1145.62,229.95,1218.6,595.19,942.81,1071.95,1345.98,1566.28,750.61,907.15,957.6,4.5,5.5,199.58,109.3
2021-05-07,7242.0,602.78,1172.16,1161.3,230.9,1231.25,599.83,944.58,1061.18,1355.51,1589.2,758.06,912.68,951.28,4.5,5.5,199.58,109.3
2021-05-10,7135.8,597.77,1152.61,1145.28,228.42,1206.71,586.09,929.91,1068.46,1324.91,1553.46,761.36,902.46,944.41,4.5,5.5,199.58,109.3
2021-05-11,7143.38,598.81,1154.17,1163.32,228.17,1209.9,592.22,927.82,1096.79,1328.05,1559.93,760.7,899.36,945.47,4.5,5.5,199.58,109.3
2021-05-12,7161.77,598.76,1160.28,1158.7,228.93,1207.91,591.42,930.03,1100.34,1352.24,1557.88,760.83,898.78,937.54,4.5,5.5,199.58,109.3
2021-05-13,7228.23,603.13,1163.54,1161.39,229.32,1224.62,593.31,945.3,1105.42,1353.36,1590.18,760.92,909.64,937.54,4.5,5.5,199.58,109.3
2021-05-17,7350.14,615.02,1191.38,1170.3,231.03,1254.8,598.3,949.29,1160.18,1352.18,1633.89,769.63,933.68,949.18,4.5,5.5,199.58,109.3
2021-05-18,7355.14,618.94,1191.12,1183.47,232.88,1240.49,599.36,951.8,1148.29,1350.23,1646.68,763.99,920.43,957.6,4.5,5.5,199.58,109.3
2021-05-19,7341.03,619.22,1187.07,1179.52,231.5,1248.39,594.22,948.06,1158.35,1345.74,1619.19,758.73,909.88,961.8,4.5,5.5,199.58,109.3
2021-05-20,7293.59,614.8,1177.15,1174.26,230.46,1239.84,610.43,946.61,1141.4,1343.94,1590.61,764.23,903.65,958.65,4.5,5.5,199.58,109.3
2021-05-21,7220.72,612.56,1160.13,1169.6,230.14,1221.05,588.74,935.44,1130.4,1337.47,1567.47,755.94,896.75,962.36,4.5,5.5,199.58,109.3
2021-05-24,7233.58,613.68,1164.76,1166.02,229.57,1225.13,593.35,938.54,1129.25,1337.93,1565.12,763.69,898.12,957.1,4.5,5.5,199.58,109.3
2021-05-25,7278.24,624.79,1160.56,1176.61,230.37,1244.43,597.27,940.1,1131.31,1340.57,1568.39,764.21,909.33,962.36,4.5,5.5,199.58,109.3
2021-05-28,7333.42,630.27,1178.16,1184.96,230.64,1266.92,598.07,937.42,1136.25,1345.28,1581.32,769.5,916.84,965.52,4.5,5.5,199.58,109.3
2021-05-31,7403.44,632.8,1200.05,1189.07,232.18,1288.57,660.4,938.19,1211.69,1357.42,1576.1,767.76,944.66,976.1,4.5,5.5,199.58,109.3
2021-06-01,7450.54,643.84,1198.05,1192.41,235.57,1306.09,678.67,948.04,1181.91,1359.25,1585.56,779.12,945.91,980.31,4.5,5.5,199.82,110.9
2021-06-02,7436.55,643.83,1195.54,1186.37,235.34,1304.44,672.99,944.19,1159.8,1359.82,1592.7,779.72,938.94,980.31,4.5,5.5,199.82,110.9
2021-06-03,7516.2,649.54,1214.55,1197.51,237.42,1328.95,666.67,950.18,1166.67,1360.61,1627.63,791.99,938.45,975.54,4.5,5.5,199.82,110.9
2021-06-04,7567.38,654.59,1216.15,1203.43,237.92,1368.11,644.58,950.54,1156.47,1353.05,1625.75,792.78,939.73,985.57,4.5,5.5,199.82,110.9
2021-06-07,7591.9,655.33,1220.64,1221.33,238.34,1374.85,643.87,955.87,1138.82,1352.91,1624.88,797.64,940.49,984.52,4.5,5.5,199.82,110.9
2021-06-08,7542.2,649.53,1212.97,1205.23,236.87,1360.61,645.09,950.3,1134.16,1350.71,1618.56,790.72,938.65,975.54,4.5,5.5,199.82,110.9
2021-06-09,7564.26,651.24,1214.25,1203.16,237.11,1359.16,653.27,959.88,1133.5,1348.7,1635.35,785.64,940.67,971.33,4.5,5.5,199.82,110.9
2021-06-10,7601.16,657.57,1224.37,1210.49,238.08,1362.54,648.22,958.14,1125.4,1364.75,1652.38,782.57,948.4,981.36,4.5,5.5,199.82,110.9
2021-06-11,7610.3,658.56,1215.28,1203.7,239.08,1386.37,648.39,959.52,1133.91,1356.89,1633.31,779.95,950.52,986.68,4.5,5.5,199.82,110.9
2021-06-14,7582.27,657.14,1204.6,1186.25,236.55,1377.52,713.15,958.31,1137.05,1360.5,1629.59,779.85,941.77,981.92,4.5,5.5,199.82,110.9
2021-06-15,7605.53,653.57,1200.18,1175.62,238.99,1413.2,700.15,961.43,1120.49,1361.22,1624.09,779.98,942.04,975.6,4.5,5.5,199.82,110.9
2021-06-16,7641.19,655.08,1205.1,1184.82,237.68,1432.76,712.5,960.43,1102.47,1364.62,1638.54,780.85,945.76,976.66,4.5,5.5,199.82,110.9
2021-06-17,7659.0,654.43,1203.94,1176.44,238.52,1446.58,689.24,958.43,1132.14,1365.47,1665.35,777.45,945.64,974.55,4.5,5.5,199.82,110.9
2021-06-18,7715.46,654.77,1203.48,1169.38,240.01,1500.65,698.73,959.56,1136.52,1364.46,1668.86,780.85,947.81,986.12,4.5,5.5,199.82,110.9
2021-06-21,7726.73,654.08,1197.66,1171.4,241.13,1523.54,687.55,965.97,1137.99,1360.79,1643.69,783.34,966.68,976.67,4.5,5.5,199.82,110.9
2021-06-22,7743.71,646.28,1177.4,1157.8,241.82,1547.96,675.25,985.67,1143.56,1361.63,1620.22,786.94,957.63,984.6,4.5,5.5,199.82,110.9
2021-06-23,7742.14,649.24,1184.72,1159.16,240.54,1572.26,684.47,967.98,1140.34,1363.47,1616.86,785.46,959.38,991.47,4.5,5.5,199.82,110.9
2021-06-25,7809.15,649.92,1196.67,1164.56,243.56,1636.89,682.44,967.92,1143.1,1369.89,1633.76,792.79,962.69,957.02,4.5,5.5,199.82,110.9
2021-06-28,7877.84,649.17,1191.02,1166.34,242.14,1706.36,664.27,980.39,1148.66,1372.45,1626.47,807.66,958.24,953.3,4.5,5.5,199.82,110.9
2021-06-29,7856.64,645.63,1173.12,1166.39,240.12,1764.77,666.2,967.03,1123.21,1358.71,1604.7,805.49,955.61,946.43,4.5,5.5,199.82,110.9
2021-06-30,7837.76,636.07,1164.49,1170.43,238.57,1800.39,663.57,961.75,1110.78,1354.6,1585.48,800.3,949.56,932.69,4.5,5.5,199.82,110.9
2021-07-01,7728.61,637.74,1159.69,1176.31,239.42,1671.98,665.29,960.76,1106.81,1357.0,1580.85,797.71,942.24,943.76,4.5,5.5,199.98,111.5
2021-07-02,7746.56,635.39,1170.94,1175.68,239.45,1643.83,655.44,969.02,1127.67,1361.2,1596.2,810.12,951.0,948.53,4.5,5.5,199.98,111.5
2021-07-05,7794.21,630.37,1165.73,1182.53,239.02,1715.41,658.1,969.8,1153.48,1351.23,1600.8,805.16,956.99,939.56,4.5,5.5,199.98,111.5
2021-07-06,7792.21,626.45,1158.69,1181.97,239.55,1731.92,642.28,971.35,1146.8,1345.62,1589.46,790.96,961.16,937.94,4.5,5.5,199.98,111.5
2021-07-07,7809.38,625.93,1161.29,1191.98,245.09,1734.18,649.24,974.11,1133.5,1352.66,1599.47,793.96,956.79,937.94,4.5,5.5,199.98,111.5
2021-07-08,7811.61,628.32,1169.22,1188.22,243.47,1729.49,635.17,970.52,1135.54,1349.26,1599.48,790.45,956.41,934.79,4.5,5.5,199.98,111.5
2021-07-09,7852.19,631.87,1174.46,1218.36,247.98,1748.04,642.58,970.59,1129.07,1350.21,1599.02,792.71,963.64,936.89,4.5,5.5,199.98,111.5
2021-07-12,7866.47,633.44,1183.41,1245.9,258.8,1721.38,634.36,970.48,1142.68,1374.43,1611.38,795.55,953.15,925.82,4.5,5.5,199.98,111.5
2021-07-13,7913.47,634.0,1194.46,1261.84,263.79,1726.33,642.28,974.29,1132.37,1380.13,1642.15,799.89,964.97,937.94,4.5,5.5,199.98,111.5
2021-07-14,7939.35,635.89,1196.85,1267.07,272.06,1726.08,656.57,977.96,1156.2,1381.91,1644.56,799.58,975.12,932.69,4.5,5.5,199.98,111.5
2021-07-15,7986.45,635.86,1208.28,1276.76,287.78,1716.94,660.01,987.85,1142.15,1385.41,1659.08,807.05,983.43,936.89,4.5,5.5,199.98,111.5
2021-07-16,7966.95,635.38,1205.0,1286.77,282.58,1683.12,641.75,991.17,1148.77,1385.75,1658.15,805.34,998.67,936.89,4.5,5.5,199.98,111.5
2021-07-19,8022.55,634.45,1224.49,1304.15,277.42,1686.94,650.99,991.12,1140.54,1386.33,1669.95,795.84,1011.85,932.69,4.5,5.5,199.98,111.5
2021-07-20,8068.33,630.8,1233.32,1327.05,276.82,1706.01,649.29,995.7,1146.13,1357.61,1701.02,797.35,1010.96,934.22,4.5,5.5,199.98,111.5
2021-07-22,8136.76,622.88,1236.25,1346.64,275.51,1783.67,636.39,994.12,1142.24,1352.94,1725.9,795.22,1010.47,933.65,4.5,5.5,199.98,111.5
2021-07-26,8122.73,618.38,1231.8,1347.91,276.79,1833.65,626.38,992.96,1142.88,1355.04,1715.54,794.15,1009.28,929.45,4.5,5.5,199.98,111.5
2021-07-27,8092.98,615.95,1221.52,1326.98,277.18,1806.37,628.77,986.84,1137.08,1346.93,1707.04,798.06,1006.62,909.89,4.5,5.5,199.98,111.5
2021-07-28,8096.98,618.5,1217.57,1373.29,280.4,1794.02,626.26,985.71,1135.32,1349.42,1726.86,800.13,1005.24,909.89,4.5,5.5,199.98,111.5
2021-07-29,8140.76,622.59,1230.26,1412.05,284.02,1793.55,628.18,991.19,1150.08,1346.24,1728.84,804.15,1004.16,918.29,4.5,5.5,199.98,111.5
2021-07-30,8120.48,622.56,1226.86,1398.18,287.88,1783.56,627.79,987.88,1147.05,1365.78,1705.57,807.3,1005.56,911.42,4.5,5.5,199.98,111.5
2021-08-02,8148.02,618.44,1226.19,1380.12,285.91,1803.15,625.43,989.36,1151.97,1364.88,1705.63,803.18,985.98,900.35,4.5,5.5,200.5,111.8
2021-08-03,8222.55,616.2,1250.92,1416.96,279.2,1824.62,618.41,988.66,1155.06,1360.82,1734.52,798.32,997.36,905.6,4.5,5.5,200.5,111.8
2021-08-04,8210.31,618.07,1252.13,1459.23,280.27,1810.83,619.49,988.75,1152.81,1361.73,1724.96,803.14,992.67,903.97,4.5,5.5,200.5,111.8
2021-08-05,8011.94,611.05,1216.19,1427.66,270.48,1752.44,610.75,968.63,1155.17,1352.37,1654.47,783.03,965.7,895.0,4.5,5.5,200.5,111.8
2021-08-06,8099.12,614.39,1218.55,1484.13,272.91,1774.37,610.0,981.53,1157.96,1353.45,1667.32,798.25,969.92,927.26,4.5,5.5,200.5,111.8
2021-08-09,8101.39,612.84,1214.18,1541.13,274.07,1771.63,600.06,982.35,1160.1,1354.21,1632.08,814.99,973.12,910.94,4.5,5.5,200.5,111.8
2021-08-10,8070.88,610.45,1208.81,1619.68,270.36,1743.76,599.22,975.37,1168.39,1351.12,1599.86,806.32,970.34,915.14,4.5,5.5,200.5,111.8
2021-08-11,8095.57,612.49,1209.93,1698.59,272.32,1748.93,594.58,974.86,1170.02,1353.27,1608.58,819.04,985.28,915.71,4.5,5.5,200.5,111.8
2021-08-12,7980.91,609.33,1183.34,1755.32,268.5,1708.58,638.95,968.09,1151.77,1349.49,1550.92,817.53,956.01,910.37,4.5,5.5,200.5,111.8
2021-08-13,7996.04,612.87,1183.56,1829.26,264.21,1719.24,609.87,967.88,1164.56,1354.68,1544.36,819.72,957.63,913.04,4.5,5.5,200.5,111.8
2021-08-16,7937.28,612.02,1175.35,1844.29,263.2,1675.67,617.36,971.0,1232.37,1343.92,1537.81,804.48,977.04,913.04,4.5,5.5,200.5,111.8
2021-08-17,8134.52,617.18,1195.28,1761.96,260.91,1851.85,610.51,982.58,1204.74,1338.38,1561.24,806.25,977.04,913.04,4.5,5.5,200.5,111.8
2021-08-18,8342.85,617.09,1211.59,1856.1,264.89,1967.52,608.79,983.19,1175.14,1346.71,1568.11,811.8,957.69,911.99,4.5,5.5,200.5,111.8
2021-08-19,8260.08,618.2,1193.56,1776.37,265.46,1928.98,610.01,979.25,1149.16,1356.76,1546.85,809.45,943.58,918.29,5.0,6.0,200.5,111.8
2021-08-20,8240.06,617.68,1184.23,1779.18,261.69,1901.54,607.54,969.31,1137.17,1351.17,1534.89,814.92,943.6,911.42,5.0,6.0,200.5,111.8
2021-08-23,8479.65,621.5,1222.39,1930.85,259.63,2054.94,610.61,979.04,1152.5,1351.59,1535.77,801.56,935.04,906.65,5.0,6.0,200.5,111.8
2021-08-24,8667.95,624.35,1236.74,1888.44,262.69,2226.59,612.2,987.3,1157.08,1343.92,1560.05,800.48,935.43,890.8,5.0,6.0,200.5,111.8
2021-08-25,8756.63,625.12,1236.86,1856.68,276.57,2290.65,617.94,988.26,1178.98,1343.9,1558.21,800.26,949.29,895.58,5.0,6.0,200.5,111.8
2021-08-26,8920.71,654.68,1264.11,1932.6,285.99,2259.79,628.84,990.84,1193.54,1340.8,1573.86,818.47,940.43,891.85,5.0,6.0,200.5,111.8
2021-08-27,8931.33,642.19,1279.07,1860.81,279.21,2239.69,616.6,1020.02,1175.79,1327.8,1614.92,810.43,938.34,883.36,5.0,6.0,200.5,111.8
2021-08-30,8894.44,629.55,1267.15,1814.86,273.36,2211.93,626.0,1022.43,1177.43,1303.87,1599.47,803.9,925.51,870.67,5.0,6.0,200.5,111.8
2021-08-31,8997.6,635.38,1270.64,1871.51,276.48,2232.22,629.27,1029.86,1184.22,1296.35,1609.38,807.36,923.05,866.47,5.0,6.0,200.5,111.8
2021-09-01,9163.13,630.81,1323.18,1878.85,277.76,2233.23,629.68,1045.61,1196.58,1306.93,1637.73,805.22,918.31,870.19,5.0,6.0,201.99,112.2
2021-09-02,9335.98,634.48,1356.51,1929.59,279.3,2291.11,637.79,1057.33,1294.62,1323.95,1657.38,809.27,940.51,855.97,5.0,6.0,201.99,112.2
2021-09-03,9316.65,633.07,1348.58,1923.1,284.07,2260.75,644.54,1052.26,1354.07,1298.7,1652.31,837.06,948.65,859.12,5.0,6.0,201.99,112.2
2021-09-06,9227.88,629.06,1326.45,1880.74,285.51,2238.05,642.74,1049.44,1361.96,1301.1,1624.56,826.1,939.91,887.47,5.0,6.0,201.99,112.2
2021-09-07,9092.74,628.66,1300.01,1847.21,282.6,2163.31,643.79,1030.23,1316.38,1296.11,1595.75,808.46,926.75,897.97,5.0,6.0,201.99,112.2
2021-09-08,8764.21,626.74,1267.92,1812.31,277.47,2036.02,620.83,1005.62,1282.73,1284.62,1559.43,795.13,914.94,893.2,5.0,6.0,201.99,112.2
2021-09-09,8986.4,633.33,1286.06,1841.62,287.71,2106.11,629.44,1026.82,1332.03,1291.55,1584.6,820.48,929.71,897.97,5.0,6.0,201.99,112.2
2021-09-10,8865.3,631.82,1264.76,1782.94,286.36,2041.1,624.81,1012.47,1321.68,1284.65,1552.35,810.03,937.37,913.72,5.0,6.0,201.99,112.2
2021-09-13,8536.88,623.03,1234.31,1742.92,282.86,1955.61,613.0,986.18,1294.09,1287.71,1504.5,796.95,930.98,906.85,5.0,6.0,201.99,112.2
2021-09-14,8692.6,623.09,1259.81,1785.36,298.12,1994.66,616.13,997.0,1316.25,1296.37,1532.66,806.64,937.51,907.42,5.0,6.0,201.99,112.2
2021-09-15,8931.21,627.14,1278.45,1860.91,313.46,2066.79,617.11,1016.72,1337.12,1296.59,1555.63,811.88,934.01,908.47,5.0,6.0,201.99,112.2
2021-09-16,8848.04,628.04,1260.8,1824.75,306.6,2027.83,613.11,1011.74,1339.07,1304.33,1540.64,806.6,921.6,907.42,5.0,6.0,201.99,112.2
2021-09-17,8801.95,627.67,1250.25,1792.09,302.39,2025.55,615.34,1001.23,1333.47,1302.86,1542.74,800.4,925.76,901.12,5.0,6.0,201.99,112.2
2021-09-21,8770.39,624.61,1243.7,1798.38,332.95,2009.26,617.94,999.54,1321.88,1286.12,1528.04,795.74,916.86,893.68,5.0,6.0,201.99,112.2
2021-09-22,8788.05,623.56,1261.67,1783.86,323.72,1993.09,618.27,998.72,1317.28,1285.33,1534.37,797.75,920.51,891.1,5.0,6.0,201.99,112.2
2021-09-23,8830.35,626.64,1262.75,1792.03,317.02,2017.64,617.44,1000.88,1302.62,1291.98,1532.34,794.82,925.36,897.97,5.0,6.0,201.99,112.2
2021-09-24,8940.11,629.65,1282.56,1815.1,323.92,2068.53,620.41,1010.4,1323.61,1285.23,1542.56,803.75,931.13,912.1,5.0,6.0,201.99,112.2
2021-09-27,9269.65,627.85,1301.41,1838.65,321.73,2357.97,651.21,1020.5,1311.66,1293.02,1551.7,803.58,924.6,906.37,5.0,6.0,201.99,112.2
2021-09-28,9339.28,624.98,1312.33,1823.97,323.73,2347.62,637.28,1023.85,1308.08,1327.31,1556.48,799.75,932.52,896.83,5.0,6.0,201.99,112.2
2021-09-29,9433.77,627.09,1345.76,1817.48,338.75,2391.1,651.13,1037.94,1298.23,1332.71,1556.68,825.8,938.14,898.93,5.0,6.0,201.99,112.2
2021-09-30,9459.94,636.29,1359.92,1830.2,350.92,2365.94,665.4,1035.31,1304.56,1328.06,1561.88,827.24,946.63,903.7,5.0,6.0,201.99,112.2
2021-10-01,9442.3,634.52,1352.82,1817.3,357.88,2337.38,680.21,1032.27,1301.85,1328.42,1546.1,830.45,948.95,900.55,5.0,6.0,201.09,114.4
2021-10-04,9542.33,637.5,1365.11,1811.63,362.34,2420.54,742.02,1037.16,1305.36,1335.22,1540.83,827.68,957.96,895.3,5.0,6.0,201.09,114.4
2021-10-05,9533.64,649.21,1363.4,1790.7,385.27,2426.26,711.33,1034.91,1305.53,1329.99,1535.06,843.41,972.59,898.45,5.0,6.0,201.09,114.4
2021-10-06,9626.45,682.14,1374.89,1796.98,387.14,2452.08,716.07,1035.62,1299.99,1341.42,1548.4,867.04,973.38,911.14,5.0,6.0,201.09,114.4
2021-10-07,9671.0,681.13,1372.85,1791.35,376.67,2439.44,707.3,1047.22,1306.32,1345.83,1548.42,860.42,962.06,915.91,5.0,6.0,201.09,114.4
2021-10-08,9678.89,674.33,1375.79,1787.82,383.11,2444.81,754.95,1051.74,1324.85,1345.6,1581.65,845.77,970.41,907.51,5.0,6.0,201.09,114.4
2021-10-11,9649.26,664.4,1371.35,1782.27,377.94,2441.7,849.61,1044.65,1328.19,1350.21,1587.63,859.72,969.42,921.73,5.0,6.0,201.09,114.4
2021-10-12,9640.36,665.88,1364.26,1783.34,374.46,2443.76,827.02,1053.62,1330.97,1352.57,1573.19,853.75,968.04,919.63,5.0,6.0,201.09,114.4
2021-10-13,9497.49,661.64,1332.45,1720.82,366.63,2381.62,799.31,1039.13,1306.98,1346.0,1562.27,851.52,944.79,912.19,5.0,6.0,201.09,114.4
2021-10-14,9621.65,663.15,1343.26,1736.5,371.23,2454.24,813.38,1041.04,1320.69,1346.02,1576.59,850.13,963.38,922.78,5.0,6.0,201.09,114.4
2021-10-15,9623.81,660.63,1354.67,1735.83,369.76,2457.81,806.94,1044.41,1314.07,1350.38,1566.03,851.89,956.02,921.73,5.0,6.0,201.09,114.4
2021-10-18,9709.14,662.47,1356.7,1742.26,366.98,2566.62,816.35,1043.5,1307.0,1359.42,1570.83,850.83,952.62,922.78,5.0,6.0,201.09,114.4
2021-10-21,9881.5,664.1,1362.67,1734.94,361.66,2741.57,807.98,1043.87,1337.19,1337.75,1579.2,847.79,949.21,918.49,5.0,6.0,201.09,114.4
2021-10-22,9915.22,667.6,1372.56,1809.9,362.36,2680.19,782.3,1048.43,1314.58,1362.72,1599.66,844.83,959.84,912.76,5.0,6.0,201.09,114.4
2021-10-25,10046.8,663.18,1405.47,1898.65,361.7,2718.98,758.85,1050.08,1355.08,1363.65,1609.4,847.21,968.3,906.94,5.0,6.0,201.09,114.4
2021-10-26,10127.04,664.88,1420.78,1868.11,367.6,2730.28,741.86,1064.05,1355.53,1363.07,1621.64,856.98,964.19,909.61,5.0,6.0,201.09,114.4
2021-10-27,10146.9,677.52,1426.33,1856.27,363.29,2781.02,775.6,1066.27,1352.25,1365.98,1628.01,855.81,972.7,902.74,5.0,6.0,201.09,114.4
2021-10-28,10137.85,681.73,1422.46,1851.13,377.35,2768.17,790.58,1062.25,1358.27,1355.68,1635.18,862.62,965.4,917.53,5.0,6.0,201.09,114.4
2021-10-29,10162.93,683.84,1439.19,1850.3,383.13,2741.94,787.21,1069.68,1357.95,1367.54,1644.69,852.45,966.66,918.01,5.0,6.0,201.09,114.4
2021-11-01,10132.12,681.92,1420.49,1832.35,372.47,2779.4,775.86,1061.3,1342.13,1366.84,1622.93,845.74,957.63,907.51,5.0,6.0,201.86,117.4
2021-11-02,10271.71,684.61,1423.83,1847.27,371.32,3002.68,765.79,1070.05,1356.69,1366.61,1624.43,843.39,969.52,908.56,5.0,6.0,201.86,117.4
2021-11-03,10412.02,682.17,1418.55,1834.38,370.42,3175.18,750.1,1068.14,1328.7,1367.11,1618.22,849.31,972.05,918.01,5.0,6.0,201.86,117.4
2021-11-05,10632.21,678.26,1400.46,1811.02,366.95,3540.8,745.52,1063.2,1334.11,1365.95,1601.03,843.31,977.62,907.99,5.0,6.0,201.86,117.4
2021-11-08,10621.4,675.67,1398.45,1902.87,372.92,3442.17,727.14,1080.88,1367.54,1346.22,1596.53,841.99,991.41,908.56,5.0,6.0,201.86,117.4
2021-11-09,10361.8,669.47,1379.64,1822.66,367.4,3155.19,728.56,1064.74,1358.02,1349.88,1545.88,828.1,1000.48,902.74,5.0,6.0,201.86,117.4
2021-11-10,10522.6,677.41,1402.8,1822.56,383.99,3355.06,747.57,1074.76,1366.06,1359.81,1570.97,845.35,1032.16,915.91,5.0,6.0,201.86,117.4
2021-11-11,10686.37,670.83,1401.68,1840.5,380.67,3493.71,750.59,1090.55,1366.44,1351.92,1554.43,849.85,1041.39,913.81,5.0,6.0,201.86,117.4
2021-11-12,10666.54,668.27,1400.78,1866.5,376.35,3507.06,793.31,1089.23,1376.56,1348.05,1556.54,844.52,1050.98,910.66,5.0,6.0,201.86,117.4
2021-11-15,10752.82,652.69,1394.91,1832.43,373.04,3673.89,770.6,1084.22,1385.93,1345.71,1548.14,836.39,1047.54,903.79,5.0,6.0,201.86,117.4
2021-11-16,11008.33,651.55,1388.7,1819.07,367.51,3957.75,763.49,1087.13,1339.08,1355.73,1530.49,823.87,1050.37,911.14,5.0,6.0,201.86,117.4
2021-11-17,11024.89,653.9,1412.95,1831.37,367.51,3798.89,751.5,1081.99,1314.31,1353.19,1555.18,832.99,1039.98,919.54,5.0,6.0,201.86,117.4
2021-11-19,10658.72,653.92,1431.88,1809.83,367.18,3496.13,738.93,1075.08,1334.28,1343.48,1579.58,826.89,1037.46,906.37,5.0,6.0,201.86,117.4
2021-11-22,10817.24,656.97,1431.16,1805.51,362.42,3579.23,792.43,1067.82,1280.52,1345.42,1596.98,821.88,1017.76,902.74,5.0,6.0,201.86,117.4
2021-11-23,10928.6,651.44,1451.5,1848.34,359.15,3680.41,770.81,1083.69,1289.18,1350.07,1612.43,841.34,1027.37,898.54,5.0,6.0,201.86,117.4
2021-11-24,10910.06,647.37,1462.14,1841.6,359.55,3596.03,758.77,1099.78,1310.81,1341.72,1612.79,839.78,1034.09,902.17,5.0,6.0,201.86,117.4
2021-11-25,11025.73,647.08,1491.51,1830.34,361.35,3596.39,770.98,1122.57,1298.64,1331.65,1651.88,835.57,1035.81,927.07,5.0,6.0,201.86,117.4
2021-11-26,11197.68,647.67,1528.86,1853.03,357.63,3690.46,785.19,1121.58,1303.79,1339.12,1675.44,827.09,1047.98,921.73,5.0,6.0,201.86,117.4
2021-11-29,11202.09,640.9,1516.19,1882.74,345.73,3662.0,776.89,1112.04,1307.89,1338.39,1692.71,840.09,1040.09,914.38,5.0,6.0,201.86,117.4
2021-11-30,11440.53,635.14,1531.43,1931.41,344.12,3804.89,776.77,1126.39,1312.89,1380.17,1694.23,837.27,1050.85,914.38,5.0,6.0,201.86,117.4
2021-12-01,11409.88,634.73,1543.16,1893.1,336.87,3711.08,756.6,1126.94,1352.32,1429.6,1679.46,828.81,1058.2,912.76,5.0,6.0,201.4,120.5
2021-12-02,11252.3,636.46,1556.62,1888.91,342.03,3483.49,773.09,1136.88,1419.55,1453.19,1672.35,831.48,1042.6,912.28,5.0,6.0,201.4,120.5
2021-12-03,10988.32,632.6,1546.58,1857.83,335.53,3194.76,808.88,1127.54,1406.89,1439.75,1658.96,824.76,1025.94,921.73,5.0,6.0,201.4,120.5
2021-12-06,11034.41,635.32,1586.03,1859.84,335.22,3155.87,840.1,1135.36,1421.97,1428.46,1681.56,818.57,1044.31,949.51,5.0,6.0,201.4,120.5
2021-12-07,11088.17,633.79,1586.64,1862.12,337.23,3133.58,922.36,1135.49,1437.77,1437.75,1705.1,823.03,1053.06,913.24,5.0,6.0,201.4,120.5
2021-12-08,11021.07,630.14,1581.02,1853.84,345.72,3023.62,1022.78,1132.22,1411.03,1474.2,1722.64,828.78,1080.85,927.46,5.0,6.0,201.4,120.5
2021-12-09,11178.43,632.27,1587.15,1864.27,355.76,3151.62,997.1,1138.8,1418.1,1484.65,1750.27,828.04,1091.25,933.76,5.0,6.0,201.4,120.5
2021-12-10,11393.48,629.68,1625.91,1881.74,352.5,3156.81,967.6,1144.84,1419.92,1498.76,1770.22,847.28,1090.81,926.41,5.0,6.0,201.4,120.5
2021-12-13,11662.38,626.35,1660.44,1896.82,350.02,3394.05,968.02,1142.42,1433.57,1491.94,1784.17,843.98,1099.9,928.51,5.0,6.0,201.4,120.5
2021-12-14,11796.88,624.24,1683.88,1951.16,345.87,3344.86,1137.64,1134.2,1424.77,1442.2,1768.74,847.38,1121.53,933.76,5.0,6.0,201.4,120.5
2021-12-15,11754.46,621.94,1686.29,2030.89,347.72,3311.43,1083.46,1134.14,1405.23,1489.85,1799.06,842.01,1150.85,923.74,5.0,6.0,201.4,120.5
2021-12-16,11678.65,623.57,1676.78,2013.67,350.37,3272.98,1042.34,1132.1,1400.17,1485.61,1800.45,839.35,1146.03,923.74,5.0,6.0,201.4,120.5
2021-12-17,11753.44,619.91,1693.94,1987.7,347.44,3324.34,1082.12,1124.82,1401.79,1486.79,1797.07,847.12,1154.92,923.74,5.0,6.0,201.4,120.5
2021-12-20,11650.1,611.09,1661.0,1938.34,347.11,3280.72,1152.41,1125.6,1398.5,1488.49,1744.79,831.63,1146.38,920.26,5.0,6.0,201.4,120.5
2021-12-21,11640.91,605.88,1663.64,1949.4,337.39,3296.88,1167.17,1124.6,1385.88,1506.97,1735.32,822.64,1132.39,924.31,5.0,6.0,201.4,120.5
2021-12-22,11814.37,604.11,1681.14,1938.42,343.25,3409.06,1504.96,1129.18,1405.54,1515.49,1749.83,838.77,1147.07,930.5,5.0,6.0,201.4,120.5
2021-12-23,11951.23,606.75,1699.46,1994.64,340.75,3451.62,1534.98,1148.0,1429.13,1570.83,1761.8,827.99,1136.54,919.23,5.0,6.0,201.4,120.5
2021-12-24,12070.68,605.85,1713.17,1995.83,344.27,3534.23,1618.48,1158.9,1417.42,1588.77,1774.68,834.88,1152.06,921.29,5.0,6.0,201.4,120.5
2021-12-27,12008.49,604.17,1720.26,1993.59,347.79,3424.06,1608.21,1154.68,1438.55,1587.7,1777.74,873.63,1164.39,921.74,5.0,6.0,201.4,120.5
2021-12-28,11907.7,608.21,1713.95,1996.1,346.96,3388.53,1608.25,1164.48,1400.24,1557.83,1762.11,888.21,1170.09,934.04,5.0,6.0,201.4,120.5
2021-12-29,11915.18,608.69,1719.91,1991.75,351.32,3352.23,1545.99,1169.73,1424.21,1572.78,1771.37,881.64,1199.5,924.31,5.0,6.0,201.4,120.5
2021-12-30,12019.75,614.01,1733.35,1981.17,382.91,3378.83,1523.78,1186.84,1425.05,1650.02,1767.55,890.45,1178.62,933.07,5.0,6.0,201.4,120.5
2021-12-31,12226.01,609.15,1740.3,1973.03,384.03,3439.57,1566.21,1223.63,1434.09,1655.52,1778.3,880.46,1163.17,932.56,5.0,6.0,201.4,120.5
2022-01-03,12625.82,610.79,1776.03,2022.54,383.39,3703.37,1586.24,1258.18,1450.44,1672.21,1795.33,908.57,1196.87,929.47,5.0,6.0,201.46,124.3
2022-01-04,12800.54,612.88,1781.95,2075.87,381.7,3904.85,1542.7,1261.04,1473.8,1640.75,1806.09,1017.68,1217.99,923.86,5.0,6.0,201.46,124.3
2022-01-05,13076.91,607.3,1777.69,2138.13,387.91,4001.01,1522.99,1277.89,1429.53,1636.17,1809.49,963.14,1240.72,926.44,5.0,6.0,201.46,124.3
2022-01-06,13169.4,609.72,1833.16,2173.53,386.27,4117.85,1503.16,1303.87,1458.26,1645.34,1816.9,951.92,1251.34,925.48,5.0,6.0,201.46,124.3
2022-01-07,13280.94,614.67,1881.41,2169.38,387.82,4068.96,1547.81,1318.06,1699.54,1730.54,1830.61,969.61,1378.87,939.32,5.0,6.0,201.46,124.3
2022-01-10,13117.07,640.73,1840.74,2114.01,391.57,3978.13,1502.82,1298.45,1745.33,1613.24,1796.93,937.37,1353.07,956.77,5.0,6.0,201.46,124.3
2022-01-11,13079.65,638.16,1849.68,2089.81,388.6,3959.88,1476.48,1294.65,1761.78,1714.53,1790.04,938.68,1364.61,962.89,5.0,6.0,201.46,124.3
2022-01-12,13122.95,636.97,1849.84,2088.2,391.73,3894.68,1451.89,1304.33,1750.15,1748.73,1805.05,924.43,1483.9,1058.33,5.0,6.0,201.46,124.3
2022-01-13,13338.49,630.68,1906.84,2133.47,394.71,4005.54,1403.45,1297.95,1815.72,1857.53,1791.92,936.74,1517.32,1134.44,5.0,6.0,201.46,124.3
2022-01-18,13457.2,630.45,1917.03,2240.44,410.39,4049.66,1532.55,1306.03,1808.7,1860.59,1825.5,954.18,1581.15,1115.32,5.0,6.0,201.46,124.3
2022-01-19,13462.39,635.08,1921.26,2331.75,414.13,4028.79,1487.01,1307.94,1795.51,1826.36,1865.68,975.82,1562.49,1128.71,5.0,6.0,201.46,124.3
2022-01-20,13361.17,639.03,1902.62,2240.86,420.15,4000.1,1487.42,1298.66,1758.01,1819.48,1915.13,974.35,1489.26,1108.17,5.5,6.5,201.46,124.3
2022-01-21,13371.61,642.8,1901.71,2251.56,416.16,3949.82,1487.04,1300.07,1883.05,1835.61,1916.12,979.49,1518.38,1077.39,5.5,6.5,201.46,124.3
2022-01-24,13384.11,645.5,1910.36,2234.14,414.82,3949.21,1447.04,1302.36,1822.32,1812.23,1904.43,964.09,1634.93,1049.7,5.5,6.5,201.46,124.3
2022-01-25,13210.17,635.27,1868.52,2179.89,404.79,3820.22,1426.11,1294.12,1778.65,1857.21,1869.73,934.15,1591.25,1009.64,5.5,6.5,201.46,124.3
2022-01-26,13065.75,629.91,1867.46,2149.07,400.55,3796.83,1391.15,1292.59,1755.26,1811.55,1844.06,929.47,1573.19,1042.42,5.5,6.5,201.46,124.3
2022-01-27,12885.7,629.41,1859.78,2092.81,395.18,3632.31,1352.67,1261.99,1761.98,1844.31,1810.95,901.28,1592.85,998.57,5.5,6.5,201.46,124.3
2022-01-28,12863.14,628.36,1856.17,2106.26,387.47,3628.0,1322.82,1276.18,1757.33,1889.62,1808.12,898.06,1568.07,989.36,5.5,6.5,201.46,124.3
2022-01-31,13009.5,629.57,1874.14,2114.95,394.67,3677.84,1404.69,1278.42,1902.13,1997.53,1818.99,910.83,1577.79,1043.84,5.5,6.5,201.46,124.3
2022-02-01,12922.12,626.26,1859.7,2108.85,395.02,3624.78,1548.35,1256.99,2098.92,1954.53,1802.99,920.31,1552.14,1038.69,5.5,6.5,201.74,125.8
2022-02-02,12584.02,619.66,1813.43,2046.68,388.67,3491.99,1476.08,1226.35,2096.3,1834.89,1754.71,884.2,1537.73,1006.81,5.5,6.5,201.74,125.8
2022-02-03,12762.6,625.34,1844.37,2048.89,388.98,3687.06,1538.37,1243.12,2066.78,1876.47,1790.64,936.55,1476.43,1026.84,5.5,6.5,201.74,125.8
2022-02-07,12631.69,620.31,1818.02,2012.27,383.48,3685.84,1488.36,1225.26,2074.82,1844.0,1771.22,919.18,1451.36,1006.81,5.5,6.5,201.74,125.8
2022-02-08,12382.47,612.77,1776.03,1968.3,383.15,3616.03,1468.44,1202.11,2031.94,1860.59,1734.58,902.78,1465.12,1007.78,5.5,6.5,201.74,125.8
2022-02-09,12081.69,609.09,1741.16,1907.46,377.37,3448.16,1428.2,1174.58,1976.82,1844.8,1687.99,879.3,1414.76,997.47,5.5,6.5,201.74,125.8
2022-02-10,12207.46,609.43,1751.16,1948.21,380.89,3498.92,1406.62,1190.92,1983.08,1799.77,1693.09,880.71,1398.35,991.36,5.5,6.5,201.74,125.8
2022-02-11,12459.8,615.75,1794.06,1988.39,387.84,3659.32,1459.63,1207.57,1925.64,1842.02,1713.29,891.66,1481.04,991.36,5.5,6.5,201.74,125.8
2022-02-14,12470.81,615.72,1790.29,1960.92,391.02,3640.15,1419.3,1197.8,1973.36,1994.46,1703.33,883.47,1460.78,1071.14,5.5,6.5,201.74,125.8
2022-02-15,12364.8,614.31,1782.28,1936.74,389.38,3668.39,1394.66,1184.52,1942.21,1841.38,1666.28,881.88,1436.42,1060.84,5.5,6.5,201.74,125.8
2022-02-17,12352.38,633.23,1763.62,1905.64,389.45,3640.84,1404.85,1181.88,1922.1,1826.52,1657.69,865.56,1393.23,1044.41,5.5,6.5,201.74,125.8
2022-02-18,12134.04,628.29,1725.76,1864.49,378.0,3514.46,1359.62,1161.54,1901.28,1797.31,1616.65,845.05,1340.11,1039.84,5.5,6.5,201.74,125.8
2022-02-21,11591.37,617.52,1629.37,1797.57,367.03,3280.7,1248.5,1107.05,1790.22,1705.93,1547.04,824.04,1252.12,1010.03,5.5,6.5,201.74,125.8
2022-02-22,11599.98,619.98,1630.22,1795.18,368.81,3207.39,1265.81,1113.33,1746.72,1847.69,1555.45,814.42,1230.87,1031.02,5.5,6.5,201.74,125.8
2022-02-23,11187.58,609.67,1584.85,1783.08,359.28,2984.3,1250.81,1054.63,1694.03,1775.7,1499.7,813.06,1209.06,1002.88,5.5,6.5,201.74,125.8
2022-02-24,10677.34,600.96,1509.08,1667.8,346.34,2778.69,1128.21,1014.82,1564.53,1681.21,1417.71,755.1,1056.62,958.12,5.5,6.5,201.74,125.8
2022-02-25,11128.31,607.55,1568.55,1791.14,360.33,3016.1,1158.11,1055.8,1614.02,1668.38,1482.02,804.79,1198.88,980.79,5.5,6.5,201.74,125.8
2022-02-28,11577.94,619.41,1632.82,1821.44,367.68,3242.78,1240.32,1112.01,1823.38,1852.26,1527.33,832.68,1229.39,1022.78,5.5,6.5,201.74,125.8
2022-03-02,11406.34,613.18,1615.83,1754.12,356.26,3174.52,1370.28,1107.11,1749.03,1747.6,1492.34,808.47,1205.4,1006.87,5.5,6.5,255.81,129.7
2022-03-03,11191.62,610.57,1571.31,1730.21,350.93,3083.86,1313.13,1071.97,1703.36,1701.36,1449.18,791.27,1155.49,1000.82,5.5,6.5,255.81,129.7
2022-03-04,11243.49,611.04,1572.85,1787.81,352.07,3127.22,1324.52,1071.19,1764.11,1732.76,1443.96,801.92,1154.29,983.88,6.5,7.5,255.81,129.7
2022-03-07,10960.49,602.22,1529.95,1713.72,335.86,2952.92,1242.48,1041.06,1696.3,1715.25,1378.83,783.23,1108.98,1000.3,6.5,7.5,255.81,129.7
2022-03-08,10572.21,598.53,1467.31,1697.82,319.4,2764.93,1102.79,1001.17,1627.56,1636.42,1347.03,748.31,1036.62,981.31,6.5,7.5,255.81,129.7
2022-03-09,10163.72,584.67,1417.37,1638.67,319.6,2563.41,1019.94,959.09,1566.4,1579.84,1251.52,722.75,999.93,955.1,6.5,7.5,255.81,129.7
2022-03-10,10856.07,601.27,1554.62,1770.52,337.81,2874.51,1204.0,1053.76,1672.01,1687.16,1379.05,780.2,1055.74,975.64,6.5,7.5,255.81,129.7
2022-03-11,10662.54,592.64,1515.8,1744.81,334.66,2743.83,1233.54,1025.54,1567.39,1629.87,1340.37,749.9,1047.65,959.22,6.5,7.5,255.81,129.7
2022-03-14,10572.26,591.55,1479.21,1742.86,331.39,2695.34,1187.38,1001.96,1597.11,1650.47,1346.29,767.51,1050.79,965.85,6.5,7.5,255.81,129.7
2022-03-15,10284.3,584.47,1439.48,1693.67,329.8,2598.09,1047.29,986.62,1523.35,1566.69,1315.37,731.26,994.61,955.55,6.5,7.5,255.81,129.7
2022-03-16,10222.55,583.37,1460.43,1683.95,325.63,2606.06,1023.9,979.53,1507.84,1604.03,1298.59,732.33,984.87,945.95,6.5,7.5,255.81,129.7
2022-03-18,10353.83,584.03,1492.86,1717.19,327.6,2659.86,1034.32,1005.77,1572.91,1544.43,1309.32,728.15,985.41,964.37,6.5,7.5,255.81,129.7
2022-03-21,10421.74,587.07,1509.07,1746.06,325.99,2677.82,1025.34,1008.98,1564.46,1701.11,1311.67,751.93,977.56,975.12,6.5,7.5,255.81,129.7
2022-03-22,10438.56,588.18,1519.15,1727.44,326.24,2675.18,1014.53,1007.05,1533.15,1696.21,1325.2,741.74,1009.67,971.0,6.5,7.5,255.81,129.7
2022-03-23,10457.81,588.88,1509.07,1734.32,325.72,2620.41,972.08,1000.13,1563.32,1692.86,1317.67,748.26,1010.24,959.28,6.5,7.5,255.81,129.7
2022-03-24,10462.73,585.71,1507.81,1757.79,325.92,2675.75,947.59,994.1,1527.76,1649.93,1301.88,754.54,979.43,957.16,6.5,7.5,255.81,129.7
2022-03-25,10463.68,580.98,1510.11,1747.35,328.51,2701.39,934.53,994.85,1564.45,1676.99,1302.67,748.93,969.09,952.59,6.5,7.5,255.81,129.7
2022-03-28,10178.56,573.56,1463.8,1711.06,320.52,2601.07,872.57,967.49,1540.67,1538.01,1274.26,728.24,951.51,931.01,6.5,7.5,255.81,129.7
2022-03-29,9700.05,551.33,1404.5,1656.81,313.26,2347.39,829.16,904.93,1496.31,1441.5,1203.83,717.09,848.55,912.08,6.5,7.5,255.81,129.7
2022-03-30,9313.82,539.53,1323.36,1601.38,303.09,2262.87,789.62,888.89,1460.06,1551.12,1150.98,691.64,813.68,878.92,6.5,7.5,255.81,129.7
2022-03-31,8845.98,503.29,1270.46,1579.42,291.78,2097.82,796.27,834.31,1399.72,1468.62,1110.24,665.77,801.98,843.56,6.5,7.5,255.81,129.7
2022-04-01,8351.69,480.05,1132.61,1538.75,291.76,1883.91,736.09,811.36,1322.41,1344.52,1054.11,647.13,777.77,843.05,6.5,7.5,319.44,142.1
2022-04-04,8524.93,478.3,1270.03,1565.52,277.51,1885.43,781.93,818.98,1444.79,1488.73,1102.31,649.63,709.64,827.34,6.5,7.5,319.44,142.1
2022-04-05,8727.32,497.55,1282.33,1600.53,287.88,1962.2,828.81,849.0,1391.72,1533.0,1102.03,664.84,815.82,849.36,6.5,7.5,319.44,142.1
2022-04-06,8580.93,481.05,1252.28,1595.25,287.94,1921.36,819.13,839.6,1380.13,1508.01,1088.34,651.14,799.65,842.15,6.5,7.5,319.44,142.1
2022-04-07,8279.24,474.56,1216.58,1608.05,274.86,1777.24,775.61,796.29,1366.77,1466.29,1034.56,636.17,757.34,817.03,6.5,7.5,319.44,142.1
2022-04-08,8143.77,459.65,1201.9,1575.49,275.17,1743.85,766.57,794.27,1378.92,1431.18,1013.77,620.57,722.81,817.55,6.5,7.5,319.44,142.1
2022-04-25,7354.64,429.15,1022.98,1415.42,259.13,1539.13,672.04,722.18,1432.52,1405.85,912.41,573.91,733.75,776.14,13.5,14.5,319.44,142.1
2022-04-26,6884.01,412.82,975.74,1336.86,246.97,1333.85,580.39,692.44,1398.84,1341.55,809.85,554.46,632.99,756.63,13.5,14.5,319.44,142.1
2022-04-27,7375.74,422.15,1069.51,1518.9,253.79,1547.1,682.89,733.22,1225.07,1194.89,925.11,575.12,691.07,787.03,13.5,14.5,319.44,142.1
2022-04-28,7694.03,424.03,1085.29,1526.13,256.46,1664.5,731.25,777.65,1309.86,1396.27,1004.98,586.23,702.21,814.72,13.5,14.5,319.44,142.1
2022-04-29,7624.26,421.21,1062.45,1550.32,266.01,1693.57,692.17,777.96,1257.96,1405.21,977.67,576.03,679.39,792.7,13.5,14.5,319.44,142.1
2022-05-04,7606.98,419.53,1073.12,1511.09,263.25,1769.0,832.71,768.69,1305.7,1272.21,957.5,574.67,675.73,806.99,13.5,14.5,358.94,153.6
2022-05-05,7505.48,412.71,1074.43,1506.36,257.27,1719.85,810.09,770.76,1288.61,1388.0,936.74,563.82,666.55,810.02,13.5,14.5,358.94,153.6
2022-05-06,7454.13,414.42,1047.5,1513.56,254.42,1654.69,798.34,745.43,1188.95,1381.03,918.31,554.25,648.59,804.93,13.5,14.5,358.94,153.6
2022-05-09,7508.95,402.6,1061.14,1522.38,259.18,1659.68,854.46,761.79,1161.73,1293.85,922.36,565.73,651.68,799.78,13.5,14.5,358.94,153.6
2022-05-12,7772.84,411.0,1088.82,1568.53,265.7,1737.72,870.56,794.15,1266.17,1424.0,969.2,590.96,681.99,831.39,13.5,14.5,358.94,153.6
2022-05-13,8156.45,425.95,1135.5,1675.95,278.39,1821.6,914.95,812.1,1297.94,1465.16,1039.57,603.08,705.33,856.96,13.5,14.5,358.94,153.6
2022-05-17,8495.54,428.28,1186.27,1720.78,289.69,1981.89,989.25,852.13,1321.76,1546.29,1107.95,612.43,706.57,825.86,13.5,14.5,358.94,153.6
2022-05-18,8430.41,430.26,1180.65,1687.54,282.7,1975.11,980.86,842.5,1319.66,1500.68,1098.42,615.94,721.15,827.34,13.5,14.5,358.94,153.6
2022-05-19,8173.86,421.45,1150.93,1650.74,272.27,1886.59,943.43,824.15,1272.0,1478.53,1049.53,591.98,704.11,822.19,13.5,14.5,358.94,153.6
2022-05-20,8346.77,421.0,1169.61,1657.58,277.08,1951.42,1022.22,837.59,1319.25,1526.78,1054.5,597.29,719.08,843.56,13.5,14.5,358.94,153.6
2022-05-23,8515.22,421.49,1165.93,1716.1,280.25,2086.89,1175.69,874.11,1301.24,1474.7,1073.41,615.87,722.92,826.82,13.5,14.5,358.94,153.6
2022-05-24,8376.05,417.29,1161.25,1680.63,284.0,2021.03,1234.84,854.9,1282.05,1522.19,1046.19,597.39,694.74,807.25,13.5,14.5,358.94,153.6
2022-05-25,8370.16,412.39,1143.92,1657.13,277.32,2001.63,1358.13,869.87,1323.09,1526.59,1049.75,607.67,698.57,806.73,13.5,14.5,358.94,153.6
2022-05-26,8327.61,411.4,1127.51,1652.07,277.58,2027.51,1353.27,877.27,1346.29,1519.65,1040.6,616.87,707.51,801.71,13.5,14.5,358.94,153.6
2022-05-27,8315.55,404.82,1111.36,1631.63,274.04,2064.4,1323.77,883.81,1321.09,1513.7,1039.86,621.78,713.25,793.47,13.5,14.5,358.94,153.6
2022-05-30,8282.59,404.42,1103.62,1632.23,274.28,2034.25,1297.8,885.63,1298.58,1509.17,1024.12,610.11,707.27,789.41,13.5,14.5,358.94,153.6
2022-05-31,8108.09,404.28,1100.17,1579.29,267.69,1973.15,1265.07,873.48,1262.77,1390.94,1012.53,605.14,709.31,803.77,13.5,14.5,358.94,153.6
2022-06-01,8064.69,399.26,1094.5,1600.56,267.97,1980.0,1302.74,863.51,1294.67,1530.19,1002.62,608.68,706.3,801.13,13.5,14.5,360.24,171.7
2022-06-02,8112.33,400.54,1107.83,1623.85,273.43,1967.01,1376.7,870.16,1296.28,1519.68,1003.27,605.98,685.89,811.37,13.5,14.5,360.24,171.7
2022-06-03,8054.77,397.89,1100.21,1625.45,269.11,1957.15,1373.87,860.2,1271.0,1498.8,985.45,588.73,675.85,820.06,13.5,14.5,360.24,171.7
2022-06-06,7803.61,391.51,1065.88,1580.7,260.54,1789.74,1302.44,830.69,1211.71,1333.59,957.67,575.25,662.94,812.78,13.5,14.5,360.24,171.7
2022-06-07,7719.06,388.68,1082.94,1570.21,260.84,1761.4,1407.12,820.48,1204.94,1319.65,962.17,579.3,669.7,806.67,13.5,14.5,360.24,171.7
2022-06-08,7771.44,387.99,1075.75,1563.78,260.37,1797.18,1420.35,830.66,1308.19,1432.96,977.48,584.96,671.03,824.57,13.5,14.5,360.24,171.7
2022-06-09,7909.08,390.2,1103.5,1584.19,266.46,1817.74,1390.42,851.74,1302.89,1333.44,1017.57,594.11,667.63,839.38,13.5,14.5,360.24,171.7
2022-06-10,7896.02,385.59,1098.39,1606.73,264.36,1804.23,1494.84,844.13,1265.45,1424.76,1028.75,576.94,671.68,844.46,13.5,14.5,360.24,171.7
2022-06-13,7888.69,388.53,1100.07,1595.61,262.26,1770.32,1496.67,846.18,1251.03,1367.21,1052.28,578.17,680.87,834.74,13.5,14.5,360.24,171.7
2022-06-15,7764.95,381.05,1091.32,1581.58,265.46,1720.52,1467.46,833.95,1215.78,1337.98,1030.62,572.51,674.55,826.63,13.5,14.5,360.24,171.7
2022-06-16,7696.1,380.71,1080.53,1584.71,263.5,1700.18,1413.25,819.78,1207.58,1322.14,1023.83,567.53,657.21,822.57,13.5,14.5,360.24,171.7
2022-06-17,7460.59,378.36,1042.47,1545.78,255.27,1594.83,1356.27,800.4,1202.05,1366.04,975.42,562.28,666.74,828.17,13.5,14.5,360.24,171.7
2022-06-20,7470.73,377.44,1050.25,1544.21,250.17,1624.1,1398.57,797.34,1191.36,1358.66,956.83,561.41,652.04,814.84,13.5,14.5,360.24,171.7
2022-06-21,7502.28,380.03,1048.32,1536.94,246.02,1618.25,1408.2,805.04,1188.12,1372.21,974.86,563.29,659.06,841.37,13.5,14.5,360.24,171.7
2022-06-22,7512.15,379.62,1072.04,1528.57,247.67,1618.96,1365.6,806.56,1202.77,1388.17,978.91,567.28,655.03,759.21,13.5,14.5,360.24,171.7
2022-06-23,7613.43,384.14,1061.58,1560.07,252.29,1622.95,1406.32,810.85,1223.0,1307.91,980.93,569.51,662.81,752.58,13.5,14.5,360.24,171.7
2022-06-24,7667.72,384.04,1083.5,1555.17,256.09,1657.22,1457.35,815.91,1273.41,1399.34,984.13,562.17,662.24,740.28,13.5,14.5,360.24,171.7
2022-06-27,7434.85,378.08,1055.18,1526.11,252.0,1582.18,1438.6,784.91,1273.12,1425.78,941.91,557.07,649.58,725.98,13.5,14.5,360.24,171.7
2022-06-28,7326.66,369.55,1054.67,1508.89,248.54,1552.98,1406.01,773.86,1192.77,1359.55,931.01,553.2,645.78,724.95,13.5,14.5,360.24,171.7
2022-06-29,7388.62,373.15,1052.11,1505.4,248.58,1548.26,1416.34,776.54,1194.59,1407.39,935.97,547.53,650.44,724.95,13.5,14.5,360.24,171.7
2022-06-30,7357.64,372.86,1052.33,1489.49,245.23,1554.24,1447.28,779.32,1221.26,1277.09,920.69,550.68,655.95,720.38,13.5,14.5,360.24,171.7
2022-07-01,7457.48,375.98,1058.34,1521.87,247.42,1563.96,1556.18,788.58,1203.41,1341.62,938.43,558.26,655.56,738.22,13.5,14.5,360.87,178.9
2022-07-04,7366.93,368.91,1047.57,1503.92,245.36,1558.22,1678.03,784.12,1208.67,1323.21,911.73,546.63,642.65,722.89,13.5,14.5,360.87,178.9
2022-07-05,7238.59,364.92,1026.3,1504.87,241.14,1526.26,1593.87,758.76,1197.05,1313.66,890.92,533.36,637.73,722.95,13.5,14.5,360.87,178.9
2022-07-06,7098.36,358.12,1020.44,1477.21,235.15,1451.59,1468.06,735.23,1207.76,1239.4,873.02,504.94,611.36,714.71,13.5,14.5,360.87,178.9
2022-07-07,7063.8,355.78,1016.73,1460.62,241.45,1472.36,1483.93,743.28,1214.45,1335.99,856.9,530.16,607.53,722.37,14.5,15.5,360.87,178.9
2022-07-08,7091.29,356.43,1021.18,1465.37,242.03,1480.53,1495.7,739.17,1224.03,1327.98,859.91,525.23,606.73,722.89,14.5,15.5,360.87,178.9
2022-07-11,7378.0,374.06,1045.63,1501.1,245.33,1565.05,1500.55,779.07,1226.42,1345.47,903.94,532.67,621.99,730.04,14.5,15.5,360.87,178.9
2022-07-12,7379.96,375.2,1043.46,1511.72,244.06,1586.53,1427.45,768.42,1211.52,1349.92,901.41,533.8,626.32,731.58,14.5,15.5,360.87,178.9
2022-07-14,7318.24,372.16,1041.88,1506.53,246.13,1554.83,1460.72,771.03,1204.89,1320.33,896.5,545.19,636.76,735.19,14.5,15.5,360.87,178.9
2022-07-15,7456.82,380.94,1052.77,1553.23,244.48,1584.12,1486.46,796.03,1211.38,1334.52,930.65,543.44,676.94,729.01,14.5,15.5,360.87,178.9
2022-07-18,7535.64,382.69,1059.99,1567.33,248.45,1606.42,1533.62,802.87,1245.5,1361.17,957.51,546.2,654.27,738.22,14.5,15.5,360.87,178.9
2022-07-19,7644.12,390.73,1076.52,1574.22,254.84,1630.68,1549.98,815.83,1246.37,1367.58,979.94,554.31,668.6,743.37,14.5,15.5,360.87,178.9
2022-07-20,7693.69,393.77,1069.36,1585.91,260.01,1612.11,1540.91,824.69,1247.61,1361.82,986.19,548.2,671.66,741.89,14.5,15.5,360.87,178.9
2022-07-21,7739.85,394.56,1074.84,1585.52,263.52,1630.82,1630.71,829.19,1216.06,1370.98,1000.36,550.82,678.03,748.52,14.5,15.5,360.87,178.9
2022-07-22,7721.78,394.55,1067.69,1586.36,278.25,1578.69,1636.81,819.19,1231.38,1377.35,1007.83,555.71,685.55,765.91,14.5,15.5,360.87,178.9
2022-07-25,7664.45,387.74,1068.23,1648.19,270.43,1584.41,1635.81,811.4,1253.16,1369.1,1022.65,555.78,690.88,761.78,14.5,15.5,360.87,178.9
2022-07-26,7630.17,387.21,1062.17,1686.18,269.68,1554.96,1630.47,821.26,1271.25,1297.76,1015.36,549.66,687.69,761.78,14.5,15.5,360.87,178.9
2022-07-27,7656.96,385.52,1064.45,1697.78,264.5,1577.92,1640.9,827.42,1306.85,1351.16,1015.25,555.97,685.55,761.78,14.5,15.5,360.87,178.9
2022-07-28,7679.64,386.37,1064.06,1710.18,270.11,1550.85,1673.76,826.59,1240.24,1302.21,1032.08,557.31,677.32,764.36,14.5,15.5,360.87,178.9
2022-07-29,7731.15,383.37,1076.34,1736.1,269.55,1545.52,1757.69,833.18,1272.46,1349.72,1057.05,550.52,673.25,750.0,14.5,15.5,360.87,178.9
2022-08-01,7768.57,385.81,1074.2,1746.54,285.04,1526.28,1723.33,832.07,1280.27,1307.57,1076.91,546.4,676.79,750.0,14.5,15.5,361.0,182.8
2022-08-02,7948.14,385.71,1108.08,1834.77,300.33,1566.72,1907.39,849.1,1288.07,1275.34,1118.21,550.35,695.75,764.36,14.5,15.5,361.0,182.8
2022-08-03,8080.14,386.13,1128.56,1833.88,291.71,1654.58,1917.44,853.73,1316.18,1302.77,1131.0,574.05,703.28,783.87,14.5,15.5,361.0,182.8
2022-08-04,8283.78,387.61,1149.56,1826.62,304.01,1799.23,2067.54,848.23,1330.93,1321.34,1163.31,582.25,713.92,793.6,14.5,15.5,361.0,182.8
2022-08-05,8310.92,394.02,1147.47,1841.27,310.4,1800.39,2134.91,868.83,1318.14,1317.49,1168.55,575.34,724.09,777.76,14.5,15.5,361.0,182.8
2022-08-08,8422.97,392.99,1159.5,1805.97,303.14,1963.86,2512.4,865.01,1334.18,1402.97,1240.29,587.35,766.9,780.27,14.5,15.5,361.0,182.8
2022-08-09,8474.73,393.67,1160.26,1761.48,305.8,1910.04,2517.01,872.71,1248.9,1392.31,1273.67,603.13,753.04,774.08,14.5,15.5,361.0,182.8
2022-08-10,8765.7,398.22,1232.9,1834.84,312.26,1964.7,2664.37,888.41,1240.22,1402.58,1329.83,595.41,768.02,767.97,14.5,15.5,361.0,182.8
2022-08-12,9027.48,393.24,1315.48,1819.48,320.05,2044.08,3122.94,931.49,1255.43,1428.36,1377.54,608.53,784.25,762.36,14.5,15.5,361.0,182.8
2022-08-15,9199.27,397.46,1340.94,1837.68,323.22,2033.72,3036.9,953.47,1236.43,1452.04,1382.59,622.77,792.12,756.25,14.5,15.5,361.0,182.8
2022-08-16,9086.24,389.46,1326.64,1815.37,327.89,2013.58,3215.11,939.35,1315.71,1429.03,1358.06,604.98,778.16,737.38,14.5,15.5,361.0,182.8
2022-08-17,8968.06,383.86,1300.96,1795.8,334.14,1960.41,3321.48,923.94,1297.48,1402.57,1346.71,605.27,758.83,762.49,14.5,15.5,361.0,182.8
2022-08-18,8927.39,376.92,1300.12,1813.76,336.88,1973.51,3329.13,929.43,1256.07,1375.67,1354.44,601.48,746.8,787.8,14.5,15.5,361.0,182.8
2022-08-19,8975.75,377.74,1293.52,1788.59,367.65,1983.07,3211.31,947.75,1296.14,1375.39,1370.61,609.92,756.1,841.9,14.5,15.5,361.0,182.8
2022-08-22,9087.59,388.62,1294.36,1811.7,378.35,1998.4,3206.34,953.41,1266.27,1418.42,1398.63,649.37,756.12,874.36,14.5,15.5,361.0,182.8
2022-08-23,9077.08,385.97,1275.57,1792.66,375.49,2011.49,3255.57,946.7,1238.84,1383.3,1382.6,664.68,787.48,836.3,14.5,15.5,361.0,182.8
2022-08-24,9011.24,385.03,1275.1,1764.22,365.59,1996.34,3149.13,943.72,1236.51,1401.08,1377.22,657.56,785.23,819.88,14.5,15.5,361.0,182.8
2022-08-25,8811.56,381.09,1229.08,1731.19,360.14,1926.29,3036.16,927.27,1219.6,1354.62,1334.94,637.73,764.01,807.0,14.5,15.5,361.0,182.8
2022-08-26,8793.39,383.53,1229.89,1744.04,372.47,1918.4,3007.09,932.4,1241.07,1358.07,1330.64,631.72,751.44,797.21,14.5,15.5,361.0,182.8
2022-08-29,8732.47,380.35,1216.22,1689.21,384.41,1889.88,2943.01,916.75,1202.38,1341.55,1314.14,616.26,772.53,768.49,14.5,15.5,361.0,182.8
2022-08-30,8876.64,380.72,1247.13,1718.32,396.49,1896.98,2990.05,939.04,1245.57,1387.63,1331.42,619.96,776.34,816.92,14.5,15.5,361.0,182.8
2022-08-31,9071.32,380.07,1286.73,1774.11,404.25,1903.07,3224.95,960.41,1256.66,1368.52,1377.77,627.71,800.81,823.93,14.5,15.5,361.0,182.8
2022-09-01,9254.81,392.88,1303.87,1788.07,408.09,1949.25,3417.14,976.0,1256.92,1412.49,1434.1,645.2,809.39,841.25,14.5,15.5,362.38,189.3
2022-09-02,9316.45,388.9,1299.72,1780.23,396.11,2017.78,3464.1,988.11,1261.12,1382.74,1438.29,637.9,813.72,814.66,14.5,15.5,362.38,189.3
2022-09-05,9376.91,395.49,1289.1,1767.68,400.02,2062.58,3610.58,992.16,1244.08,1429.12,1448.21,647.18,825.11,866.3,14.5,15.5,362.38,189.3
2022-09-06,9330.33,387.04,1283.41,1781.66,397.58,2005.31,3986.36,990.36,1270.62,1397.1,1473.24,639.57,819.93,845.31,14.5,15.5,362.38,189.3
2022-09-07,9480.3,388.48,1309.46,1785.07,397.09,2010.82,4008.62,1001.47,1297.52,1422.36,1504.74,648.45,829.45,828.95,14.5,15.5,362.38,189.3
2022-09-08,9599.32,387.17,1342.5,1788.71,398.36,2064.37,3959.21,1013.23,1308.15,1431.58,1558.69,645.85,836.41,827.99,14.5,15.5,362.38,189.3
2022-09-09,9704.21,386.06,1393.15,1762.42,401.29,2055.22,4153.53,1016.43,1292.58,1441.1,1614.36,650.07,836.33,826.38,14.5,15.5,362.38,189.3
2022-09-12,9813.18,391.18,1410.51,1773.44,401.97,2027.67,4341.54,1023.84,1312.97,1449.46,1651.52,642.78,862.26,829.99,14.5,15.5,362.38,189.3
2022-09-13,9749.09,401.81,1395.8,1750.84,404.65,2000.91,4500.17,1015.47,1296.04,1422.56,1644.83,637.98,854.83,819.17,14.5,15.5,362.38,189.3
2022-09-14,9914.12,426.56,1425.52,1737.43,431.01,2007.01,4504.47,1010.51,1261.45,1409.7,1642.54,651.75,908.72,835.07,14.5,15.5,362.38,189.3
2022-09-15,10058.39,447.76,1475.14,1740.3,441.15,2029.92,4443.79,1008.94,1296.62,1446.6,1619.81,644.09,918.65,837.58,14.5,15.5,362.38,189.3
2022-09-16,10102.7,442.2,1472.74,1728.54,442.14,2034.35,4544.12,1013.57,1283.46,1424.72,1652.34,654.66,922.21,825.8,14.5,15.5,362.38,189.3
2022-09-19,10025.4,434.09,1459.74,1740.12,437.9,1993.2,4680.36,1007.85,1256.72,1427.78,1671.97,643.61,911.18,823.74,14.5,15.5,362.38,189.3
2022-09-20,9901.13,423.17,1448.53,1701.23,429.54,1978.68,4878.21,998.85,1256.65,1413.85,1641.9,640.06,902.96,820.65,14.5,15.5,362.38,189.3
2022-09-21,9913.22,427.6,1464.41,1707.83,431.48,1962.04,5002.91,997.2,1234.97,1419.21,1634.51,639.12,892.62,825.28,14.5,15.5,362.38,189.3
2022-09-22,10003.58,430.54,1475.86,1685.52,427.38,1989.38,4929.38,1006.1,1224.8,1405.19,1613.92,648.64,890.69,808.86,14.5,15.5,362.38,189.3
2022-09-23,9969.3,434.55,1466.24,1687.97,415.94,1985.27,4986.82,1003.37,1225.81,1422.84,1586.46,651.03,893.62,816.53,14.5,15.5,362.38,189.3
2022-09-26,9874.19,429.59,1439.09,1681.3,418.53,1943.27,4883.48,1002.03,1224.71,1411.37,1555.38,646.69,869.17,819.55,14.5,15.5,362.38,189.3
2022-09-27,9861.62,437.62,1436.49,1679.01,414.6,1968.71,4986.82,1007.63,1255.71,1406.16,1570.42,645.08,889.2,810.34,14.5,15.5,362.38,189.3
2022-09-28,9967.0,441.48,1442.32,1660.94,418.87,1954.89,4924.18,1002.27,1260.67,1399.52,1558.85,636.62,871.18,803.71,14.5,15.5,362.38,189.3
2022-09-29,9951.48,438.7,1445.55,1677.37,416.81,1959.33,4886.42,1007.68,1250.01,1424.22,1572.9,639.42,878.04,804.74,14.5,15.5,362.38,189.3
2022-09-30,9931.07,434.26,1438.69,1677.82,415.7,1952.92,4972.39,1007.9,1258.67,1411.5,1613.16,638.57,933.51,798.11,14.5,15.5,362.38,189.3
2022-10-03,9551.44,424.76,1381.57,1611.72,406.0,1878.85,4646.45,967.45,1304.05,1368.87,1548.77,623.49,902.24,797.08,14.5,15.5,363.15,188.5
2022-10-04,9237.05,412.13,1337.27,1583.98,392.24,1830.05,4187.44,958.61,1291.67,1364.22,1512.43,606.61,893.84,792.96,14.5,15.5,363.15,188.5
2022-10-05,9370.01,419.88,1346.89,1664.99,395.8,1831.96,4281.06,956.13,1285.03,1346.27,1561.56,616.16,903.86,791.99,14.5,15.5,363.15,188.5
2022-10-06,9182.23,411.02,1313.46,1595.86,384.19,1784.23,3947.57,936.1,1269.62,1372.34,1547.09,601.44,884.7,821.36,14.5,15.5,363.15,188.5
2022-10-07,9049.52,405.83,1313.1,1610.24,383.07,1760.28,4047.45,928.54,1270.74,1333.46,1556.46,600.94,880.69,814.72,14.5,15.5,363.15,188.5
2022-10-11,8709.7,404.76,1255.33,1501.62,374.8,1669.04,3681.23,893.21,1245.08,1315.57,1478.71,580.84,828.83,802.94,14.5,15.5,363.15,188.5
2022-10-12,8979.91,398.65,1303.05,1564.53,387.52,1731.56,3823.04,914.15,1358.44,1358.64,1511.83,577.55,872.33,809.19,14.5,15.5,363.15,188.5
2022-10-13,9148.55,407.17,1333.33,1580.22,389.24,1781.2,4138.98,933.34,1430.27,1375.05,1550.61,595.3,863.49,834.37,14.5,15.5,363.15,188.5
2022-10-14,9116.66,403.98,1328.53,1565.86,385.35,1756.86,4115.6,918.85,1464.11,1356.2,1558.78,601.89,870.6,895.68,14.5,15.5,363.15,188.5
2022-10-17,8990.72,399.73,1314.19,1549.11,381.06,1698.43,3904.73,912.7,1487.77,1354.51,1549.89,593.8,898.43,873.59,14.5,15.5,363.15,188.5
2022-10-18,8866.05,398.98,1296.42,1550.63,380.16,1686.6,3795.35,908.59,1465.36,1372.3,1545.38,584.14,902.18,858.2,14.5,15.5,363.15,188.5
2022-10-19,8888.37,393.94,1295.51,1513.5,383.05,1704.92,3774.26,910.37,1455.3,1355.98,1531.37,598.78,902.82,834.56,14.5,15.5,363.15,188.5
2022-10-20,8738.96,395.9,1270.65,1457.63,377.79,1667.04,3500.46,897.53,1451.27,1301.51,1500.47,588.32,872.84,827.28,14.5,15.5,363.15,188.5
2022-10-21,8700.06,393.8,1263.0,1474.05,378.86,1678.08,3426.6,889.78,1402.48,1344.87,1506.87,594.69,868.91,838.62,14.5,15.5,363.15,188.5
2022-10-25,8505.76,388.9,1244.83,1441.34,368.96,1649.49,3144.73,882.32,1377.77,1343.84,1420.4,581.81,856.37,820.59,14.5,15.5,363.15,188.5
2022-10-26,8638.33,390.79,1260.79,1453.74,373.2,1672.63,3480.6,885.9,1377.29,1287.49,1455.3,587.77,855.3,832.37,14.5,15.5,363.15,188.5
2022-10-27,8802.23,392.16,1297.95,1474.29,380.17,1693.19,3577.82,906.79,1346.74,1351.21,1473.7,592.34,870.07,867.34,14.5,15.5,363.15,188.5
2022-10-28,8728.6,391.79,1289.25,1470.31,375.89,1675.82,3356.08,899.99,1365.47,1364.15,1444.17,594.9,855.84,853.49,14.5,15.5,363.15,188.5
2022-10-31,8602.16,390.28,1271.33,1462.13,373.39,1655.29,3262.83,886.88,1309.3,1287.28,1404.77,557.98,865.26,853.49,14.5,15.5,363.15,188.5
2022-11-01,8635.12,388.6,1269.04,1464.59,368.89,1680.9,3145.57,883.86,1322.55,1333.8,1390.61,555.3,857.7,852.98,14.5,15.5,363.39,187.1
2022-11-02,8561.96,387.2,1257.21,1436.96,372.42,1666.55,3117.24,878.95,1323.6,1362.33,1406.34,560.81,857.47,870.88,14.5,15.5,363.39,187.1
2022-11-03,8530.55,385.21,1248.79,1455.84,368.13,1659.05,3172.66,882.6,1333.32,1337.28,1404.71,547.03,866.71,850.85,14.5,15.5,363.39,187.1
2022-11-04,8511.15,382.66,1245.13,1460.82,374.15,1649.82,3200.85,876.02,1302.59,1332.47,1410.42,549.64,851.38,853.43,14.5,15.5,363.39,187.1
2022-11-08,8264.24,375.51,1226.06,1400.78,365.74,1599.7,3001.42,851.77,1297.29,1240.24,1346.6,542.09,819.91,851.82,14.5,15.5,363.39,187.1
2022-11-09,8311.34,378.15,1249.84,1383.71,370.2,1604.51,3038.24,851.96,1270.85,1339.24,1368.12,538.92,821.26,851.3,14.5,15.5,363.39,187.1
2022-11-10,8332.65,378.99,1266.7,1378.59,368.7,1604.03,3098.58,844.17,1311.76,1336.21,1372.93,542.74,843.12,844.16,14.5,15.5,363.39,187.1
2022-11-11,8420.16,381.08,1279.04,1432.15,373.89,1632.76,3176.82,856.25,1304.27,1338.83,1359.94,564.66,844.34,859.61,14.5,15.5,363.39,187.1
2022-11-14,8363.29,379.22,1270.77,1422.89,372.87,1610.58,3254.26,852.14,1317.39,1351.41,1351.45,555.56,822.07,884.28,14.5,15.5,363.39,187.1
2022-11-15,8291.15,381.7,1266.3,1426.47,375.12,1589.46,3102.73,850.71,1311.81,1352.68,1328.28,545.59,815.49,939.85,14.5,15.5,363.39,187.1
2022-11-16,8087.04,376.11,1242.81,1403.89,365.33,1549.45,3057.99,836.23,1320.09,1327.37,1303.72,547.79,799.38,922.4,14.5,15.5,363.39,187.1
2022-11-17,8045.89,377.08,1231.07,1375.57,363.7,1509.79,3124.4,824.26,1259.62,1285.45,1279.43,543.82,809.3,962.46,14.5,15.5,363.39,187.1
2022-11-18,7827.57,370.23,1194.38,1336.12,354.04,1471.66,2942.99,794.56,1242.14,1313.37,1231.21,540.54,777.32,916.28,14.5,15.5,363.39,187.1
2022-11-21,7801.52,366.84,1201.02,1310.5,352.68,1478.3,2835.26,796.16,1256.45,1316.54,1241.36,533.28,782.73,928.07,14.5,15.5,363.39,187.1
2022-11-22,8000.44,369.94,1221.53,1359.51,354.95,1487.97,3196.68,828.98,1283.81,1326.13,1283.93,540.81,786.75,964.52,14.5,15.5,363.39,187.1
2022-11-23,8173.86,378.23,1252.75,1365.15,363.3,1503.98,3233.13,831.2,1229.7,1351.06,1302.58,551.14,800.05,942.43,14.5,15.5,363.39,187.1
2022-11-24,8028.14,374.95,1232.12,1354.73,360.45,1491.19,3094.1,814.67,1238.31,1326.73,1280.59,544.73,801.26,934.7,14.5,15.5,363.39,187.1
2022-11-25,8148.06,380.85,1242.18,1343.3,363.96,1525.85,3189.62,835.56,1241.58,1332.33,1298.93,548.04,807.38,928.07,14.5,15.5,363.39,187.1
2022-11-28,8358.31,377.45,1252.88,1352.92,364.16,1587.74,3347.49,859.2,1256.22,1368.74,1329.24,545.23,806.24,927.94,14.5,15.5,363.39,187.1
2022-11-29,8375.21,378.03,1257.26,1358.63,359.9,1611.99,3324.71,872.61,1247.21,1380.56,1340.14,544.82,807.35,931.03,14.5,15.5,363.39,187.1
2022-11-30,8651.23,391.69,1279.37,1370.97,371.24,1701.02,3321.89,904.1,1300.34,1410.84,1375.49,566.49,828.21,938.63,14.5,15.5,363.39,187.1
2022-12-01,8703.79,393.08,1279.62,1376.85,379.59,1740.84,3422.07,906.18,1287.46,1397.54,1392.21,568.88,832.38,949.83,14.5,15.5,363.17,187.6
2022-12-02,8769.73,403.34,1283.91,1373.84,380.12,1717.26,3588.43,903.41,1325.43,1413.62,1398.86,570.73,825.44,963.61,14.5,15.5,363.17,187.6
2022-12-05,8848.62,399.01,1300.11,1381.28,388.43,1744.81,3662.27,912.92,1342.7,1394.45,1398.25,579.34,834.59,958.97,14.5,15.5,363.17,187.6
2022-12-06,8881.34,398.24,1314.44,1364.1,388.28,1812.71,3656.84,932.53,1312.59,1402.89,1410.95,577.5,837.3,962.97,14.5,15.5,363.17,187.6
2022-12-08,8891.74,395.41,1334.52,1345.79,378.36,1775.44,3719.79,907.6,1289.66,1382.28,1413.5,573.57,828.65,941.65,14.5,15.5,363.17,187.6
2022-12-09,8851.12,394.91,1318.17,1340.29,379.14,1784.55,3826.16,911.62,1259.46,1404.98,1411.59,573.88,831.68,954.98,14.5,15.5,363.17,187.6
2022-12-12,8862.67,394.99,1304.95,1338.35,375.72,1806.71,3897.16,918.21,1268.51,1404.25,1404.37,566.06,838.21,933.47,14.5,15.5,363.17,187.6
2022-12-13,8825.1,399.43,1288.63,1360.69,374.2,1789.55,3970.36,914.58,1258.6,1406.82,1394.06,570.16,828.97,919.05,14.5,15.5,363.17,187.6
2022-12-14,8870.63,400.05,1292.05,1368.44,374.73,1794.28,4160.07,911.53,1258.02,1388.36,1394.58,561.85,833.98,916.54,14.5,15.5,363.17,187.6
2022-12-15,8813.84,395.21,1283.42,1360.76,374.96,1765.71,4073.64,903.99,1244.21,1390.49,1375.85,555.68,834.38,909.33,14.5,15.5,363.17,187.6
2022-12-16,8754.47,393.32,1286.84,1348.0,370.14,1752.74,4055.04,907.16,1270.87,1387.24,1358.04,557.66,825.89,900.12,14.5,15.5,363.17,187.6
2022-12-19,8602.52,391.73,1265.07,1324.21,365.76,1703.66,3802.94,884.0,1248.05,1417.04,1335.17,551.73,823.86,903.08,14.5,15.5,363.17,187.6
2022-12-20,8484.27,388.34,1248.9,1317.79,360.4,1675.14,3557.65,870.46,1230.99,1396.48,1314.04,551.24,821.62,888.72,14.5,15.5,363.17,187.6
2022-12-21,8434.14,384.48,1250.18,1304.99,356.31,1661.04,3557.65,870.06,1234.62,1406.13,1309.39,552.03,805.22,900.12,14.5,15.5,363.17,187.6
2022-12-22,8390.03,383.96,1235.29,1320.67,354.91,1649.04,3584.65,861.89,1238.5,1416.71,1291.69,547.62,786.26,910.81,14.5,15.5,363.17,187.6
2022-12-23,8428.77,386.9,1228.0,1307.63,358.44,1666.3,3568.85,872.44,1240.62,1440.85,1302.48,547.2,815.44,915.57,14.5,15.5,363.17,187.6
2022-12-27,8429.08,383.19,1236.58,1298.35,359.7,1661.47,3651.75,874.73,1244.89,1430.22,1309.53,543.87,799.73,936.18,14.5,15.5,363.17,187.6
2022-12-28,8411.42,382.74,1229.41,1296.77,354.6,1660.35,3639.92,872.73,1252.1,1454.22,1309.85,543.17,800.3,940.3,14.5,15.5,363.17,187.6
2022-12-29,8425.78,382.33,1223.75,1307.91,354.88,1670.21,3530.65,879.95,1247.6,1551.66,1305.51,547.01,801.38,908.94,14.5,15.5,363.17,187.6
2022-12-30,8489.66,385.74,1228.96,1312.35,354.69,1680.36,3527.85,888.44,1265.71,1543.89,1328.49,563.79,830.28,913.58,14.5,15.5,363.17,187.6
2023-01-02,8509.6,385.33,1228.99,1321.59,353.18,1702.29,3546.83,878.28,1243.79,1504.77,1327.03,565.66,822.77,914.61,14.5,15.5,362.42,188.6
2023-01-03,8523.01,387.87,1231.8,1345.95,352.33,1694.21,3646.53,886.25,1234.64,1594.75,1328.89,576.36,829.23,910.94,14.5,15.5,362.42,188.6
2023-01-04,8463.93,384.3,1236.79,1323.96,351.34,1688.12,3557.86,879.41,1182.33,1549.91,1320.57,574.12,805.73,901.21,14.5,15.5,362.42,188.6
2023-01-05,8424.11,380.34,1232.72,1340.61,352.67,1688.26,3505.6,878.6,1177.56,1585.14,1320.68,571.36,807.13,916.02,14.5,15.5,362.42,188.6
2023-01-09,8381.04,378.9,1212.93,1325.56,353.85,1678.29,3359.32,871.2,1239.96,1612.57,1303.7,572.3,801.29,927.81,14.5,15.5,362.42,188.6
2023-01-10,8367.69,377.83,1210.29,1313.81,352.88,1658.39,3379.33,868.31,1238.87,1621.94,1306.77,585.17,797.57,944.03,14.5,15.5,362.42,188.6
2023-01-11,8380.87,378.93,1209.85,1318.95,355.17,1623.17,3243.96,867.36,1230.34,1617.91,1295.58,579.95,809.71,934.83,14.5,15.5,362.42,188.6
2023-01-12,8334.05,380.51,1207.7,1303.99,358.54,1616.41,3181.55,865.97,1234.73,1598.2,1286.49,589.09,805.24,931.8,14.5,15.5,362.42,188.6
2023-01-13,8262.58,379.66,1206.22,1290.77,348.17,1615.61,3102.38,859.11,1250.3,1598.62,1272.66,574.71,795.58,928.64,14.5,15.5,362.42,188.6
2023-01-17,8366.93,382.89,1212.48,1274.94,346.6,1639.15,3385.81,871.39,1220.59,1518.81,1279.59,577.56,794.38,941.97,14.5,15.5,362.42,188.6
2023-01-18,8386.27,385.98,1216.75,1271.47,348.23,1642.43,3336.83,863.36,1243.84,1579.8,1299.65,578.72,786.15,935.34,14.5,15.5,362.42,188.6
2023-01-19,8558.75,392.02,1242.57,1310.68,345.06,1643.35,3350.76,883.4,1221.41,1531.73,1312.97,578.1,799.13,937.34,14.5,15.5,362.42,188.6
2023-01-20,8718.15,407.98,1259.72,1332.55,351.84,1697.62,3397.67,881.07,1269.64,1550.09,1353.32,589.36,795.72,943.52,14.5,15.5,362.42,188.6
2023-01-23,8990.79,438.44,1288.95,1347.98,356.24,1773.61,3481.23,910.79,1252.59,1577.87,1383.07,604.61,807.04,930.12,14.5,15.5,362.42,188.6
2023-01-24,8902.24,426.87,1268.43,1349.27,354.24,1772.25,3395.32,898.26,1249.2,1601.93,1370.2,603.59,805.94,960.52,14.5,15.5,362.42,188.6
2023-01-25,8938.06,424.54,1277.82,1347.14,354.99,1805.67,3574.45,904.02,1288.53,1582.7,1370.65,602.86,802.26,960.52,14.5,15.5,362.42,188.6
2023-01-26,8926.56,425.68,1267.77,1337.13,356.84,1829.65,3597.44,893.68,1265.9,1582.6,1370.44,603.01,794.96,948.67,14.5,15.5,362.42,188.6
2023-01-27,8983.39,437.1,1278.69,1373.16,356.83,1804.82,3689.45,902.53,1260.12,1604.24,1385.91,592.32,797.76,956.85,14.5,15.5,362.42,188.6
2023-01-30,8889.67,430.15,1268.59,1392.62,352.03,1773.93,3680.29,894.22,1245.99,1589.65,1371.73,583.59,790.39,964.51,14.5,15.5,362.42,188.6
2023-01-31,8878.66,436.38,1253.76,1395.4,355.02,1754.44,3614.52,906.74,1238.18,1601.69,1366.08,587.76,783.86,965.54,14.5,15.5,362.42,188.6
2023-02-01,8977.09,448.16,1262.32,1401.73,351.96,1772.74,3573.31,905.53,1257.33,1643.18,1369.7,590.72,793.02,972.69,14.5,15.5,361.98,189.5
2023-02-02,9049.29,461.23,1276.97,1430.27,355.65,1765.15,3515.43,907.48,1283.88,1682.47,1370.36,602.88,794.87,980.42,14.5,15.5,361.98,189.5
2023-02-03,9188.93,483.36,1293.62,1515.86,359.31,1793.54,3516.51,922.77,1287.59,1657.27,1380.88,607.62,796.14,1008.43,14.5,15.5,361.98,189.5
2023-02-06,9117.55,469.3,1300.53,1506.99,358.34,1748.24,3535.83,914.45,1288.55,1643.59,1381.8,607.81,798.17,1041.92,14.5,15.5,361.98,189.5
2023-02-07,8999.75,463.16,1287.77,1491.94,355.05,1734.74,3485.87,904.73,1261.58,1621.11,1373.48,591.3,801.98,1010.62,14.5,15.5,361.98,189.5
2023-02-08,8987.45,466.07,1283.41,1452.81,350.66,1733.73,3457.81,906.64,1250.17,1639.02,1356.87,603.88,813.22,1007.66,14.5,15.5,361.98,189.5
2023-02-09,8979.59,465.52,1288.34,1458.54,359.36,1724.89,3427.28,901.53,1246.59,1613.97,1348.99,596.31,805.85,1000.51,14.5,15.5,361.98,189.5
2023-02-10,8952.53,465.88,1279.68,1414.2,355.54,1743.26,3375.84,903.76,1258.56,1686.47,1347.95,592.75,808.07,1003.6,14.5,15.5,361.98,189.5
2023-02-13,8789.4,457.25,1258.1,1377.54,351.37,1700.57,3244.92,886.71,1248.69,1602.52,1327.39,583.69,794.8,956.08,14.5,15.5,361.98,189.5
2023-02-14,8638.92,449.02,1243.4,1367.67,348.45,1652.26,3195.72,882.8,1235.65,1539.47,1305.57,572.66,797.17,952.41,14.5,15.5,361.98,189.5
2023-02-15,8669.11,447.99,1246.92,1364.92,347.85,1653.77,3258.39,888.48,1223.64,1566.86,1312.16,571.66,776.39,957.56,14.5,15.5,361.98,189.5
2023-02-16,8843.05,458.72,1255.47,1378.2,359.01,1709.61,3296.81,908.73,1257.82,1629.49,1323.0,574.88,784.88,950.48,14.5,15.5,361.98,189.5
2023-02-17,8848.36,473.85,1252.4,1398.79,357.41,1694.25,3281.74,907.86,1243.44,1577.05,1340.19,582.75,783.96,961.23,14.5,15.5,361.98,189.5
2023-02-20,9082.33,510.09,1257.09,1413.37,357.96,1742.43,3470.25,921.11,1266.03,1575.28,1362.28,581.0,786.25,990.66,14.5,15.5,361.98,189.5
2023-02-21,9179.06,511.84,1260.65,1415.4,357.15,1741.87,3601.16,939.54,1291.14,1600.75,1401.15,584.61,780.39,1004.12,14.5,15.5,361.98,189.5
2023-02-22,9160.25,512.89,1262.25,1406.07,357.33,1740.84,3622.7,937.18,1273.75,1586.91,1412.16,590.13,775.27,1021.57,14.5,15.5,361.98,189.5
2023-02-23,9272.58,516.91,1273.56,1421.13,359.09,1760.09,3573.84,962.88,1254.05,1582.77,1403.39,597.13,791.51,1053.45,14.5,15.5,361.98,189.5
2023-02-24,9315.87,521.41,1277.02,1425.56,359.73,1738.98,3594.55,965.29,1254.4,1572.32,1412.08,608.77,789.97,1028.27,14.5,15.5,361.98,189.5
2023-02-27,9197.76,512.64,1252.81,1424.0,360.78,1726.54,3601.24,952.52,1258.24,1534.8,1388.6,606.25,784.76,1025.7,14.5,15.5,361.98,189.5
2023-02-28,9202.35,510.11,1253.06,1412.47,362.15,1719.14,3582.95,957.2,1261.73,1560.31,1370.8,606.56,793.57,1032.78,14.5,15.5,361.98,189.5
2023-03-01,9243.71,514.04,1262.62,1427.28,369.86,1758.31,3608.18,956.15,1244.77,1578.72,1369.83,606.67,794.57,1025.12,14.5,15.5,329.47,195.0
2023-03-02,9356.75,536.56,1271.58,1419.2,382.3,1757.67,3574.83,958.62,1242.5,1580.9,1364.63,612.61,805.01,1028.21,14.5,15.5,329.47,195.0
2023-03-03,9461.74,555.13,1281.22,1408.27,379.72,1797.75,3599.52,978.89,1240.81,1584.77,1363.32,611.28,800.33,1068.71,14.5,15.5,329.47,195.0
2023-03-07,9672.65,587.8,1310.85,1357.22,383.54,1839.34,3699.76,988.67,1246.93,1555.97,1397.7,606.36,786.63,1096.01,15.5,16.5,329.47,195.0
2023-03-08,9647.86,591.57,1311.82,1359.96,381.81,1835.28,3600.87,987.15,1280.24,1545.08,1403.51,616.16,808.51,1158.28,15.5,16.5,329.47,195.0
2023-03-09,9693.23,580.85,1336.38,1361.9,381.98,1823.73,3616.44,984.23,1264.78,1567.17,1427.42,611.17,815.89,1129.62,15.5,16.5,329.47,195.0
2023-03-10,9606.96,566.2,1326.66,1368.7,376.83,1794.46,3554.81,976.74,1265.75,1584.68,1432.44,609.16,815.52,1124.54,15.5,16.5,329.47,195.0
2023-03-13,9489.53,556.51,1321.2,1349.65,379.11,1759.82,3424.92,970.79,1247.83,1588.17,1405.71,602.87,807.39,1099.94,15.5,16.5,329.47,195.0
2023-03-14,9540.87,564.65,1327.41,1344.62,380.62,1797.08,3323.64,979.51,1249.08,1577.69,1439.26,609.61,797.31,1107.6,15.5,16.5,329.47,195.0
2023-03-15,9587.02,569.58,1334.72,1353.76,375.25,1781.97,3367.72,984.81,1251.91,1573.25,1480.37,613.45,794.51,1115.2,15.5,16.5,329.47,195.0
2023-03-16,9587.83,571.21,1339.88,1358.01,373.99,1817.1,3354.88,982.17,1281.96,1577.66,1457.53,615.33,804.67,1115.2,15.5,16.5,329.47,195.0
2023-03-17,9686.15,584.01,1340.33,1356.0,380.98,1792.62,3486.26,990.17,1262.92,1582.17,1470.57,629.87,810.89,1105.99,15.5,16.5,329.47,195.0
2023-03-20,9699.96,582.31,1338.17,1353.69,385.29,1828.79,3451.76,1005.69,1279.35,1579.77,1477.0,1005.74,823.48,1113.91,15.5,16.5,329.47,195.0
2023-03-21,9593.84,568.09,1322.96,1348.48,382.57,1799.79,3382.18,1002.87,1305.63,1583.37,1449.47,993.62,814.73,1178.18,15.5,16.5,329.47,195.0
2023-03-22,9551.79,560.37,1318.84,1357.93,383.58,1790.19,3291.13,1000.01,1333.96,1583.48,1435.91,980.26,823.97,1282.44,15.5,16.5,329.47,195.0
2023-03-23,9394.41,539.21,1303.91,1339.8,386.18,1773.63,3171.87,985.13,1299.71,1575.61,1412.76,1003.59,820.23,1266.8,15.5,16.5,329.47,195.0
2023-03-24,9431.57,544.46,1304.07,1336.11,397.37,1771.6,3204.42,984.25,1300.36,1572.81,1414.63,1027.82,821.2,1268.28,15.5,16.5,329.47,195.0
2023-03-27,9270.14,532.68,1277.14,1317.22,389.75,1737.12,3123.1,984.52,1287.31,1565.02,1403.01,1005.54,799.85,1266.8,15.5,16.5,329.47,195.0
2023-03-28,9260.08,530.49,1274.32,1322.03,392.24,1723.77,3086.04,975.97,1295.43,1558.96,1396.0,1015.86,798.87,1273.43,15.5,16.5,329.47,195.0
2023-03-29,9288.11,542.68,1277.35,1323.7,388.46,1750.21,3155.83,980.55,1245.67,1564.62,1402.78,990.61,793.97,1216.56,15.5,16.5,329.47,195.0
2023-03-30,9235.18,541.86,1267.91,1321.3,384.53,1721.65,3242.88,975.16,1236.96,1551.45,1389.46,983.18,802.13,1191.0,15.5,16.5,329.47,195.0
2023-03-31,9301.09,554.1,1268.88,1316.5,391.56,1743.53,3192.16,969.9,1243.72,1553.81,1396.78,988.13,795.68,1184.3,15.5,16.5,329.47,195.0
2023-04-03,9250.96,546.19,1259.04,1307.65,387.27,1731.17,3172.35,960.97,1224.81,1545.53,1398.54,991.73,797.08,1164.72,15.5,16.5,321.42,192.3
2023-04-04,9173.97,538.28,1262.51,1315.42,387.89,1722.53,3118.11,952.3,1235.7,1545.52,1395.89,988.94,794.94,1167.81,15.5,16.5,321.42,192.3
2023-04-06,9277.79,544.31,1264.19,1343.64,385.8,1739.88,3191.75,960.46,1257.78,1532.22,1408.19,988.75,806.94,1215.28,15.5,16.5,321.42,192.3
2023-04-10,9328.53,541.23,1263.72,1335.24,387.03,1736.42,3185.81,968.21,1248.19,1526.71,1413.79,992.06,806.81,1201.3,15.5,16.5,321.42,192.3
2023-04-11,9411.69,543.21,1273.02,1364.0,388.28,1791.33,3360.32,971.42,1270.61,1520.93,1436.47,994.31,799.66,1206.07,15.5,16.5,321.42,192.3
2023-04-12,9415.28,548.58,1261.73,1359.97,390.56,1775.12,3292.7,974.22,1268.4,1539.07,1435.35,1006.58,810.4,1201.88,15.5,16.5,321.42,192.3
2023-04-17,9405.9,544.91,1254.18,1351.49,390.09,1761.35,3323.5,980.11,1294.58,1532.31,1435.85,1000.22,807.91,1196.15,15.5,16.5,321.42,192.3
2023-04-18,9340.11,538.24,1250.29,1339.19,385.97,1717.73,3252.35,969.55,1344.86,1520.87,1437.68,999.7,814.79,1227.83,15.5,16.5,321.42,192.3
2023-04-19,9299.17,529.28,1263.95,1354.02,386.09,1737.57,3226.22,964.76,1330.14,1512.54,1428.16,999.76,814.52,1209.93,15.5,16.5,321.42,192.3
2023-04-20,9288.29,527.89,1257.24,1332.13,386.88,1715.24,3255.74,967.07,1308.83,1458.03,1420.84,1002.6,809.64,1207.8,15.5,16.5,321.42,192.3
2023-04-21,9277.57,527.22,1263.07,1366.67,380.35,1696.54,3193.31,971.79,1295.62,1458.32,1418.04,1003.41,811.99,1209.8,15.5,16.5,321.42,192.3
2023-04-24,9194.06,515.32,1262.86,1355.83,381.43,1701.37,3179.85,963.7,1306.6,1488.78,1407.08,986.76,803.41,1219.01,15.5,16.5,321.42,192.3
2023-04-25,9149.9,516.16,1257.52,1353.81,378.3,1681.87,3129.3,956.1,1276.4,1485.99,1386.97,978.32,795.87,1213.86,15.5,16.5,321.42,192.3
2023-04-26,9097.61,514.68,1249.27,1351.46,380.53,1662.81,3103.78,955.09,1277.33,1480.72,1378.95,971.24,792.35,1203.55,15.5,16.5,321.42,192.3
2023-04-27,9012.4,508.71,1244.2,1343.92,376.25,1652.99,3086.39,945.13,1230.41,1473.24,1365.12,941.39,787.8,1190.29,15.5,16.5,321.42,192.3
2023-04-28,8983.21,504.95,1242.51,1336.27,375.17,1638.8,3030.84,949.66,1224.14,1472.31,1356.83,935.92,789.77,1198.4,15.5,16.5,321.42,192.3
2023-05-02,8724.87,481.18,1213.39,1307.67,366.49,1587.46,2964.54,926.24,1193.25,1443.18,1323.03,904.13,767.33,1169.61,15.5,16.5,310.16,192.3
2023-05-03,8818.9,489.12,1217.98,1310.87,370.53,1622.59,2935.84,939.15,1232.05,1456.01,1337.13,917.39,788.83,1183.39,15.5,16.5,310.16,192.3
2023-05-04,8845.11,489.67,1226.96,1325.54,371.22,1612.36,2927.83,938.47,1193.91,1458.79,1334.26,911.27,783.4,1172.64,15.5,16.5,310.16,192.3
2023-05-08,8964.76,518.16,1234.25,1316.63,373.1,1637.64,2899.42,949.47,1183.6,1455.76,1326.31,921.46,785.37,1199.88,15.5,16.5,310.16,192.3
2023-05-09,8914.74,515.73,1234.05,1306.49,373.02,1623.87,2850.16,943.73,1172.36,1461.94,1309.69,923.25,776.61,1191.25,15.5,16.5,310.16,192.3
2023-05-10,8901.61,513.99,1223.94,1308.87,368.32,1615.54,2853.39,939.07,1162.93,1460.0,1317.54,920.66,773.65,1177.41,15.5,16.5,310.16,192.3
2023-05-11,8954.47,531.8,1232.04,1312.13,367.41,1616.17,2798.22,933.58,1152.91,1474.02,1320.81,919.9,775.77,1179.98,15.5,16.5,310.16,192.3
2023-05-12,8937.29,532.97,1233.08,1305.03,364.95,1614.09,2721.17,936.66,1174.25,1512.91,1303.24,922.95,764.04,1150.3,15.5,16.5,310.16,192.3
2023-05-15,8906.84,536.13,1234.42,1262.07,358.86,1599.8,2645.92,944.06,1165.21,1473.34,1289.39,913.02,762.19,1127.76,15.5,16.5,310.16,192.3
2023-05-16,8828.39,522.53,1227.74,1253.33,358.39,1586.78,2643.91,937.23,1148.89,1465.07,1286.99,913.38,757.08,1115.52,15.5,16.5,310.16,192.3
2023-05-17,8821.62,518.6,1222.58,1256.97,360.1,1587.9,2675.61,963.76,1149.67,1458.82,1287.32,912.74,748.91,1108.89,15.5,16.5,310.16,192.3
2023-05-18,8789.03,516.61,1212.57,1242.01,354.37,1579.68,2616.55,963.99,1144.56,1462.91,1276.66,900.1,752.76,1090.86,15.5,16.5,310.16,192.3
2023-05-19,8729.51,511.19,1202.87,1267.64,350.28,1574.07,2609.12,950.96,1140.92,1451.82,1265.43,899.4,750.16,1101.16,15.5,16.5,310.16,192.3
2023-05-22,8615.22,502.48,1200.49,1234.62,350.09,1542.04,2532.14,945.28,1141.91,1444.24,1250.81,893.12,749.31,1100.2,15.5,16.5,310.16,192.3
2023-05-23,8658.58,515.33,1207.09,1212.84,350.8,1548.23,2484.44,943.41,1123.17,1447.8,1249.03,895.33,752.01,1104.83,15.5,16.5,310.16,192.3
2023-05-24,8759.57,519.17,1215.58,1202.04,355.18,1582.64,2534.85,947.59,1141.71,1448.77,1279.44,910.46,763.94,1098.2,15.5,16.5,310.16,192.3
2023-05-25,8721.28,517.16,1218.84,1209.72,353.7,1567.09,2533.33,939.98,1124.42,1459.85,1267.93,898.79,758.92,1110.95,15.5,16.5,310.16,192.3
2023-05-26,8701.41,521.99,1201.23,1206.15,355.02,1585.32,2498.09,940.1,1134.58,1438.79,1262.65,905.82,766.25,1120.1,15.5,16.5,310.16,192.3
2023-05-29,8578.1,507.0,1201.77,1210.31,349.48,1569.32,2385.49,937.16,1127.44,1429.11,1244.9,895.92,751.29,1115.97,15.5,16.5,310.16,192.3
2023-05-30,8548.74,507.69,1191.77,1185.36,345.91,1541.6,2393.54,925.89,1122.28,1439.44,1236.61,890.06,757.59,1100.65,15.5,16.5,310.16,192.3
2023-05-31,8567.18,506.69,1196.0,1194.53,347.21,1555.59,2446.43,930.63,1111.48,1416.2,1242.08,883.8,763.55,1112.95,15.5,16.5,310.16,192.3
2023-06-01,8694.85,514.02,1219.85,1226.65,353.22,1560.04,2565.81,937.75,1148.93,1446.08,1259.82,902.04,766.77,1157.12,13.0,14.0,301.26,192.3
2023-06-02,8767.2,521.28,1223.16,1234.01,350.92,1581.19,2533.67,943.23,1142.46,1423.94,1283.2,912.6,766.73,1161.31,13.0,14.0,301.26,192.3
2023-06-05,8771.97,518.24,1230.08,1232.55,352.17,1562.66,2466.69,953.17,1166.59,1429.82,1284.88,909.22,767.67,1154.1,13.0,14.0,301.26,192.3
2023-06-06,8750.35,516.09,1226.72,1233.54,350.38,1571.42,2450.43,949.38,1167.64,1410.92,1278.26,895.6,767.17,1155.13,13.0,14.0,301.26,192.3
2023-06-07,8727.68,514.96,1220.67,1230.82,350.33,1564.73,2452.41,944.16,1160.11,1417.86,1282.51,892.07,764.01,1154.55,13.0,14.0,301.26,192.3
2023-06-08,8774.43,526.31,1221.89,1235.27,350.52,1577.5,2447.31,949.74,1139.41,1405.96,1277.3,887.1,765.86,1162.79,13.0,14.0,301.26,192.3
2023-06-09,8825.75,530.84,1231.92,1228.58,350.58,1593.74,2401.12,957.1,1121.09,1379.01,1281.28,900.87,751.55,1127.18,13.0,14.0,301.26,192.3
2023-06-12,9023.74,551.34,1246.41,1227.75,361.17,1650.98,2413.61,980.2,1144.4,1451.42,1324.53,905.37,775.15,1129.3,13.0,14.0,301.26,192.3
2023-06-13,9073.41,556.84,1249.88,1239.08,364.16,1666.96,2374.96,978.54,1134.88,1539.42,1330.23,914.59,777.06,1127.82,13.0,14.0,301.26,192.3
2023-06-14,9216.49,579.48,1264.62,1234.21,360.36,1720.69,2441.69,979.02,1160.89,1511.39,1348.55,917.39,788.7,1141.67,13.0,14.0,301.26,192.3
2023-06-15,9288.88,584.63,1259.4,1245.87,360.94,1712.24,2437.38,984.67,1143.54,1509.83,1334.45,920.65,808.72,1129.88,13.0,14.0,301.26,192.3
2023-06-16,9241.31,582.73,1257.58,1255.25,355.46,1705.44,2436.22,984.58,1143.33,1519.73,1341.5,922.07,796.31,1136.13,13.0,14.0,301.26,192.3
2023-06-19,9186.04,573.71,1254.76,1237.87,351.12,1704.2,2348.69,974.3,1134.77,1457.49,1347.63,920.68,798.39,1141.8,13.0,14.0,301.26,192.3
2023-06-20,9173.09,570.3,1263.46,1217.18,353.64,1700.67,2332.77,978.45,1142.4,1497.13,1342.4,902.3,804.12,1181.79,13.0,14.0,301.26,192.3
2023-06-21,9308.84,583.47,1275.22,1248.63,355.21,1719.03,2361.41,985.22,1155.3,1503.39,1365.46,910.8,804.34,1215.99,13.0,14.0,301.26,192.3
2023-06-22,9307.87,580.28,1283.9,1231.39,353.21,1715.53,2377.46,981.29,1164.93,1542.65,1384.5,915.82,803.45,1198.34,13.0,14.0,301.26,192.3
2023-06-23,9339.43,584.88,1297.54,1240.96,349.59,1704.75,2384.75,980.64,1169.38,1534.33,1387.09,908.55,800.16,1194.67,13.0,14.0,301.26,192.3
2023-06-26,9476.69,606.55,1332.75,1230.47,350.32,1702.77,2423.26,984.6,1180.18,1532.34,1396.7,912.7,793.18,1192.09,13.0,14.0,301.26,192.3
2023-06-27,9370.51,591.37,1324.55,1242.23,348.42,1696.09,2463.96,975.01,1177.05,1518.06,1386.72,918.23,798.71,1158.8,13.0,14.0,301.26,192.3
2023-06-28,9442.95,598.53,1328.1,1262.74,350.37,1729.98,2438.88,983.79,1182.46,1519.88,1414.4,909.48,804.24,1178.76,13.0,14.0,301.26,192.3
2023-07-04,10076.64,694.12,1407.18,1297.18,358.05,1907.9,2485.81,1025.91,1180.27,1481.42,1444.93,938.8,830.44,1185.4,13.0,14.0,319.29,190.2
2023-07-05,10176.13,690.02,1421.84,1326.92,361.38,1889.82,2485.46,1035.16,1199.12,1570.19,1462.98,970.21,831.27,1228.73,13.0,14.0,319.29,190.2
2023-07-06,10224.8,687.5,1416.3,1330.21,370.33,1933.5,2479.23,1038.14,1168.29,1572.8,1501.95,976.52,833.09,1250.63,11.0,12.0,319.29,190.2
2023-07-07,10309.15,681.61,1431.08,1348.8,379.09,1969.61,2466.42,1059.22,1198.43,1577.69,1513.97,1003.67,844.85,1261.13,11.0,12.0,319.29,190.2
2023-07-10,10311.25,675.29,1429.81,1390.98,388.07,1951.13,2483.89,1064.55,1194.3,1593.19,1522.36,1001.11,852.53,1247.15,11.0,12.0,319.29,190.2
2023-07-11,10333.2,674.55,1441.25,1408.23,398.1,1942.2,2548.32,1058.38,1184.01,1577.64,1526.71,1004.76,848.54,1246.06,11.0,12.0,319.29,190.2
2023-07-12,10489.98,698.63,1442.03,1398.35,401.19,2012.29,2532.93,1075.35,1215.29,1626.09,1544.75,1007.47,860.73,1270.72,11.0,12.0,319.29,190.2
2023-07-13,10491.52,697.89,1439.91,1381.03,397.87,2004.77,2636.17,1074.85,1200.42,1634.84,1552.72,1017.11,863.05,1265.38,11.0,12.0,319.29,190.2
2023-07-14,10595.02,714.78,1446.49,1377.57,401.18,2014.17,2720.23,1077.02,1186.72,1584.95,1579.56,1036.09,863.66,1265.38,11.0,12.0,319.29,190.2
2023-07-17,10727.99,736.44,1451.68,1376.82,399.99,2042.4,2786.14,1083.36,1213.12,1613.91,1585.13,1051.34,873.84,1262.8,11.0,12.0,319.29,190.2
2023-07-18,10796.07,755.15,1449.15,1403.46,403.13,2074.92,2735.26,1079.62,1207.28,1605.02,1583.93,1051.42,865.41,1240.52,11.0,12.0,319.29,190.2
2023-07-19,10940.82,787.0,1444.71,1400.57,404.9,2090.34,2731.94,1073.45,1213.23,1644.78,1582.22,1045.39,869.75,1239.04,11.0,12.0,319.29,190.2
2023-07-20,11023.02,786.06,1458.56,1421.9,404.78,2132.16,2796.58,1085.0,1215.33,1666.48,1576.28,1031.83,883.01,1251.33,11.0,12.0,319.29,190.2
2023-07-21,11106.54,792.92,1452.49,1409.95,411.7,2115.12,2814.82,1094.47,1216.86,1701.71,1598.03,1021.93,891.96,1277.54,11.0,12.0,319.29,190.2
2023-07-24,11073.01,793.75,1439.57,1401.52,420.71,2151.98,2674.67,1086.24,1224.61,1630.09,1557.97,1035.69,879.01,1268.34,11.0,12.0,319.29,190.2
2023-07-25,11069.44,794.37,1437.68,1380.45,423.37,2155.29,2478.49,1089.16,1203.61,1618.39,1548.15,1037.68,889.48,1237.62,11.0,12.0,319.29,190.2
2023-07-26,10990.41,791.48,1437.01,1359.45,416.88,2148.0,2532.07,1088.11,1209.75,1705.72,1532.78,1026.0,884.84,1230.41,11.0,12.0,319.29,190.2
2023-07-27,11257.82,828.53,1488.89,1380.88,423.75,2226.95,2520.83,1104.64,1240.28,1682.88,1551.75,1022.79,891.76,1255.46,11.0,12.0,319.29,190.2
2023-07-28,11312.19,830.3,1487.31,1485.16,422.22,2258.12,2497.96,1102.63,1242.08,1682.85,1565.0,1024.89,887.36,1243.16,11.0,12.0,319.29,190.2
2023-07-31,11386.72,835.97,1500.39,1509.61,422.14,2276.54,2568.89,1101.8,1232.28,1647.5,1566.59,1062.67,913.54,1234.46,11.0,12.0,319.29,190.2
2023-08-02,11446.83,858.65,1504.48,1503.53,435.58,2280.12,2532.9,1105.91,1229.81,1667.37,1544.1,1052.32,902.34,1240.58,11.0,12.0,321.58,190.1
2023-08-03,11582.34,878.56,1523.89,1528.83,437.25,2280.69,2523.0,1115.07,1202.82,1660.39,1542.41,1042.23,903.68,1254.75,11.0,12.0,321.58,190.1
2023-08-04,11615.56,888.44,1563.15,1532.9,435.93,2274.2,2471.08,1118.03,1215.33,1585.22,1545.72,1024.52,897.93,1291.96,11.0,12.0,321.58,190.1
2023-08-07,11681.66,904.5,1618.8,1528.54,435.55,2240.33,2401.98,1120.12,1239.1,1665.21,1537.08,1029.98,903.6,1280.18,11.0,12.0,321.58,190.1
2023-08-08,11724.22,909.63,1639.18,1545.35,441.3,2226.53,2461.17,1114.83,1237.79,1635.63,1561.08,1011.2,900.42,1270.39,11.0,12.0,321.58,190.1
2023-08-09,11629.48,897.71,1623.04,1534.65,439.89,2212.84,2467.42,1119.5,1205.81,1663.72,1542.18,1022.81,897.25,1264.72,11.0,12.0,321.58,190.1
2023-08-10,11664.61,907.11,1605.12,1524.18,441.07,2237.27,2451.79,1113.18,1238.67,1553.1,1538.71,1022.53,893.43,1270.26,11.0,12.0,321.58,190.1
2023-08-11,11596.16,901.53,1592.68,1493.86,437.25,2207.2,2484.4,1131.53,1224.06,1554.59,1522.82,1014.8,891.98,1252.94,11.0,12.0,321.58,190.1
2023-08-14,11382.71,863.84,1536.92,1500.78,434.79,2180.48,2505.52,1116.3,1203.95,1556.98,1501.64,999.25,937.83,1224.28,11.0,12.0,321.58,190.1
2023-08-15,11227.48,834.94,1539.74,1481.17,431.48,2194.12,2429.61,1108.03,1224.19,1574.53,1492.24,996.04,919.86,1214.63,11.0,12.0,321.58,190.1
2023-08-16,11386.4,858.07,1586.82,1517.03,436.28,2265.27,2415.74,1108.69,1246.41,1569.37,1506.6,1001.97,934.06,1239.09,11.0,12.0,321.58,190.1
2023-08-17,11447.61,863.29,1572.71,1508.06,441.5,2318.16,2453.76,1100.72,1245.89,1575.31,1506.6,1001.87,939.79,1234.52,11.0,12.0,321.58,190.1
2023-08-18,11403.92,848.27,1560.87,1540.58,441.73,2379.41,2425.2,1101.03,1245.76,1582.48,1507.03,1007.21,933.54,1225.89,11.0,12.0,321.58,190.1
2023-08-21,11339.29,828.09,1577.91,1583.76,443.06,2352.81,2400.64,1088.34,1192.54,1603.47,1501.75,1003.91,942.61,1221.26,11.0,12.0,321.58,190.1
2023-08-22,11279.03,826.86,1568.31,1595.18,443.3,2330.05,2314.09,1088.08,1243.96,1733.81,1504.45,1003.37,926.26,1203.29,11.0,12.0,321.58,190.1
2023-08-23,11385.47,844.93,1571.35,1585.4,456.76,2299.06,2321.72,1094.99,1222.27,1614.64,1530.68,1023.49,929.49,1201.75,11.0,12.0,321.58,190.1
2023-08-24,11243.8,816.95,1562.74,1581.77,466.5,2237.5,2307.25,1091.0,1209.44,1596.56,1528.04,1013.72,923.93,1184.36,11.0,12.0,321.58,190.1
2023-08-25,11194.55,809.27,1539.16,1585.65,461.37,2214.86,2339.69,1097.76,1235.93,1618.0,1521.85,1009.73,928.36,1194.02,11.0,12.0,321.58,190.1
2023-08-28,11170.04,807.21,1535.93,1563.31,462.13,2203.55,2312.37,1093.08,1240.04,1596.12,1518.26,1008.83,924.72,1200.65,11.0,12.0,321.58,190.1
2023-08-29,11168.26,803.35,1529.19,1566.62,459.09,2225.35,2351.54,1111.25,1253.82,1708.02,1507.46,1000.09,930.84,1194.02,11.0,12.0,321.58,190.1
2023-08-31,11117.66,788.5,1522.23,1567.32,461.42,2201.31,2348.78,1110.87,1244.36,1650.87,1511.31,995.31,921.35,1214.11,11.0,12.0,321.58,190.1
2023-09-01,11211.57,805.91,1539.98,1574.92,456.99,2205.69,2490.01,1109.94,1224.74,1585.18,1514.98,1004.45,924.76,1207.48,11.0,12.0,322.77,191.8
2023-09-04,11377.98,830.55,1578.56,1622.58,457.8,2275.23,2465.09,1114.08,1253.61,1657.56,1515.4,993.35,925.45,1199.17,11.0,12.0,322.77,191.8
2023-09-05,11474.95,847.68,1592.85,1630.35,459.29,2296.74,2470.61,1112.35,1256.28,1664.31,1554.92,1000.06,923.24,1188.48,11.0,12.0,322.77,191.8
2023-09-06,11351.27,828.53,1574.24,1635.74,459.89,2247.12,2423.69,1108.53,1272.53,1728.69,1551.67,1002.01,917.49,1169.48,11.0,12.0,322.77,191.8
2023-09-07,11357.45,828.87,1566.88,1624.63,463.51,2258.26,2416.86,1112.98,1269.79,1695.32,1562.93,1009.66,925.09,1186.93,11.0,12.0,322.77,191.8
2023-09-08,11466.07,832.31,1582.39,1653.04,473.02,2253.96,2403.39,1127.73,1261.75,1691.25,1574.0,1021.88,932.96,1191.06,11.0,12.0,322.77,191.8
2023-09-11,11384.33,819.19,1585.33,1651.71,481.21,2222.5,2421.54,1128.23,1266.69,1678.68,1560.84,1014.34,921.87,1205.8,11.0,12.0,322.77,191.8
2023-09-12,11360.83,811.97,1581.33,1632.28,491.23,2229.88,2410.87,1127.89,1251.98,1676.76,1558.2,1006.45,925.06,1193.05,11.0,12.0,322.77,191.8
2023-09-13,11432.62,821.9,1583.7,1635.5,486.26,2220.31,2448.84,1134.11,1252.26,1623.84,1571.94,1005.57,934.95,1183.84,11.0,12.0,322.77,191.8
2023-09-14,11532.62,824.44,1601.66,1620.69,482.47,2226.76,2429.7,1147.86,1277.31,1680.55,1582.26,1004.52,931.23,1205.8,11.0,12.0,322.77,191.8
2023-09-15,11465.73,817.46,1599.76,1620.22,480.48,2226.48,2421.54,1136.67,1293.78,1648.68,1584.9,1044.7,929.19,1183.84,11.0,12.0,322.77,191.8
2023-09-18,11363.64,807.26,1585.37,1603.24,474.67,2204.28,2401.91,1130.77,1272.52,1652.21,1567.35,1030.77,926.42,1174.64,11.0,12.0,322.77,191.8
2023-09-19,11275.2,792.9,1567.44,1602.35,469.73,2184.46,2397.13,1130.31,1289.76,1638.64,1559.11,1017.57,923.08,1174.12,11.0,12.0,322.77,191.8
2023-09-20,11274.33,793.49,1562.52,1610.99,470.91,2169.79,2353.1,1138.51,1296.74,1677.68,1554.08,1021.28,918.66,1167.49,11.0,12.0,322.77,191.8
2023-09-21,11202.57,785.51,1564.04,1605.36,470.81,2155.7,2336.27,1135.32,1270.59,1639.89,1548.84,1014.35,920.77,1182.23,11.0,12.0,322.77,191.8
2023-09-22,11263.78,788.67,1577.1,1617.54,472.87,2159.27,2365.9,1141.74,1279.19,1645.7,1554.38,1008.77,921.95,1164.91,11.0,12.0,322.77,191.8
2023-09-25,11208.03,784.73,1578.53,1609.26,467.1,2142.92,2347.47,1129.74,1257.37,1638.16,1553.35,1005.59,921.89,1143.92,11.0,12.0,322.77,191.8
2023-09-26,11258.52,791.84,1585.99,1607.02,468.53,2165.2,2353.72,1137.56,1301.62,1641.17,1548.4,1009.28,924.55,1146.43,11.0,12.0,322.77,191.8
2023-09-27,11346.7,803.74,1588.89,1636.19,473.74,2181.45,2363.22,1146.24,1305.0,1616.51,1560.02,1021.65,937.75,1158.73,11.0,12.0,322.77,191.8
2023-10-02,11152.18,783.87,1565.96,1612.97,465.9,2144.87,2324.41,1127.65,1295.0,1604.99,1540.18,1000.48,915.07,1149.07,11.0,12.0,324.73,191.4
2023-10-03,11042.86,770.68,1561.77,1607.98,459.14,2113.59,2290.08,1117.76,1271.06,1593.47,1526.19,992.49,915.04,1146.43,11.0,12.0,324.73,191.4
2023-10-04,11095.78,778.25,1562.48,1618.5,461.58,2146.45,2297.78,1120.2,1255.01,1598.17,1541.52,1000.58,917.6,1154.67,11.0,12.0,324.73,191.4
2023-10-05,11052.33,777.12,1560.83,1619.84,461.78,2119.82,2293.05,1112.33,1278.23,1607.62,1531.24,996.16,919.72,1209.28,10.0,11.0,324.73,191.4
2023-10-06,10989.92,763.94,1557.04,1609.65,456.61,2119.77,2279.87,1104.96,1280.06,1588.69,1529.13,1000.88,913.79,1201.62,10.0,11.0,324.73,191.4
2023-10-09,10824.24,750.64,1539.63,1564.95,447.97,2070.72,2201.13,1089.22,1256.05,1575.49,1508.52,989.52,910.31,1178.5,10.0,11.0,324.73,191.4
2023-10-10,10825.16,749.88,1534.29,1579.46,445.97,2064.15,2184.73,1095.58,1269.4,1570.94,1508.11,990.39,913.42,1173.93,10.0,11.0,324.73,191.4
2023-10-11,10688.86,735.45,1528.71,1563.18,441.61,2043.16,2146.74,1079.63,1247.53,1524.94,1488.14,970.84,897.61,1160.09,10.0,11.0,324.73,191.4
2023-10-12,10830.37,746.96,1545.8,1579.4,444.01,2066.53,2177.91,1098.9,1239.31,1628.81,1499.7,976.75,889.27,1152.94,10.0,11.0,324.73,191.4
2023-10-13,10813.03,746.94,1552.51,1552.48,441.21,2069.76,2113.96,1095.38,1243.36,1624.71,1488.5,991.64,909.76,1161.57,10.0,11.0,324.73,191.4
2023-10-16,10724.45,729.07,1547.49,1558.37,440.17,2043.82,2110.5,1084.31,1284.23,1554.34,1476.34,977.06,892.8,1136.07,10.0,11.0,324.73,191.4
2023-10-17,10653.62,721.51,1524.47,1542.16,433.41,2043.55,2073.63,1077.49,1283.34,1609.29,1459.96,973.8,905.05,1140.19,10.0,11.0,324.73,191.4
2023-10-18,10557.16,719.97,1517.93,1519.51,427.84,2021.55,2044.25,1071.51,1301.91,1595.51,1438.12,958.01,890.36,1133.11,10.0,11.0,324.73,191.4
2023-10-19,10590.42,724.68,1531.34,1528.44,439.6,2022.15,2063.94,1064.83,1254.64,1609.21,1433.58,965.26,886.61,1138.77,10.0,11.0,324.73,191.4
2023-10-20,10870.5,769.12,1544.01,1553.4,443.37,2053.58,2062.3,1095.24,1267.89,1648.21,1460.57,972.76,896.78,1152.75,10.0,11.0,324.73,191.4
2023-10-23,10845.11,768.0,1541.93,1543.65,438.92,2049.96,2069.54,1083.91,1274.67,1647.43,1455.81,969.4,896.53,1185.79,10.0,11.0,324.73,191.4
2023-10-24,10736.86,751.56,1533.34,1511.67,433.89,2024.58,2059.48,1081.24,1296.16,1631.74,1437.63,953.99,882.37,1163.7,10.0,11.0,324.73,191.4
2023-10-25,10630.45,738.88,1527.09,1535.41,424.97,1990.81,2038.47,1079.79,1285.14,1634.06,1423.47,948.2,889.5,1148.82,10.0,11.0,324.73,191.4
2023-10-26,10557.72,736.44,1520.05,1511.69,421.4,1965.26,2011.91,1068.46,1280.09,1624.87,1420.82,938.29,889.75,1126.8,10.0,11.0,324.73,191.4
2023-10-27,10698.26,751.7,1536.74,1550.51,424.79,1981.64,2142.83,1084.09,1272.14,1601.84,1444.27,971.43,882.06,1125.32,10.0,11.0,324.73,191.4
2023-10-30,10680.16,747.62,1532.82,1536.99,428.36,1938.62,2244.09,1082.62,1251.39,1666.63,1440.25,960.62,876.94,1134.46,10.0,11.0,324.73,191.4
2023-10-31,10654.67,740.4,1527.07,1528.26,422.55,1950.12,2201.13,1079.2,1246.38,1553.83,1438.09,947.39,868.04,1136.07,10.0,11.0,324.73,191.4
2023-11-01,10770.54,761.51,1533.93,1552.6,434.07,1995.7,2331.77,1088.8,1271.26,1622.35,1445.79,972.12,880.41,1139.03,10.0,11.0,328.25,193.4
2023-11-02,10821.18,761.53,1540.82,1557.46,431.16,2001.26,2315.4,1084.09,1262.46,1630.68,1449.62,993.41,876.28,1146.18,10.0,11.0,328.25,193.4
2023-11-03,10787.6,752.14,1536.47,1552.56,430.7,1992.23,2311.11,1087.84,1250.74,1596.28,1442.7,993.36,878.67,1157.45,10.0,11.0,328.25,193.4
2023-11-06,10799.89,758.97,1535.63,1567.8,428.78,1990.67,2329.53,1097.14,1252.2,1590.07,1433.08,1000.43,881.8,1144.12,10.0,11.0,328.25,193.4
2023-11-07,10885.05,766.04,1548.51,1558.11,425.72,2018.05,2327.32,1112.85,1269.28,1545.3,1436.13,1003.75,882.86,1154.87,10.0,11.0,328.25,193.4
2023-11-08,10955.37,782.2,1556.7,1562.69,432.46,2028.82,2326.69,1109.14,1265.42,1574.29,1446.42,988.37,884.49,1144.57,10.0,11.0,328.25,193.4
2023-11-09,10895.2,778.17,1556.86,1560.21,431.19,1999.25,2304.83,1107.18,1277.61,1619.59,1436.58,979.04,890.55,1162.41,10.0,11.0,328.25,193.4
2023-11-10,10868.39,775.31,1551.36,1534.69,426.19,2024.09,2279.39,1097.38,1267.19,1571.86,1419.79,988.35,884.99,1155.58,10.0,11.0,328.25,193.4
2023-11-13,10882.28,786.17,1536.56,1544.33,426.0,1993.4,2255.86,1112.88,1296.09,1578.04,1419.81,968.94,895.29,1136.07,10.0,11.0,328.25,193.4
2023-11-14,10783.4,775.67,1521.57,1525.58,422.07,2000.85,2253.88,1093.67,1262.97,1571.98,1422.56,989.64,884.04,1108.0,10.0,11.0,328.25,193.4
2023-11-15,10735.24,768.82,1515.52,1523.51,418.53,1976.9,2251.64,1086.82,1282.48,1565.45,1408.84,973.08,887.96,1120.23,10.0,11.0,328.25,193.4
2023-11-16,10676.53,763.48,1499.38,1523.71,409.56,1961.75,2200.34,1081.21,1274.79,1579.52,1399.61,958.52,865.2,1132.02,10.0,11.0,328.25,193.4
2023-11-17,10646.81,758.79,1498.07,1525.68,410.9,1969.48,2184.15,1086.27,1263.71,1574.37,1399.48,962.48,855.0,1110.06,10.0,11.0,328.25,193.4
2023-11-20,10553.97,750.96,1492.25,1507.66,409.42,1933.08,2187.46,1076.92,1278.01,1566.65,1385.68,961.52,840.27,1135.69,10.0,11.0,328.25,193.4
2023-11-21,10509.71,749.53,1490.56,1504.35,408.61,1932.43,2139.71,1070.44,1284.21,1567.96,1383.02,943.68,831.94,1135.69,10.0,11.0,328.25,193.4
2023-11-22,10548.94,752.8,1484.27,1515.33,410.08,1943.98,2162.97,1082.87,1285.97,1575.42,1386.43,951.38,835.04,1138.26,10.0,11.0,328.25,193.4
2023-11-23,10517.37,752.26,1475.03,1519.02,410.39,1916.48,2158.69,1079.16,1280.27,1562.93,1377.15,951.05,826.57,1135.49,10.0,11.0,328.25,193.4
2023-11-24,10524.96,753.52,1482.7,1522.75,413.26,1933.76,2157.65,1080.29,1245.55,1558.09,1389.47,938.94,836.66,1142.13,9.0,10.0,328.25,193.4
2023-11-27,10480.02,750.7,1467.14,1499.25,408.1,1936.09,2140.54,1075.85,1227.4,1568.18,1375.55,928.57,822.35,1130.54,9.0,10.0,328.25,193.4
2023-11-28,10457.12,749.04,1477.18,1497.85,403.53,1932.19,2128.27,1078.62,1231.3,1554.92,1368.03,936.85,820.31,1123.9,9.0,10.0,328.25,193.4
2023-11-29,10547.39,758.8,1473.7,1509.17,417.15,1929.73,2124.17,1083.37,1246.18,1572.49,1382.34,923.97,814.9,1139.55,9.0,10.0,328.25,193.4
2023-11-30,10608.29,767.43,1503.92,1508.75,414.37,1957.86,2153.99,1080.75,1235.6,1593.79,1398.15,934.98,821.86,1110.64,9.0,10.0,328.25,193.4
2023-12-01,10739.97,792.51,1509.53,1525.73,420.26,1958.22,2172.15,1085.28,1235.37,1512.21,1397.94,954.89,826.56,1113.41,9.0,10.0,326.74,195.1
2023-12-04,10743.59,796.71,1506.76,1518.23,421.85,1972.29,2194.91,1084.75,1237.18,1510.87,1388.75,955.41,824.24,1118.75,9.0,10.0,326.74,195.1
2023-12-05,10708.83,789.62,1503.39,1523.93,415.85,1941.04,2186.72,1085.64,1262.5,1554.8,1382.15,958.67,820.46,1118.75,9.0,10.0,326.74,195.1
2023-12-06,10703.09,789.11,1499.54,1508.09,414.36,1952.4,2186.72,1080.94,1250.82,1549.73,1378.62,952.84,795.99,1116.17,9.0,10.0,326.74,195.1
2023-12-07,10726.04,792.62,1494.36,1517.22,414.61,1939.43,2169.3,1093.32,1232.67,1580.16,1378.71,958.1,799.39,1109.03,9.0,10.0,326.74,195.1
2023-12-08,10825.31,807.31,1494.63,1511.67,415.5,1955.08,2230.67,1107.6,1239.64,1548.47,1393.35,953.73,803.23,1106.39,9.0,10.0,326.74,195.1
2023-12-11,10866.8,809.05,1505.14,1517.05,416.72,1946.39,2244.8,1111.06,1237.13,1545.5,1395.32,931.96,814.99,1107.93,9.0,10.0,326.74,195.1
2023-12-12,10888.11,812.2,1506.02,1519.2,415.81,1944.54,2278.73,1121.78,1240.87,1545.48,1397.28,942.21,822.76,1113.08,9.0,10.0,326.74,195.1
2023-12-13,10856.71,806.58,1506.34,1512.89,414.87,1936.93,2246.0,1122.72,1236.29,1538.8,1388.31,934.51,814.89,1096.66,9.0,10.0,326.74,195.1
2023-12-14,10807.14,801.37,1501.86,1515.18,413.92,1929.79,2244.35,1115.4,1226.86,1546.36,1389.15,937.67,812.11,1083.85,9.0,10.0,326.74,195.1
2023-12-15,10738.4,796.82,1492.44,1499.98,410.32,1930.23,2199.93,1105.83,1215.14,1538.69,1396.84,935.04,812.06,1069.42,9.0,10.0,326.74,195.1
2023-12-18,10675.27,789.56,1488.3,1491.75,408.94,1902.65,2178.44,1092.67,1232.88,1534.01,1390.33,933.95,801.24,1077.67,9.0,10.0,326.74,195.1
2023-12-19,10616.38,785.73,1474.35,1494.14,403.17,1902.92,2166.27,1089.07,1191.1,1531.04,1369.38,929.87,796.44,1067.88,9.0,10.0,326.74,195.1
2023-12-20,10605.9,785.31,1476.55,1494.13,403.18,1898.86,2165.21,1085.44,1209.01,1534.48,1372.19,918.75,795.14,1064.34,9.0,10.0,326.74,195.1
2023-12-21,10642.91,789.12,1480.75,1493.08,406.75,1879.51,2150.5,1080.66,1202.16,1533.93,1373.13,920.23,792.18,1067.36,9.0,10.0,326.74,195.1
2023-12-22,10608.3,785.01,1472.09,1517.22,407.16,1889.03,2136.51,1087.99,1232.55,1535.89,1360.86,918.4,787.04,1056.09,9.0,10.0,326.74,195.1
2023-12-27,10614.35,786.3,1486.92,1508.35,406.46,1870.68,2120.59,1092.7,1230.64,1571.85,1383.51,920.86,786.06,1072.51,9.0,10.0,326.74,195.1
2023-12-28,10646.61,790.63,1485.36,1509.7,406.24,1888.82,2120.59,1091.26,1222.86,1584.37,1383.22,909.62,794.75,1079.66,9.0,10.0,326.74,195.1
2023-12-29,10654.16,797.1,1485.92,1510.75,405.94,1894.76,2143.16,1088.97,1224.08,1470.98,1380.15,909.06,796.15,1076.05,9.0,10.0,326.74,195.1
2024-01-02,10684.28,801.17,1490.79,1506.46,407.31,1884.59,2112.88,1095.16,1235.34,1455.8,1385.83,907.41,783.59,1061.69,9.0,10.0,321.17,200.7
2024-01-03,10719.51,798.6,1492.87,1519.24,412.35,1868.86,2146.89,1108.49,1247.2,1582.49,1399.52,910.67,784.85,1069.42,9.0,10.0,321.17,200.7
2024-01-04,10740.03,797.05,1496.52,1526.68,412.49,1870.56,2149.1,1117.06,1240.65,1561.64,1412.62,911.26,789.85,1053.58,9.0,10.0,321.17,200.7
2024-01-05,10761.61,795.3,1495.1,1539.04,410.44,1875.05,2226.04,1119.71,1246.7,1561.98,1415.52,924.48,808.77,1074.51,9.0,10.0,321.17,200.7
2024-01-08,10757.2,789.32,1487.27,1526.28,417.78,1876.92,2228.48,1118.92,1247.62,1553.59,1406.82,912.71,793.66,1076.05,9.0,10.0,321.17,200.7
2024-01-09,10724.38,789.29,1480.86,1524.18,421.08,1860.41,2188.9,1114.2,1229.37,1558.56,1400.64,916.4,789.1,1070.9,9.0,10.0,321.17,200.7
2024-01-10,10677.13,784.53,1478.5,1512.34,417.47,1862.5,2188.39,1106.76,1219.43,1549.78,1385.24,922.76,790.52,1053.97,9.0,10.0,321.17,200.7
2024-01-11,10621.56,777.33,1469.07,1539.04,409.44,1843.79,2187.33,1112.06,1240.0,1547.66,1382.02,916.72,798.1,1047.33,9.0,10.0,321.17,200.7
2024-01-12,10611.89,774.76,1470.07,1545.7,411.91,1852.84,2179.73,1113.37,1243.29,1547.28,1390.65,929.74,804.51,1055.45,9.0,10.0,321.17,200.7
2024-01-16,10545.23,768.28,1468.64,1535.47,405.02,1844.92,2155.32,1095.44,1215.44,1536.65,1384.57,929.03,787.83,1057.64,9.0,10.0,321.17,200.7
2024-01-17,10480.29,762.23,1460.13,1524.14,402.72,1811.36,2128.89,1089.63,1254.44,1530.26,1374.89,913.99,781.15,1055.64,9.0,10.0,321.17,200.7
2024-01-18,10460.88,753.72,1456.62,1517.81,408.19,1842.49,2108.35,1088.25,1250.33,1530.22,1368.1,920.37,777.09,1065.24,9.0,10.0,321.17,200.7
2024-01-19,10442.11,756.43,1455.34,1515.64,406.04,1817.36,2132.61,1080.73,1199.62,1534.97,1370.67,917.92,780.15,1059.12,9.0,10.0,321.17,200.7
2024-01-22,10367.3,745.65,1438.31,1514.78,402.92,1813.22,2130.29,1077.01,1219.92,1493.21,1362.88,916.95,770.21,1058.67,9.0,10.0,321.17,200.7
2024-01-23,10288.19,741.34,1428.18,1509.28,395.98,1783.25,2110.07,1067.89,1190.72,1518.72,1355.3,908.07,772.48,1045.85,9.0,10.0,321.17,200.7
2024-01-24,10277.99,743.86,1417.51,1495.87,402.57,1777.21,2117.81,1063.63,1216.93,1515.98,1353.17,912.82,785.44,1038.19,9.0,10.0,321.17,200.7
2024-01-26,10335.79,747.66,1438.63,1495.6,400.32,1791.98,2107.51,1075.19,1196.35,1492.43,1359.94,913.87,775.59,1062.79,9.0,10.0,321.17,200.7
2024-01-29,10287.03,743.04,1434.03,1499.46,399.97,1763.6,2116.35,1068.46,1220.69,1494.46,1366.77,912.09,779.92,1074.06,9.0,10.0,321.17,200.7
2024-01-30,10294.77,742.94,1420.7,1498.33,406.06,1755.39,2178.77,1076.73,1212.2,1410.46,1361.46,904.75,796.29,1081.21,9.0,10.0,321.17,200.7
2024-01-31,10311.15,743.19,1425.79,1493.41,401.53,1781.98,2184.12,1078.51,1232.03,1522.42,1373.96,907.47,787.21,1101.81,9.0,10.0,321.17,200.7
2024-02-01,10384.85,757.08,1433.66,1493.31,401.26,1766.52,2175.22,1084.46,1222.45,1421.05,1375.2,910.53,781.84,1109.03,9.0,10.0,312.58,200.6
2024-02-02,10441.64,764.99,1431.47,1502.9,400.86,1788.79,2190.11,1085.45,1222.15,1527.16,1374.15,915.67,769.68,1129.44,9.0,10.0,312.58,200.6
2024-02-06,10527.02,769.28,1458.44,1501.92,405.33,1814.69,2201.41,1091.47,1217.63,1468.85,1390.16,916.43,773.05,1116.56,9.0,10.0,312.58,200.6
2024-02-07,10527.98,771.2,1466.27,1491.74,404.1,1814.06,2221.95,1103.12,1207.16,1515.55,1392.53,921.13,777.97,1099.62,9.0,10.0,312.58,200.6
2024-02-08,10550.9,774.78,1468.88,1492.0,403.15,1835.06,2220.74,1086.6,1188.81,1513.93,1383.31,932.41,784.66,1101.1,9.0,10.0,312.58,200.6
2024-02-09,10573.97,777.21,1480.43,1487.9,406.17,1835.4,2224.83,1088.46,1196.2,1518.56,1388.82,941.14,780.39,1105.16,9.0,10.0,312.58,200.6
2024-02-12,10586.46,780.33,1480.58,1494.72,405.57,1835.14,2206.61,1091.85,1182.3,1517.0,1387.61,927.17,777.47,1107.74,9.0,10.0,312.58,200.6
2024-02-13,10566.56,775.18,1485.38,1513.69,405.59,1818.22,2213.03,1089.31,1178.92,1518.53,1381.3,935.8,777.69,1118.43,9.0,10.0,312.58,200.6
2024-02-14,10534.56,774.49,1487.43,1508.86,404.57,1824.3,2210.54,1091.65,1161.88,1520.39,1376.77,930.65,777.79,1127.12,9.0,10.0,312.58,200.6
2024-02-15,10568.66,778.06,1492.95,1504.72,404.43,1819.61,2243.43,1092.35,1155.8,1522.07,1384.12,933.01,776.9,1125.64,9.0,10.0,312.58,200.6
2024-02-16,10601.8,781.94,1501.2,1518.57,403.18,1828.73,2229.48,1094.19,1162.26,1546.64,1372.32,951.47,792.54,1154.81,9.0,10.0,312.58,200.6
2024-02-19,10647.61,783.6,1504.57,1525.07,406.32,1825.28,2231.96,1091.7,1158.75,1525.92,1376.66,946.83,780.25,1168.52,9.0,10.0,312.58,200.6
2024-02-20,10634.4,781.42,1509.46,1524.98,401.93,1825.59,2215.46,1093.29,1151.07,1520.68,1386.7,937.0,781.8,1176.7,9.0,10.0,312.58,200.6
2024-02-21,10660.11,776.62,1521.73,1542.0,405.5,1814.75,2215.14,1104.67,1160.91,1538.88,1387.2,948.13,787.25,1185.85,9.0,10.0,312.58,200.6
2024-02-22,10655.35,773.08,1525.9,1541.3,402.18,1826.24,2245.23,1104.06,1173.34,1525.97,1385.19,951.79,791.9,1192.54,9.0,10.0,312.58,200.6
2024-02-26,10608.09,774.97,1502.76,1517.41,398.94,1806.13,2240.77,1095.35,1152.89,1517.39,1379.49,950.95,798.56,1207.93,9.0,10.0,312.58,200.6
2024-02-27,10627.8,771.63,1507.25,1531.15,398.49,1786.18,2167.64,1105.35,1153.93,1513.74,1389.52,940.89,788.0,1201.3,9.0,10.0,312.58,200.6
2024-02-28,10679.44,769.25,1516.96,1531.53,399.49,1797.94,2189.61,1110.69,1143.2,1518.65,1426.3,952.27,800.33,1176.06,9.0,10.0,312.58,200.6
2024-02-29,10656.44,764.31,1509.58,1544.1,405.82,1797.7,2198.0,1101.4,1144.11,1524.68,1423.93,948.49,793.39,1168.91,9.0,10.0,312.58,200.6
2024-03-01,10724.6,759.0,1504.53,1531.61,405.35,1859.34,2243.45,1119.04,1148.53,1534.61,1435.93,949.62,800.97,1181.66,9.0,10.0,305.66,196.7
2024-03-04,10816.57,759.93,1540.1,1528.86,409.35,1904.02,2235.24,1125.92,1148.62,1544.48,1448.3,955.14,800.07,1161.12,9.0,10.0,305.66,196.7
2024-03-05,10841.65,766.15,1531.98,1550.94,413.67,1915.67,2251.24,1122.12,1147.15,1545.99,1472.62,981.67,812.63,1187.78,9.0,10.0,305.66,196.7
2024-03-06,10894.56,769.61,1529.28,1563.62,415.23,1926.4,2286.22,1127.07,1152.66,1571.45,1497.36,985.16,823.06,1174.45,9.0,10.0,305.66,196.7
2024-03-07,11045.9,779.8,1555.56,1556.66,423.58,2020.27,2271.7,1142.72,1168.83,1520.95,1502.81,992.42,835.86,1189.77,9.0,10.0,305.66,196.7
2024-03-11,11135.58,786.83,1563.74,1562.25,424.95,2009.7,2276.98,1149.62,1180.91,1549.33,1508.13,998.29,845.37,1196.02,9.0,10.0,305.66,196.7
2024-03-12,11175.4,790.43,1570.33,1569.72,426.8,2019.3,2274.0,1151.21,1187.87,1593.2,1514.88,1001.86,853.61,1194.34,9.0,10.0,305.66,196.7
2024-03-13,11281.66,801.13,1584.46,1602.36,426.1,2030.5,2268.88,1170.11,1222.54,1591.89,1509.04,1002.57,856.67,1195.82,9.0,10.0,305.66,196.7
2024-03-14,11322.55,806.65,1572.37,1629.94,423.69,2016.17,2346.61,1177.25,1208.93,1608.75,1519.04,1007.97,861.34,1212.24,9.0,10.0,305.66,196.7
2024-03-15,11356.73,807.96,1583.34,1660.81,424.64,2032.98,2354.96,1167.15,1194.02,1614.48,1532.08,1012.09,881.16,1213.79,9.0,10.0,305.66,196.7
2024-03-18,11320.85,807.47,1579.65,1628.76,420.63,2019.06,2298.76,1169.52,1209.69,1608.54,1528.08,1004.61,880.46,1213.24,9.0,10.0,305.66,196.7
2024-03-19,11267.53,804.03,1565.07,1616.82,420.85,1992.96,2292.51,1181.18,1219.35,1616.02,1523.16,1001.11,872.59,1225.53,9.0,10.0,305.66,196.7
2024-03-20,11281.61,802.5,1554.09,1608.1,421.67,1989.36,2298.82,1176.85,1187.13,1617.23,1523.88,1014.12,852.6,1231.64,9.0,10.0,305.66,196.7
2024-03-21,11185.47,797.83,1538.39,1593.15,417.25,1985.18,2319.85,1169.97,1186.09,1568.45,1524.19,1000.61,842.08,1256.71,9.0,10.0,305.66,196.7
2024-03-22,11270.3,803.05,1558.96,1600.41,423.48,1992.51,2329.76,1180.11,1179.71,1633.0,1555.84,1006.02,856.81,1259.28,9.0,10.0,305.66,196.7
2024-03-25,11250.36,806.94,1556.57,1594.52,420.93,1989.1,2342.11,1175.23,1205.58,1552.88,1548.08,1005.26,849.9,1254.69,9.0,10.0,305.66,196.7
2024-03-26,11354.12,821.34,1565.79,1563.48,419.97,2041.38,2367.47,1180.38,1233.67,1558.34,1555.66,1007.4,847.63,1253.09,8.5,9.5,305.66,196.7
2024-03-27,11430.91,832.05,1572.71,1598.78,421.22,2053.4,2396.27,1182.72,1211.99,1655.93,1562.14,1011.71,854.06,1236.69,8.5,9.5,305.66,196.7
2024-03-28,11444.38,842.08,1582.71,1593.02,422.43,2039.82,2380.47,1188.29,1214.22,1559.37,1568.15,1009.48,846.99,1237.23,8.5,9.5,305.66,196.7
2024-04-01,11505.38,842.52,1584.26,1620.08,429.59,2049.73,2387.16,1186.08,1219.7,1649.96,1581.49,1025.06,859.15,1239.31,9.0,10.0,299.42,195.2
2024-04-02,11553.17,846.7,1600.53,1594.71,432.64,2046.49,2387.55,1180.14,1204.3,1612.09,1587.75,1036.12,868.21,1236.23,8.5,9.5,299.42,195.2
2024-04-03,11661.99,864.25,1612.68,1586.65,431.62,2063.98,2421.56,1188.63,1203.38,1641.24,1606.69,1028.72,869.51,1251.04,8.5,9.5,299.42,195.2
2024-04-04,11698.49,879.88,1611.02,1569.39,434.07,2063.51,2417.09,1182.34,1190.49,1644.74,1603.73,1027.05,866.22,1238.74,8.5,9.5,299.42,195.2
2024-04-05,11795.47,903.29,1615.31,1587.64,437.36,2099.73,2481.14,1186.86,1197.43,1653.41,1596.45,1024.84,882.82,1249.47,8.5,9.5,299.42,195.2
2024-04-08,11925.9,921.96,1618.88,1593.89,439.42,2107.4,2536.03,1196.24,1167.07,1632.63,1609.46,1030.77,871.35,1247.93,8.5,9.5,299.42,195.2
2024-04-09,11960.35,923.85,1633.05,1580.04,442.59,2118.06,2496.42,1203.75,1206.04,1622.53,1610.55,1050.93,896.38,1250.5,8.5,9.5,299.42,195.2
2024-04-10,12049.84,937.72,1630.83,1603.89,444.71,2140.09,2531.7,1215.2,1179.64,1637.82,1614.42,1069.91,915.96,1266.39,8.5,9.5,299.42,195.2
2024-04-15,11996.78,925.66,1637.15,1633.3,441.17,2163.13,2565.66,1210.65,1177.89,1636.75,1604.24,1071.9,907.98,1262.31,8.5,9.5,299.42,195.2
2024-04-16,11787.76,894.08,1618.55,1608.24,436.03,2100.18,2539.82,1186.48,1188.16,1621.05,1584.35,1055.95,912.26,1237.23,8.5,9.5,299.42,195.2
2024-04-17,11844.62,895.8,1627.29,1617.5,454.46,2133.18,2622.77,1197.87,1178.28,1627.72,1586.57,1067.52,904.5,1224.42,8.5,9.5,299.42,195.2
2024-04-18,11797.84,891.11,1633.0,1602.09,447.2,2133.3,2589.15,1197.23,1174.91,1592.0,1571.78,1052.07,902.1,1237.2,8.5,9.5,299.42,195.2
2024-04-19,11753.04,882.45,1630.74,1588.67,445.23,2113.27,2542.6,1193.79,1184.11,1623.74,1566.04,1050.86,888.79,1253.09,8.5,9.5,299.42,195.2
2024-04-22,11828.22,891.03,1640.85,1600.06,445.68,2157.55,2582.26,1214.12,1193.88,1645.88,1588.19,1059.6,900.75,1250.53,8.5,9.5,299.42,195.2
2024-04-24,11914.79,884.87,1646.03,1606.92,452.27,2181.3,2569.64,1224.14,1186.19,1642.12,1596.42,1068.04,919.77,1245.91,8.5,9.5,299.42,195.2
2024-04-25,12090.59,917.67,1678.58,1595.97,453.23,2236.09,2593.97,1229.26,1173.55,1640.99,1621.29,1061.11,940.46,1252.58,8.5,9.5,299.42,195.2
2024-04-26,12201.01,934.46,1680.53,1595.63,453.11,2254.13,2643.36,1249.12,1185.99,1697.15,1629.5,1046.61,966.59,1247.96,8.5,9.5,299.42,195.2
2024-04-29,12310.95,948.31,1698.49,1602.63,455.35,2246.36,2668.07,1259.34,1185.07,1658.36,1649.18,1039.26,982.99,1247.96,8.5,9.5,299.42,195.2
2024-04-30,12368.48,944.39,1704.6,1604.06,455.58,2291.46,2685.33,1276.3,1178.97,1717.89,1661.86,1067.38,993.31,1238.23,8.5,9.5,299.42,195.2
2024-05-02,12353.69,937.66,1707.88,1615.64,458.06,2297.03,2668.51,1272.03,1186.24,1667.44,1673.38,1055.69,996.0,1239.77,8.5,9.5,299.69,194.1
2024-05-03,12404.33,936.93,1690.41,1605.61,465.06,2329.84,2664.4,1279.29,1178.28,1676.66,1683.8,1069.73,1020.22,1234.66,8.5,9.5,299.69,194.1
2024-05-06,12385.63,928.94,1679.6,1610.38,461.18,2347.97,2633.58,1277.47,1182.84,1678.68,1694.43,1074.68,1017.31,1236.18,8.5,9.5,299.69,194.1
2024-05-07,12375.82,926.54,1676.93,1679.53,460.67,2341.06,2656.36,1284.31,1188.98,1740.02,1697.14,1096.51,1021.29,1237.72,8.5,9.5,299.69,194.1
2024-05-08,12353.57,925.85,1690.63,1648.26,455.7,2312.05,2651.37,1274.17,1200.17,1684.82,1691.74,1116.34,1021.9,1216.24,8.5,9.5,299.69,194.1
2024-05-09,12396.9,939.87,1694.77,1649.52,457.21,2330.57,2681.38,1282.61,1209.53,1695.53,1693.34,1104.41,1026.24,1221.37,8.5,9.5,299.69,194.1
2024-05-10,12518.97,954.92,1720.41,1674.1,455.5,2357.18,2668.97,1277.97,1204.75,1695.26,1700.53,1112.79,1020.01,1228.02,8.5,9.5,299.69,194.1
2024-05-13,12499.16,952.67,1711.76,1700.34,453.55,2345.58,2661.77,1272.66,1205.98,1722.23,1709.52,1122.2,1003.15,1211.1,8.5,9.5,299.69,194.1
2024-05-14,12358.8,940.31,1689.5,1668.63,448.45,2298.69,2669.55,1265.56,1189.28,1689.42,1694.89,1106.52,992.51,1199.32,8.5,9.5,299.69,194.1
2024-05-15,12291.11,926.34,1673.47,1672.05,446.27,2285.24,2656.67,1264.38,1176.91,1706.93,1684.45,1096.5,983.6,1196.75,8.5,9.5,299.69,194.1
2024-05-16,12279.37,925.91,1678.56,1699.91,446.24,2272.48,2637.63,1268.22,1179.33,1682.21,1676.94,1094.11,988.67,1197.27,8.5,9.5,299.69,194.1
2024-05-17,12313.94,925.46,1691.79,1700.32,447.47,2285.83,2673.26,1264.15,1175.3,1692.75,1707.78,1110.41,995.2,1195.75,8.5,9.5,299.69,194.1
2024-05-20,12235.14,917.17,1683.19,1670.68,442.91,2246.21,2660.73,1261.83,1168.56,1654.85,1695.05,1105.94,979.39,1185.51,8.5,9.5,299.69,194.1
2024-05-21,12252.35,918.69,1687.64,1695.32,443.49,2263.35,2633.51,1257.69,1181.67,1654.77,1697.23,1099.35,981.07,1180.41,8.5,9.5,299.69,194.1
2024-05-22,12348.84,929.94,1706.99,1697.86,443.11,2293.71,2670.51,1271.31,1181.71,1669.62,1717.65,1109.76,994.06,1190.67,8.5,9.5,299.69,194.1
2024-05-27,12308.99,926.09,1701.17,1698.84,441.49,2276.4,2633.9,1263.17,1210.77,1664.39,1711.62,1105.6,990.17,1195.78,8.5,9.5,299.69,194.1
2024-05-28,12236.58,918.45,1687.73,1680.11,439.17,2247.12,2596.84,1258.92,1183.29,1648.94,1697.51,1103.24,980.4,1177.87,8.5,9.5,299.69,194.1
2024-05-29,12102.36,889.44,1676.21,1682.31,438.89,2229.05,2559.58,1255.38,1199.05,1655.4,1690.66,1101.1,976.78,1184.0,8.5,9.5,299.69,194.1
2024-05-30,12188.46,905.41,1684.45,1670.84,440.83,2245.4,2597.7,1255.06,1173.02,1664.75,1692.3,1090.71,979.04,1195.24,8.5,9.5,299.69,194.1
2024-05-31,12106.49,899.73,1676.79,1678.43,437.5,2230.7,2593.58,1251.01,1177.8,1647.29,1694.72,1085.02,975.95,1182.46,8.5,9.5,299.69,194.1
2024-06-03,12050.44,901.21,1661.82,1673.28,435.3,2206.81,2556.14,1240.06,1198.22,1642.8,1687.76,1081.87,957.47,1180.89,8.5,9.5,303.81,195.6
2024-06-04,12112.39,898.37,1665.38,1662.71,434.81,2227.74,2587.54,1260.88,1197.58,1644.08,1704.65,1089.47,968.48,1178.86,8.5,9.5,303.81,195.6
2024-06-05,12189.85,914.31,1661.22,1677.4,439.04,2248.86,2612.24,1263.0,1182.42,1645.41,1703.89,1098.81,978.39,1192.67,8.5,9.5,303.81,195.6
2024-06-06,12310.78,926.13,1676.44,1673.65,441.06,2284.38,2616.04,1268.38,1188.24,1651.54,1721.26,1103.0,979.15,1197.27,8.5,9.5,303.81,195.6
2024-06-07,12332.78,932.79,1683.63,1699.43,437.69,2278.05,2615.65,1264.43,1176.7,1647.86,1712.54,1087.76,974.51,1202.91,8.5,9.5,303.81,195.6
2024-06-10,12401.49,937.13,1686.79,1711.2,438.35,2314.35,2657.22,1265.68,1156.13,1641.28,1723.86,1081.3,972.59,1203.43,8.5,9.5,303.81,195.6
2024-06-11,12386.56,932.19,1691.25,1706.71,436.72,2292.92,2644.9,1270.21,1159.53,1647.52,1729.17,1085.87,991.32,1201.37,8.5,9.5,303.81,195.6
2024-06-12,12404.1,932.96,1694.44,1709.61,437.06,2298.28,2650.97,1271.0,1176.72,1650.08,1729.39,1087.87,985.63,1194.19,8.5,9.5,303.81,195.6
2024-06-13,12359.86,929.35,1682.5,1708.06,436.75,2289.78,2610.18,1266.46,1195.87,1663.33,1732.78,1088.75,994.75,1197.24,8.5,9.5,303.81,195.6
2024-06-14,12323.11,923.39,1688.65,1716.96,433.7,2270.0,2634.5,1269.52,1203.88,1658.8,1723.15,1085.97,991.89,1132.85,8.5,9.5,303.81,195.6
2024-06-18,12266.95,915.34,1680.6,1715.83,433.49,2256.4,2613.11,1261.26,1203.8,1659.21,1719.41,1069.98,990.66,1114.42,8.5,9.5,303.81,195.6
2024-06-19,12225.95,913.93,1676.24,1700.25,430.07,2251.13,2614.85,1251.62,1205.42,1664.61,1724.86,1082.79,996.9,1107.77,8.5,9.5,303.81,195.6
2024-06-20,12265.1,914.97,1672.5,1753.28,430.16,2252.91,2621.6,1258.96,1209.18,1664.37,1736.8,1087.6,1006.96,1106.23,8.5,9.5,303.81,195.6
2024-06-24,12271.55,920.44,1687.57,1756.2,429.9,2254.21,2595.22,1260.11,1200.93,1689.07,1733.36,1086.76,994.16,1098.04,8.5,9.5,303.81,195.6
2024-06-25,12276.06,923.55,1687.75,1745.38,431.27,2242.41,2607.29,1259.72,1189.09,1650.11,1720.32,1094.55,999.39,1094.45,8.5,9.5,303.81,195.6
2024-06-26,12267.51,925.53,1685.03,1722.63,425.88,2252.04,2573.67,1257.51,1165.23,1656.01,1712.63,1096.03,999.16,1099.07,8.5,9.5,303.81,195.6
2024-06-27,12187.22,916.12,1669.0,1713.2,423.79,2207.88,2585.28,1254.85,1167.13,1638.04,1710.53,1072.15,997.04,1086.26,8.5,9.5,303.81,195.6
2024-06-28,12143.76,916.63,1672.77,1714.3,423.25,2227.72,2562.86,1246.87,1193.85,1674.33,1710.66,1091.29,989.95,1082.16,8.5,9.5,303.81,195.6
2024-07-01,12085.31,905.4,1666.1,1707.86,423.51,2207.39,2548.28,1245.86,1191.03,1619.0,1690.82,1068.43,988.8,1076.53,8.5,9.5,303.76,194.7
2024-07-02,12120.74,909.09,1672.89,1696.85,425.56,2206.57,2487.28,1237.34,1193.65,1650.54,1698.15,1067.89,986.0,1082.7,8.5,9.5,303.76,194.7
2024-07-03,12029.67,903.92,1655.07,1693.43,420.79,2156.7,2449.06,1233.84,1179.83,1640.47,1680.75,1058.97,980.94,1068.35,8.5,9.5,303.76,194.7
2024-07-04,11936.06,897.61,1650.28,1659.84,419.62,2128.42,2422.16,1225.81,1169.02,1632.68,1662.04,1056.58,981.94,1068.35,8.5,9.5,303.76,194.7
2024-07-05,11947.43,896.28,1653.74,1669.93,418.48,2140.5,2444.53,1223.66,1162.78,1634.53,1659.62,1044.82,975.59,1061.7,8.5,9.5,303.76,194.7
2024-07-08,11848.39,886.8,1638.22,1674.4,418.76,2109.43,2420.6,1204.35,1163.25,1628.39,1646.51,1060.28,962.71,1050.43,8.5,9.5,303.76,194.7
2024-07-09,11790.45,879.2,1621.36,1663.0,415.16,2111.84,2403.35,1210.82,1183.68,1637.03,1633.04,1064.73,960.08,1042.22,8.5,9.5,303.76,194.7
2024-07-10,11811.5,879.99,1619.99,1653.65,417.17,2120.36,2402.93,1222.98,1184.32,1663.82,1629.42,1051.11,959.4,1056.54,8.5,9.5,303.76,194.7
2024-07-11,11803.11,878.25,1600.54,1652.59,414.92,2139.28,2412.23,1230.63,1156.92,1649.37,1629.23,1055.54,964.6,1032.46,8.5,9.5,303.76,194.7
2024-07-12,11848.77,884.47,1605.0,1666.01,414.94,2158.23,2417.89,1229.89,1162.62,1609.03,1641.33,1045.65,950.15,1028.38,8.5,9.5,303.76,194.7
2024-07-15,11894.04,886.57,1609.05,1683.74,418.8,2169.91,2426.13,1230.98,1180.95,1634.34,1655.33,1048.97,959.44,1038.6,8.5,9.5,303.76,194.7
2024-07-16,11878.92,887.09,1611.79,1687.02,417.88,2157.75,2415.31,1221.7,1177.54,1603.75,1648.15,1051.12,963.35,1031.95,8.5,9.5,303.76,194.7
2024-07-17,11839.26,882.41,1605.03,1700.41,413.26,2153.1,2402.07,1226.35,1180.19,1609.09,1648.92,1055.17,959.22,1019.65,8.5,9.5,303.76,194.7
2024-07-18,11761.78,875.08,1598.37,1691.46,411.5,2116.67,2429.47,1231.2,1158.41,1596.67,1636.25,1050.47,941.05,970.45,8.5,9.5,303.76,194.7
2024-07-19,11727.08,869.64,1596.35,1676.54,412.13,2115.01,2404.44,1217.11,1173.51,1596.7,1637.04,1042.8,941.56,989.36,8.5,9.5,303.76,194.7
2024-07-22,11562.08,850.99,1577.93,1672.52,403.24,2075.35,2379.35,1200.99,1160.7,1585.63,1613.09,1022.91,924.83,976.07,8.5,9.5,303.76,194.7
2024-07-23,11597.19,852.79,1579.12,1672.92,409.4,2093.36,2397.81,1198.42,1167.88,1592.91,1630.67,1034.97,945.41,989.36,8.5,9.5,303.76,194.7
2024-07-24,11696.88,862.88,1598.21,1712.2,410.8,2127.98,2373.88,1214.42,1160.96,1670.39,1633.66,1031.79,928.93,1005.23,8.25,9.25,303.76,194.7
2024-07-25,11638.41,858.43,1588.36,1687.5,409.06,2100.1,2385.84,1208.19,1168.69,1597.46,1625.14,1031.11,940.07,997.55,8.25,9.25,303.76,194.7
2024-07-26,11633.38,856.17,1586.6,1699.38,409.99,2087.52,2361.14,1202.43,1168.88,1603.33,1634.14,1027.54,925.55,1006.77,8.25,9.25,303.76,194.7
2024-07-29,11617.5,851.31,1582.08,1704.08,412.08,2079.99,2369.37,1208.35,1164.23,1604.12,1620.96,1031.59,938.1,993.96,8.25,9.25,303.76,194.7
2024-07-30,11523.91,843.54,1563.18,1687.77,408.61,2069.14,2335.01,1199.9,1148.84,1591.94,1610.79,1016.43,928.1,980.61,8.25,9.25,303.76,194.7
2024-07-31,11409.83,837.9,1471.54,1688.64,403.5,2047.64,2332.42,1191.54,1133.91,1591.11,1596.67,1025.55,924.39,981.66,8.25,9.25,303.76,194.7
2024-08-01,11439.7,839.47,1489.02,1722.74,404.86,2059.83,2348.06,1199.03,1128.09,1597.74,1604.93,1020.67,931.63,980.64,8.25,9.25,300.67,191.1
2024-08-02,11455.51,836.67,1517.89,1721.17,405.13,2054.66,2330.44,1200.92,1141.05,1588.47,1609.41,1015.95,927.59,988.82,8.25,9.25,300.67,191.1
2024-08-05,11254.41,814.34,1486.95,1695.77,396.92,2024.92,2296.72,1174.14,1127.37,1610.53,1587.62,1001.11,917.48,974.99,8.25,9.25,300.67,191.1
2024-08-06,11301.3,820.21,1502.43,1694.44,398.78,2030.97,2308.82,1182.89,1131.53,1614.72,1592.68,1011.06,909.49,971.42,8.25,9.25,300.67,191.1
2024-08-07,11294.71,818.2,1493.31,1702.09,401.59,2013.47,2296.08,1186.76,1124.31,1627.83,1582.16,1011.78,918.43,960.15,8.25,9.25,300.67,191.1
2024-08-08,11259.64,816.0,1496.42,1687.27,396.8,2013.13,2324.91,1185.54,1112.58,1617.49,1570.49,1010.37,917.35,959.13,8.25,9.25,300.67,191.1
2024-08-09,11315.65,820.52,1496.64,1687.64,396.34,2024.94,2306.63,1184.92,1109.42,1624.06,1569.61,999.3,925.37,959.64,8.25,9.25,300.67,191.1
2024-08-12,11319.32,823.9,1495.16,1686.88,400.5,2026.15,2307.4,1188.04,1113.02,1626.63,1569.24,1015.32,926.72,967.31,8.25,9.25,300.67,191.1
2024-08-13,11347.41,822.82,1496.28,1709.79,400.6,2054.09,2295.04,1200.22,1119.44,1618.78,1575.36,1022.56,915.95,969.88,8.25,9.25,300.67,191.1
2024-08-14,11438.34,832.54,1507.79,1722.61,405.07,2059.79,2326.57,1202.63,1112.87,1626.89,1585.96,1039.24,922.84,970.91,8.25,9.25,300.67,191.1
2024-08-15,11535.28,844.39,1521.76,1732.52,404.53,2084.53,2337.38,1213.21,1127.68,1649.35,1611.02,1046.71,942.82,954.56,8.25,9.25,300.67,191.1
2024-08-16,11504.34,845.03,1516.45,1730.1,405.93,2074.72,2291.96,1206.29,1132.09,1631.88,1602.64,1030.39,937.05,967.85,8.25,9.25,300.67,191.1
2024-08-20,11505.23,843.5,1523.9,1720.49,402.75,2076.67,2290.54,1201.85,1116.12,1630.06,1617.27,1032.21,923.32,959.67,8.25,9.25,300.67,191.1
2024-08-21,11487.88,843.6,1525.62,1736.82,405.0,2072.26,2286.01,1199.1,1118.68,1628.77,1617.31,1033.86,921.8,952.51,8.25,9.25,300.67,191.1
2024-08-22,11456.05,837.46,1513.78,1731.41,406.07,2067.48,2287.94,1204.27,1098.93,1623.45,1609.51,1038.08,920.89,951.48,8.25,9.25,300.67,191.1
2024-08-23,11366.09,828.03,1504.33,1718.18,399.35,2053.15,2273.3,1195.07,1107.58,1649.99,1591.98,1048.08,922.84,949.94,8.25,9.25,300.67,191.1
2024-08-26,11212.58,810.48,1484.83,1703.58,392.39,2000.3,2238.02,1184.88,1090.37,1599.23,1568.83,1024.12,893.81,939.18,8.25,9.25,300.67,191.1
2024-08-27,11092.26,803.63,1460.33,1694.05,392.26,1970.39,2188.69,1170.82,1092.59,1589.27,1554.08,1031.24,887.04,937.64,8.25,9.25,300.67,191.1
2024-08-28,10975.79,790.03,1444.27,1645.61,388.31,1952.98,2131.81,1163.96,1071.66,1589.3,1530.17,1024.95,873.14,935.08,8.25,9.25,300.67,191.1
2024-08-29,10936.23,781.49,1441.96,1650.63,384.87,1945.96,2147.51,1163.31,1067.46,1583.14,1534.0,1001.05,870.69,930.97,8.25,9.25,300.67,191.1
2024-08-30,10883.63,778.37,1426.68,1657.21,384.0,1934.85,2161.6,1157.64,1065.47,1579.89,1530.9,996.43,871.18,923.81,8.25,9.25,300.67,191.1
2024-09-02,10716.26,761.5,1405.57,1635.98,373.1,1898.69,2142.17,1143.63,1038.01,1568.34,1499.03,993.77,858.59,874.58,8.25,9.25,301.15,190.9
2024-09-03,10680.83,760.76,1405.89,1622.25,376.17,1892.3,2153.46,1131.46,1034.59,1564.28,1494.98,988.91,854.88,877.6,8.25,9.25,301.15,190.9
2024-09-04,10853.29,776.79,1418.09,1632.75,380.21,1940.1,2182.3,1158.38,1037.23,1557.57,1515.92,1000.46,871.24,892.49,8.25,9.25,301.15,190.9
2024-09-05,10801.18,772.75,1412.84,1660.25,380.81,1941.76,2177.64,1151.34,1047.31,1578.77,1514.42,998.27,861.23,875.58,8.25,9.25,301.15,190.9
2024-09-06,10798.67,765.55,1409.33,1645.35,378.92,1909.53,2163.6,1153.41,1049.36,1574.0,1520.21,1002.44,858.2,882.76,8.25,9.25,301.15,190.9
2024-09-09,10644.18,748.7,1392.3,1650.37,377.12,1886.68,2147.13,1140.09,1051.69,1570.69,1512.98,993.28,850.67,864.82,8.25,9.25,301.15,190.9
2024-09-10,10593.48,740.58,1382.0,1605.85,372.83,1876.42,2099.76,1142.82,1029.77,1563.34,1497.32,995.29,859.67,865.34,8.25,9.25,301.15,190.9
2024-09-11,10588.26,739.28,1376.98,1596.79,374.9,1890.12,2093.21,1141.52,1022.33,1569.98,1490.59,989.88,851.38,854.04,8.25,9.25,301.15,190.9
2024-09-12,10575.07,739.29,1371.52,1619.57,374.77,1892.65,2122.15,1151.37,1023.48,1608.89,1496.94,995.9,866.21,854.55,8.25,9.25,301.15,190.9
2024-09-13,10691.52,758.48,1390.47,1638.38,376.23,1926.86,2116.5,1142.32,1035.01,1505.58,1513.8,987.66,871.11,872.5,8.25,9.25,301.15,190.9
2024-09-18,10846.6,777.3,1412.43,1669.21,383.05,1943.06,2144.81,1162.94,1047.31,1513.35,1535.23,1006.28,878.47,867.88,8.25,9.25,301.15,190.9
2024-09-19,10887.45,782.21,1413.71,1655.15,382.89,1959.19,2115.85,1172.72,1052.82,1519.42,1542.77,1004.85,874.91,868.9,8.25,9.25,301.15,190.9
2024-09-20,10974.3,801.39,1428.73,1650.31,386.43,1947.87,2146.81,1177.88,1055.77,1518.33,1535.27,1009.91,865.09,885.3,8.25,9.25,301.15,190.9
2024-09-23,11125.47,820.85,1442.64,1696.91,391.02,1972.81,2152.14,1177.12,1034.5,1529.73,1562.97,1030.06,873.73,885.66,8.25,9.25,301.15,190.9
2024-09-24,11336.69,835.14,1461.86,1694.67,402.19,2035.93,2256.89,1207.69,1039.11,1564.51,1606.31,1044.54,886.08,917.82,8.25,9.25,301.15,190.9
2024-09-25,11699.84,883.73,1481.57,1748.59,413.1,2134.75,2403.99,1234.36,1059.72,1588.58,1649.38,1048.26,922.35,964.18,8.25,9.25,301.15,190.9
2024-09-26,11671.87,890.26,1483.71,1758.61,407.81,2115.45,2389.59,1223.5,1041.48,1553.76,1652.25,1029.76,918.3,944.2,8.25,9.25,301.15,190.9
2024-09-27,11773.88,897.77,1506.89,1792.95,426.16,2130.57,2381.66,1231.85,1046.64,1558.91,1685.74,1049.79,926.36,956.34,8.25,9.25,301.15,190.9
2024-09-30,11863.4,903.54,1535.94,1808.72,427.44,2147.33,2321.11,1232.01,1052.65,1565.78,1681.23,1045.14,914.87,968.47,8.25,9.25,301.15,190.9
2024-10-01,11992.91,921.73,1540.9,1859.17,424.63,2165.29,2326.3,1231.04,1050.58,1564.71,1685.57,1043.96,916.16,964.18,8.25,9.25,293.79,189.9
2024-10-02,11934.23,931.01,1545.06,1824.0,423.56,2151.58,2293.74,1224.36,1048.22,1553.27,1668.81,1035.57,917.92,955.86,8.25,9.25,293.79,189.9
2024-10-03,11929.99,925.03,1541.18,1820.53,420.54,2144.26,2304.93,1225.59,1046.44,1647.08,1653.93,1032.25,917.02,947.75,8.25,9.25,293.79,189.9
2024-10-04,12070.96,937.78,1572.99,1801.97,421.52,2154.01,2290.39,1233.94,1049.9,1600.47,1671.11,1026.85,909.31,941.55,8.25,9.25,293.79,189.9
2024-10-07,12183.94,959.7,1581.77,1817.58,417.17,2180.43,2287.43,1239.06,1041.15,1621.34,1672.85,1034.93,913.15,941.55,8.25,9.25,293.79,189.9
2024-10-08,12171.1,951.38,1627.01,1828.35,419.02,2157.65,2286.4,1238.99,1031.57,1619.8,1689.96,1029.68,922.32,945.58,8.25,9.25,293.79,189.9
2024-10-09,12177.35,946.02,1634.38,1805.1,417.24,2141.94,2296.05,1248.87,1049.75,1634.91,1684.94,1039.52,923.6,986.69,8.25,9.25,293.79,189.9
2024-10-10,12165.88,946.32,1630.36,1818.54,414.97,2134.33,2299.41,1236.08,1040.54,1671.45,1684.26,1030.56,914.41,983.35,8.25,9.25,293.79,189.9
2024-10-11,12294.54,958.63,1630.41,1817.97,418.05,2160.08,2385.84,1261.77,1042.17,1675.26,1695.31,1031.89,940.33,998.34,8.25,9.25,293.79,189.9
2024-10-14,12261.78,952.5,1630.88,1887.4,420.6,2162.64,2368.67,1264.22,1047.77,1667.0,1700.75,1039.64,953.45,1021.23,8.25,9.25,293.79,189.9
2024-10-15,12257.69,947.75,1624.44,1874.55,424.57,2156.38,2356.7,1261.79,1080.62,1673.85,1703.89,1031.81,946.82,1066.47,8.25,9.25,293.79,189.9
2024-10-16,12290.48,947.38,1629.81,1882.98,426.78,2169.2,2355.64,1261.61,1078.54,1680.05,1713.32,1039.07,958.04,1078.5,8.25,9.25,293.79,189.9
2024-10-18,12313.1,947.99,1636.85,1860.85,423.35,2207.78,2376.61,1261.94,1077.67,1644.38,1711.34,1033.55,968.26,1089.2,8.25,9.25,293.79,189.9
2024-10-21,12309.33,949.51,1636.17,1863.78,421.44,2188.02,2332.86,1268.35,1078.42,1646.76,1701.69,1030.67,966.43,1107.48,8.25,9.25,293.79,189.9
2024-10-22,12296.85,947.87,1644.9,1854.29,419.14,2189.97,2312.27,1264.93,1080.45,1711.03,1698.08,1036.0,955.81,1101.54,8.25,9.25,293.79,189.9
2024-10-23,12387.9,964.39,1667.95,1860.41,414.68,2198.28,2292.77,1264.64,1079.86,1640.66,1704.54,1033.4,963.83,1093.44,8.25,9.25,293.79,189.9
2024-10-24,12488.2,975.4,1710.31,1869.52,409.25,2211.63,2309.44,1268.6,1088.61,1660.46,1717.39,1046.95,979.69,1077.49,8.25,9.25,293.79,189.9
2024-10-25,12531.09,984.31,1729.78,1864.42,410.19,2217.93,2330.93,1283.74,1081.0,1643.87,1718.35,1052.13,978.54,1079.4,8.25,9.25,293.79,189.9
2024-10-28,12610.06,990.73,1722.62,1859.65,411.15,2280.46,2296.05,1297.83,1066.65,1635.11,1740.43,1055.81,969.62,1073.94,8.25,9.25,293.79,189.9
2024-10-29,12745.6,1021.96,1727.04,1870.09,415.67,2283.97,2340.32,1299.25,1072.39,1655.14,1753.43,1047.93,974.02,1067.05,8.25,9.25,293.79,189.9
2024-10-30,12790.95,1022.49,1728.26,1861.49,412.3,2291.42,2368.21,1313.38,1058.91,1715.13,1761.53,1062.12,974.61,1069.65,8.25,9.25,293.79,189.9
2024-11-01,12863.65,1028.25,1733.12,1857.92,413.35,2295.33,2345.52,1328.24,1078.64,1675.16,1762.0,1069.24,968.63,1074.42,8.25,9.25,292.01,189.4
2024-11-04,12851.78,1024.27,1726.53,1867.09,417.58,2291.92,2338.18,1327.61,1069.21,1671.79,1756.54,1069.54,967.72,1068.01,8.25,9.25,292.01,189.4
2024-11-05,12795.96,1020.85,1722.79,1829.51,415.71,2279.13,2327.87,1325.67,1067.33,1663.62,1754.23,1055.28,971.97,1046.87,8.25,9.25,292.01,189.4
2024-11-06,12739.36,1012.63,1721.69,1822.81,412.84,2263.06,2305.35,1319.47,1058.35,1656.05,1749.6,1052.6,983.88,1047.35,8.25,9.25,292.01,189.4
2024-11-07,12735.9,1006.06,1733.98,1827.52,413.2,2260.88,2274.48,1316.81,1060.22,1656.86,1762.31,1045.36,986.67,1051.85,8.25,9.25,292.01,189.4
2024-11-08,12801.77,1010.15,1717.19,1811.04,414.61,2262.96,2268.29,1348.29,1053.94,1701.0,1782.25,1059.32,998.01,1065.62,8.25,9.25,292.01,189.4
2024-11-11,12875.32,1029.15,1708.73,1840.99,415.54,2270.86,2258.46,1366.57,1059.19,1716.24,1784.88,1082.46,1003.04,1072.03,8.25,9.25,292.01,189.4
2024-11-12,12997.36,1032.35,1739.08,1834.26,418.61,2300.8,2268.29,1370.61,1068.96,1701.52,1778.9,1091.71,1005.51,1061.81,8.25,9.25,292.01,189.4
2024-11-13,13125.19,1047.7,1757.54,1852.36,429.92,2327.03,2299.81,1373.16,1057.52,1666.25,1772.76,1093.35,1040.51,1058.74,8.25,9.25,292.01,189.4
2024-11-14,13225.48,1068.89,1752.55,1853.91,440.57,2334.98,2318.03,1394.67,1063.71,1668.44,1782.35,1085.79,1056.62,1061.12,8.25,9.25,292.01,189.4
2024-11-18,13231.01,1071.65,1741.17,1868.06,447.05,2342.01,2293.71,1403.48,1066.83,1699.71,1779.65,1087.02,1076.07,1061.12,8.25,9.25,292.01,189.4
2024-11-19,13105.38,1056.19,1707.97,1846.72,455.21,2311.9,2291.58,1383.36,1060.49,1704.9,1769.49,1084.86,1082.67,1051.37,8.25,9.25,292.01,189.4
2024-11-20,13113.55,1051.89,1708.56,1843.65,455.36,2302.49,2251.88,1376.68,1075.85,1720.84,1770.88,1106.74,1113.07,1048.99,8.25,9.25,292.01,189.4
2024-11-21,12982.1,1046.62,1667.99,1820.92,449.04,2286.62,2241.55,1357.44,1057.22,1694.91,1755.38,1075.56,1108.5,1036.17,8.25,9.25,292.01,189.4
2024-11-22,13054.27,1049.9,1666.49,1850.54,451.33,2266.0,2227.38,1365.35,1093.44,1703.65,1774.72,1093.81,1108.11,1044.96,8.25,9.25,292.01,189.4
2024-11-25,12866.65,1027.22,1629.5,1841.39,441.94,2255.52,2235.44,1361.79,1086.28,1681.62,1754.66,1070.74,1084.61,1017.63,8.25,9.25,292.01,189.4
2024-11-26,12985.29,1043.65,1665.33,1841.84,443.88,2248.13,2253.98,1359.99,1083.04,1697.69,1762.78,1082.92,1090.36,1038.29,8.25,9.25,292.01,189.4
2024-11-27,13049.83,1058.55,1670.57,1845.31,452.13,2263.29,2253.93,1356.88,1077.16,1706.1,1789.6,1079.11,1094.76,1038.76,7.5,8.5,292.01,189.4
2024-11-28,13164.33,1069.05,1681.0,1857.33,464.16,2298.99,2241.55,1376.09,1066.9,1729.98,1799.93,1102.49,1086.57,1034.26,7.5,8.5,292.01,189.4
2024-11-29,13192.25,1068.08,1671.02,1844.61,479.16,2296.18,2228.83,1369.91,1066.56,1764.72,1815.7,1095.34,1109.31,1027.38,7.5,8.5,292.01,189.4
2024-12-02,13242.03,1068.09,1681.36,1833.82,483.04,2300.83,2253.93,1386.95,1087.88,1732.39,1825.39,1099.4,1136.39,1024.73,7.5,8.5,291.68,191.7
2024-12-03,13355.89,1073.27,1699.08,1836.68,491.67,2363.86,2235.47,1377.36,1106.14,1752.24,1858.82,1119.27,1156.35,1044.7,7.5,8.5,291.68,191.7
2024-12-04,13511.73,1093.93,1740.35,1833.66,492.76,2386.1,2297.21,1403.45,1113.28,1799.55,1875.82,1126.18,1155.34,1047.08,7.5,8.5,291.68,191.7
2024-12-05,13559.41,1105.49,1748.27,1859.62,489.46,2390.94,2309.59,1408.11,1106.18,1746.07,1881.82,1122.22,1158.76,1061.12,7.5,8.5,291.68,191.7
2024-12-06,13625.98,1104.82,1763.02,1853.71,489.14,2392.67,2284.89,1436.17,1085.06,1755.2,1893.33,1133.85,1162.96,1052.59,7.5,8.5,291.68,191.7
2024-12-09,13718.75,1107.51,1770.14,1879.57,497.38,2431.36,2361.28,1453.06,1108.88,1743.66,1905.85,1152.13,1161.38,1058.26,7.5,8.5,291.68,191.7
2024-12-10,13774.96,1107.75,1782.81,1861.92,496.23,2529.92,2317.53,1446.36,1104.04,1761.13,1909.57,1152.14,1170.72,1066.58,7.5,8.5,291.68,191.7
2024-12-11,13883.55,1112.04,1792.8,1885.11,494.69,2556.58,2337.17,1467.12,1100.13,1789.72,1939.77,1183.59,1189.29,1073.94,7.5,8.5,291.68,191.7
2024-12-12,14035.81,1123.55,1808.85,1889.65,501.74,2535.06,2337.29,1504.12,1118.31,1790.23,1960.67,1178.63,1182.54,1087.24,7.5,8.5,291.68,191.7
2024-12-13,14205.34,1148.9,1826.11,1893.27,495.54,2581.12,2344.49,1505.72,1108.88,1901.81,1971.29,1178.54,1214.93,1083.42,7.5,8.5,291.68,191.7
2024-12-16,14500.44,1184.76,1847.15,1885.25,495.87,2644.28,2470.1,1509.25,1104.31,2015.97,1985.31,1170.22,1216.06,1090.31,7.5,8.5,291.68,191.7
2024-12-17,14516.46,1189.38,1870.74,1875.41,500.36,2631.61,2478.33,1503.36,1104.8,1958.84,2004.03,1174.73,1192.19,1089.83,7.5,8.5,291.68,191.7
2024-12-18,14614.3,1192.76,1892.87,1910.7,500.03,2686.22,2491.75,1502.67,1104.42,1988.85,2038.05,1207.76,1264.35,1089.83,7.5,8.5,291.68,191.7
2024-12-19,14654.26,1183.35,1896.46,1907.22,501.53,2695.44,2554.94,1528.22,1115.27,1999.7,2081.99,1206.16,1282.2,1088.4,7.5,8.5,291.68,191.7
2024-12-20,14810.7,1187.1,1905.71,1913.73,507.93,2728.62,2557.39,1549.4,1123.88,2022.44,2135.62,1295.18,1283.86,1096.24,7.5,8.5,291.68,191.7
2024-12-23,15020.61,1214.59,1903.32,1941.41,511.34,2849.38,2506.41,1558.85,1120.17,1993.43,2146.1,1329.22,1307.53,1104.83,7.5,8.5,291.68,191.7
2024-12-24,15168.4,1226.71,1915.92,1980.52,535.36,2907.42,2492.43,1572.54,1133.07,2042.44,2165.99,1345.84,1304.86,1106.94,7.5,8.5,291.68,191.7
2024-12-26,15400.53,1239.54,1933.43,2058.22,542.03,3038.03,2510.28,1592.48,1147.76,2037.37,2169.35,1371.32,1323.15,1128.14,7.5,8.5,291.68,191.7
2024-12-27,15535.6,1267.69,1937.89,2117.11,542.35,3100.31,2502.49,1587.76,1138.92,2010.08,2178.05,1366.57,1319.62,1128.88,7.5,8.5,291.68,191.7
2024-12-30,15827.39,1317.59,1964.63,2128.07,537.97,3093.77,2509.69,1622.63,1131.99,2035.61,2184.11,1383.55,1322.2,1150.7,7.5,8.5,291.68,191.7
2024-12-31,15944.61,1337.31,1960.22,2090.03,534.68,3112.48,2494.26,1626.64,1135.15,2050.69,2177.88,1376.25,1305.11,1144.98,7.5,8.5,291.68,191.7
2025-01-02,16348.55,1364.61,2037.88,2101.83,551.4,3206.69,2513.7,1672.02,1170.44,2116.52,2190.91,1424.14,1336.39,1144.03,7.5,8.5,296.18,192.6
2025-01-03,16049.42,1342.89,2048.39,2088.81,544.24,3161.68,2605.12,1646.72,1171.19,2068.59,2177.64,1382.94,1351.21,1147.1,7.5,8.5,296.18,192.6
2025-01-06,15878.6,1300.34,2014.46,2015.22,531.07,3071.15,2551.86,1638.48,1138.22,2059.02,2148.86,1340.98,1334.61,1132.11,7.5,8.5,296.18,192.6
2025-01-07,15854.64,1298.26,2025.58,1994.98,528.32,3070.84,2558.34,1644.46,1160.27,2040.92,2149.55,1331.77,1380.41,1131.9,7.5,8.5,296.18,192.6
2025-01-08,15954.01,1309.54,2029.98,2046.67,531.82,3076.44,2546.37,1645.93,1152.63,2059.64,2158.97,1342.17,1418.52,1129.99,7.5,8.5,296.18,192.6
2025-01-09,15811.36,1286.8,2010.95,2022.7,523.77,3050.21,2523.47,1632.83,1149.01,2052.74,2144.97,1352.24,1399.12,1118.33,7.5,8.5,296.18,192.6
2025-01-10,15926.0,1305.21,2028.91,2032.89,527.64,3091.58,2525.9,1648.6,1155.05,2063.53,2149.92,1338.99,1395.39,1125.7,7.5,8.5,296.18,192.6
2025-01-15,16152.35,1339.79,2047.03,2021.38,531.15,3107.36,2527.85,1665.57,1157.78,2060.64,2168.77,1348.73,1398.85,1146.57,7.5,8.5,296.18,192.6
2025-01-16,16215.93,1349.97,2042.02,2036.47,542.57,3117.06,2574.3,1657.16,1169.13,2074.06,2200.73,1353.46,1424.23,1163.95,7.5,8.5,296.18,192.6
2025-01-17,16257.31,1352.6,2045.27,2052.58,544.76,3096.58,2552.29,1658.04,1185.5,2062.67,2219.13,1344.15,1453.25,1216.92,7.5,8.5,296.18,192.6
2025-01-20,16373.15,1367.57,2047.81,2125.22,558.87,3097.75,2529.04,1678.62,1176.89,2089.01,2283.33,1348.82,1443.94,1239.97,7.5,8.5,296.18,192.6
2025-01-21,16597.16,1403.18,2049.7,2163.53,575.19,3122.98,2471.09,1686.01,1188.17,2099.49,2305.32,1361.41,1470.39,1256.81,7.5,8.5,296.18,192.6
2025-01-22,16828.8,1430.06,2067.96,2183.68,579.08,3223.78,2425.02,1714.95,1188.78,2098.74,2295.26,1365.23,1461.99,1223.54,7.5,8.5,296.18,192.6
2025-01-23,17025.99,1440.24,2083.2,2236.56,574.38,3317.66,2451.02,1725.99,1197.15,2107.67,2385.05,1375.95,1452.03,1238.75,7.5,8.5,296.18,192.6
2025-01-24,16917.86,1421.7,2058.78,2258.52,567.95,3297.0,2454.27,1722.22,1174.39,2099.8,2377.75,1378.82,1460.17,1228.52,7.5,8.5,296.18,192.6
2025-01-27,17044.67,1421.94,2041.54,2249.97,569.57,3298.67,2781.04,1772.75,1183.63,2136.96,2380.26,1392.68,1496.43,1239.91,7.5,8.5,296.18,192.6
2025-01-28,17119.86,1432.22,2039.71,2257.95,565.93,3356.48,2715.51,1765.64,1175.49,2141.88,2382.26,1378.35,1528.07,1260.57,7.5,8.5,296.18,192.6
2025-01-29,17117.18,1418.91,2045.88,2269.36,563.2,3392.1,2681.4,1773.89,1180.45,2099.46,2416.2,1382.06,1556.82,1274.34,7.5,8.5,296.18,192.6
2025-01-30,17115.21,1421.54,2040.82,2251.28,558.34,3357.83,2659.15,1785.55,1187.6,2186.04,2401.01,1409.16,1550.84,1260.57,7.5,8.5,296.18,192.6
2025-01-31,17122.73,1418.62,2055.42,2344.95,563.25,3380.74,2682.61,1791.18,1195.19,2184.16,2393.61,1445.48,1532.37,1266.03,7.5,8.5,296.18,192.6
2025-02-03,16956.49,1400.87,2034.53,2371.33,556.65,3337.51,2625.2,1748.82,1178.12,2183.95,2356.79,1470.46,1505.79,1251.78,7.5,8.5,296.8,192.2
2025-02-05,16456.1,1351.81,1965.35,2308.35,537.06,3205.89,2573.85,1710.38,1165.46,2187.47,2263.62,1402.91,1457.06,1191.44,7.5,8.5,296.8,192.2
2025-02-06,16506.73,1365.38,1987.85,2328.16,540.71,3219.14,2602.03,1717.35,1167.22,2148.49,2294.91,1423.02,1468.34,1206.64,7.5,8.5,296.8,192.2
2025-02-07,16729.81,1381.37,2018.41,2353.16,540.01,3212.65,2624.26,1733.88,1171.5,2211.83,2326.37,1442.31,1489.18,1232.76,7.5,8.5,296.8,192.2
2025-02-10,16566.27,1380.02,1999.01,2339.64,532.46,3165.93,2598.51,1710.86,1184.92,2194.39,2328.58,1433.0,1452.03,1216.6,7.5,8.5,296.8,192.2
2025-02-11,16353.1,1353.91,1978.96,2314.18,523.43,3115.45,2580.98,1674.85,1174.11,2175.29,2284.14,1416.89,1441.62,1219.67,7.5,8.5,296.8,192.2
2025-02-13,16578.22,1369.76,1990.63,2332.01,529.54,3208.29,2586.13,1686.35,1172.04,2277.15,2322.48,1444.17,1484.75,1214.69,7.5,8.5,296.8,192.2
2025-02-14,16936.69,1389.48,2035.06,2341.59,541.84,3290.98,2589.16,1726.63,1200.15,2368.39,2398.24,1470.67,1532.19,1246.53,7.5,8.5,296.8,192.2
2025-02-17,17156.05,1416.27,2033.02,2359.91,539.58,3315.43,2621.97,1753.36,1208.7,2458.42,2430.53,1458.88,1532.6,1276.73,7.5,8.5,296.8,192.2
2025-02-18,17193.79,1432.7,2010.7,2352.6,531.88,3296.51,2627.87,1755.05,1201.88,2452.72,2424.03,1464.97,1510.43,1274.08,7.5,8.5,296.8,192.2
2025-02-19,17074.02,1416.96,2002.08,2318.65,526.82,3252.87,2613.06,1750.31,1194.79,2444.76,2399.17,1449.37,1499.65,1274.08,7.5,8.5,296.8,192.2
2025-02-20,16858.97,1402.35,1994.47,2318.35,523.91,3234.85,2616.47,1721.97,1173.48,2434.06,2386.43,1439.08,1488.77,1271.7,7.5,8.5,296.8,192.2
2025-02-21,16889.31,1411.92,1995.99,2306.57,520.8,3229.07,2611.22,1730.33,1176.97,2417.04,2386.37,1435.79,1469.54,1255.06,7.5,8.5,296.8,192.2
2025-02-24,16671.73,1386.15,1979.48,2262.0,512.1,3151.26,2585.36,1704.62,1165.08,2379.43,2367.94,1433.27,1454.22,1229.37,7.5,8.5,296.8,192.2
2025-02-25,16345.01,1359.48,1953.53,2225.69,505.09,3086.85,2498.43,1676.93,1159.18,2299.26,2310.05,1390.93,1455.15,1229.37,7.5,8.5,296.8,192.2
2025-02-27,16430.77,1364.71,1924.38,2206.61,508.51,3114.78,2505.63,1696.61,1158.15,2351.63,2339.41,1414.05,1479.72,1234.35,7.5,8.5,296.8,192.2
2025-02-28,16507.56,1378.19,1922.86,2227.89,512.72,3115.52,2524.39,1698.08,1147.16,2357.51,2331.19,1399.58,1465.89,1248.17,7.5,8.5,296.8,192.2
2025-03-03,16167.3,1342.54,1891.65,2170.16,505.38,3062.68,2472.42,1647.74,1141.43,2243.2,2287.53,1378.0,1429.54,1243.88,7.5,8.5,295.91,191.6
2025-03-04,15927.74,1321.08,1876.77,2151.56,493.71,2998.01,2435.09,1624.15,1147.98,2235.34,2245.98,1319.32,1408.25,1242.45,7.5,8.5,295.91,191.6
2025-03-05,16166.53,1338.7,1901.64,2197.7,505.48,3044.2,2428.61,1684.01,1150.47,2236.95,2326.17,1360.45,1433.04,1236.73,7.5,8.5,295.91,191.6
2025-03-06,16111.09,1333.88,1903.67,2184.34,501.91,3030.75,2424.11,1670.89,1143.01,2236.88,2308.98,1351.06,1433.52,1255.01,7.5,8.5,295.91,191.6
2025-03-07,16115.47,1337.49,1905.67,2167.69,500.68,3036.64,2417.32,1659.98,1150.16,2269.74,2279.15,1357.02,1446.17,1254.8,7.5,8.5,295.91,191.6
2025-03-10,16001.45,1328.1,1892.45,2144.53,496.3,2999.19,2386.37,1662.0,1155.36,2267.35,2250.54,1338.01,1429.64,1251.93,7.5,8.5,295.91,191.6
2025-03-11,15710.57,1297.73,1859.33,2075.14,485.71,2923.78,2390.1,1641.86,1139.59,2184.94,2195.25,1309.2,1398.93,1235.51,7.5,8.5,295.91,191.6
2025-03-12,15908.13,1319.08,1881.56,2126.83,490.53,2972.25,2414.81,1667.39,1151.0,2195.85,2252.19,1336.14,1435.36,1235.78,7.5,8.5,295.91,191.6
2025-03-14,15862.83,1313.42,1876.13,2111.92,489.3,2974.82,2410.01,1668.76,1143.54,2143.48,2238.66,1334.02,1430.05,1236.94,7.5,8.5,295.91,191.6
2025-03-17,15649.3,1292.4,1858.2,2096.08,484.98,2922.47,2418.63,1639.25,1150.74,2175.19,2214.75,1302.96,1408.7,1232.44,7.5,8.5,295.91,191.6
2025-03-18,15394.23,1267.59,1823.87,2031.17,478.94,2878.03,2392.11,1618.72,1137.96,2116.42,2181.27,1296.09,1371.87,1238.37,7.5,8.5,295.91,191.6
2025-03-19,15421.54,1281.54,1823.65,2013.27,478.46,2879.04,2413.74,1640.3,1152.87,2117.22,2165.98,1293.44,1374.44,1236.94,7.5,8.5,295.91,191.6
2025-03-20,15662.93,1313.11,1848.22,2042.91,488.64,2919.24,2414.52,1656.45,1162.72,2082.43,2201.88,1323.76,1396.13,1247.64,7.5,8.5,295.91,191.6
2025-03-21,15887.29,1337.8,1867.73,2084.59,497.8,2957.1,2425.9,1655.93,1170.31,2157.27,2243.16,1350.66,1446.21,1257.87,7.5,8.5,295.91,191.6
2025-03-24,15912.61,1340.63,1860.44,2093.86,497.19,2951.37,2399.15,1654.5,1165.65,2123.77,2240.87,1346.48,1453.03,1253.4,7.5,8.5,295.91,191.6
2025-03-25,15908.23,1337.94,1857.27,2078.53,492.59,2939.91,2424.77,1673.1,1153.13,2079.47,2250.59,1359.49,1485.36,1276.36,7.5,8.5,295.91,191.6
2025-03-26,15864.23,1330.74,1847.9,2076.42,491.37,2933.0,2465.85,1665.87,1151.09,2106.56,2237.88,1332.66,1469.57,1283.44,7.5,8.5,295.91,191.6
2025-03-27,15887.04,1338.65,1848.91,2078.32,491.38,2938.6,2482.3,1671.59,1158.09,2108.93,2229.85,1353.39,1478.34,1286.61,7.5,8.5,295.91,191.6
2025-03-28,15814.22,1326.53,1848.99,2062.28,492.33,2948.86,2460.73,1670.33,1156.96,2052.46,2241.36,1338.7,1474.12,1276.36,7.5,8.5,295.91,191.6
2025-04-01,15948.21,1317.3,1880.08,2059.06,491.89,2976.12,2509.61,1689.43,1155.71,2076.27,2288.65,1363.33,1492.12,1283.44,7.5,8.5,298.53,191.2
2025-04-02,16007.44,1313.21,1881.05,2069.98,499.05,2983.63,2539.84,1698.59,1157.35,2090.71,2325.37,1374.17,1493.71,1288.34,7.5,8.5,298.53,191.2
2025-04-03,15646.34,1272.14,1847.12,1901.28,494.65,2911.42,2487.21,1692.8,1152.69,2089.16,2256.17,1348.83,1483.58,1249.93,7.5,8.5,298.53,191.2
2025-04-04,15373.35,1240.23,1815.83,1885.38,486.76,2863.27,2486.03,1661.32,1140.13,2028.27,2201.27,1325.88,1471.04,1228.7,7.5,8.5,298.53,191.2
2025-04-07,14675.26,1153.14,1740.32,1829.05,470.04,2700.48,2402.21,1596.17,1125.6,1963.92,2073.26,1287.28,1367.66,1199.67,7.5,8.5,298.53,191.2
2025-04-08,15120.76,1208.04,1810.38,1853.01,483.26,2809.7,2430.34,1637.1,1153.87,1982.27,2152.61,1293.8,1439.26,1218.16,7.5,8.5,298.53,191.2
2025-04-09,14882.81,1184.08,1770.05,1787.86,480.65,2741.07,2432.61,1609.62,1138.05,2013.38,2105.06,1283.25,1415.06,1214.26,7.5,8.5,298.53,191.2
2025-04-10,15580.83,1278.59,1841.84,1936.49,491.7,2892.27,2442.83,1668.28,1146.18,2049.13,2203.43,1334.66,1497.61,1236.21,7.5,8.5,298.53,191.2
2025-04-11,15526.2,1273.57,1836.34,1926.82,493.59,2884.15,2464.66,1663.65,1149.18,1991.03,2201.79,1330.98,1495.9,1236.21,7.5,8.5,298.53,191.2
2025-04-16,15630.52,1282.53,1840.39,1916.35,492.33,2951.94,2469.16,1678.0,1162.92,1999.06,2211.79,1327.01,1514.93,1225.23,7.5,8.5,298.53,191.2
2025-04-17,15616.57,1277.05,1847.53,1931.75,495.25,2959.26,2449.63,1670.01,1164.05,2052.28,2216.73,1342.81,1510.28,1217.29,7.5,8.5,298.53,191.2
2025-04-21,15609.73,1268.23,1834.75,1902.84,492.28,2968.16,2526.43,1675.15,1162.43,2043.75,2207.85,1339.28,1514.71,1230.57,7.5,8.5,298.53,191.2
2025-04-22,15555.86,1262.15,1819.6,1894.05,488.76,2953.08,2521.13,1688.19,1166.78,2019.73,2199.5,1328.43,1507.54,1238.08,7.5,8.5,298.53,191.2
2025-04-23,15543.99,1261.63,1836.47,1890.79,489.86,2943.84,2508.7,1674.19,1159.75,2021.43,2203.96,1335.59,1506.24,1238.95,7.5,8.5,298.53,191.2
2025-04-24,15613.1,1258.33,1844.88,1914.82,489.08,2956.69,2511.62,1683.53,1165.54,2037.73,2224.46,1310.21,1529.88,1238.08,7.5,8.5,298.53,191.2
2025-04-25,15770.64,1264.68,1862.55,1929.48,495.13,2999.25,2505.47,1717.88,1169.26,2091.92,2248.95,1298.34,1532.79,1253.1,7.5,8.5,298.53,191.2
2025-04-28,15811.47,1261.87,1891.46,1912.69,497.4,3010.86,2496.42,1725.74,1149.14,2065.92,2277.91,1316.62,1545.01,1256.71,7.5,8.5,298.53,191.2
2025-04-29,15867.34,1263.86,1900.6,1952.82,500.42,3021.0,2504.29,1728.72,1167.24,2046.44,2296.16,1321.94,1569.72,1274.76,7.5,8.5,298.53,191.2
2025-04-30,15818.77,1252.04,1893.83,1941.05,501.22,2997.74,2505.09,1732.47,1159.11,2041.62,2280.44,1316.88,1594.52,1260.61,7.5,8.5,298.53,191.2
2025-05-02,15851.74,1257.43,1880.74,1948.05,501.23,3005.55,2520.6,1736.29,1165.54,2057.31,2307.17,1321.48,1601.26,1274.76,7.5,8.5,299.41,192.8
2025-05-05,15916.69,1260.76,1893.75,1940.37,499.97,3029.26,2512.95,1740.23,1157.61,2043.09,2332.77,1321.24,1608.91,1280.54,7.5,8.5,299.41,192.8
2025-05-06,15981.88,1265.56,1894.65,1930.23,498.7,3024.14,2554.49,1747.28,1151.81,2056.88,2339.25,1316.84,1622.73,1285.74,7.5,8.5,299.41,192.8
2025-05-07,15850.47,1257.51,1863.51,1929.68,496.85,2989.46,2533.78,1736.82,1172.56,2070.39,2323.82,1317.68,1620.11,1273.46,7.5,8.5,299.41,192.8
2025-05-08,15906.8,1261.72,1870.63,1919.64,495.06,3018.02,2533.89,1750.13,1160.36,2097.94,2330.83,1325.49,1632.4,1281.84,7.5,8.5,299.41,192.8
2025-05-09,15916.17,1263.68,1868.64,1889.39,496.57,3010.56,2531.83,1755.09,1149.43,2064.83,2331.91,1339.81,1626.31,1287.61,7.5,8.5,299.41,192.8
2025-05-14,16176.1,1286.79,1896.29,1923.77,505.84,3096.16,2597.12,1775.91,1167.85,2098.44,2353.44,1343.68,1666.87,1298.16,7.5,8.5,299.41,192.8
2025-05-15,16314.79,1300.59,1913.0,1959.37,508.25,3141.29,2605.51,1797.58,1186.43,2064.45,2370.7,1364.06,1696.23,1305.23,7.5,8.5,299.41,192.8
2025-05-16,16379.39,1302.42,1943.14,1960.87,509.75,3139.88,2580.2,1794.93,1162.05,2089.76,2382.52,1367.84,1662.59,1345.38,7.5,8.5,299.41,192.8
2025-05-19,16397.79,1308.69,1946.38,1955.91,506.96,3107.59,2560.81,1800.37,1164.27,2084.73,2368.61,1354.34,1663.87,1350.15,7.5,8.5,299.41,192.8
2025-05-20,16353.98,1304.96,1934.81,1951.98,502.48,3102.76,2561.28,1795.82,1180.18,2074.58,2361.88,1349.76,1653.47,1352.32,7.5,8.5,299.41,192.8
2025-05-21,16355.91,1300.54,1940.4,1929.05,500.57,3102.8,2556.73,1786.32,1174.9,2050.34,2365.05,1349.5,1690.43,1402.58,7.5,8.5,299.41,192.8
2025-05-22,16473.37,1297.44,1968.21,1914.68,498.35,3138.21,2546.08,1820.12,1182.37,2085.28,2352.65,1372.98,1704.25,1450.1,7.25,8.25,299.41,192.8
2025-05-23,16504.86,1296.66,1960.16,1886.51,498.17,3123.49,2537.87,1815.49,1195.56,2102.36,2342.95,1404.59,1698.5,1468.72,7.25,8.25,299.41,192.8
2025-05-26,16496.24,1290.94,1965.45,1895.79,497.59,3131.72,2527.56,1819.93,1202.84,2098.21,2334.32,1418.47,1716.23,1483.88,7.25,8.25,299.41,192.8
2025-05-27,16657.63,1320.13,1967.89,1935.38,494.14,3157.95,2527.98,1844.48,1194.75,2111.54,2353.35,1424.56,1736.68,1498.9,7.25,8.25,299.41,192.8
2025-05-28,16718.2,1323.71,1955.46,1985.47,494.08,3145.92,2543.54,1853.17,1210.26,2114.12,2371.45,1447.77,1739.5,1520.69,7.25,8.25,299.41,192.8
2025-05-29,16815.6,1329.31,1979.7,2007.21,492.75,3204.52,2537.83,1865.42,1216.72,2088.38,2381.16,1469.47,1751.93,1526.76,7.25,8.25,299.41,192.8
2025-05-30,16854.86,1338.85,1976.46,1980.46,495.28,3203.28,2541.97,1865.36,1200.89,2081.67,2390.09,1471.01,1803.63,1518.09,7.25,8.25,299.41,192.8
2025-06-02,16979.89,1365.32,1985.88,1972.99,492.75,3232.38,2545.66,1857.27,1209.19,2080.67,2413.32,1462.14,1815.18,1540.62,7.25,8.25,299.9,194.5
2025-06-03,17214.39,1396.26,2007.07,1980.05,495.62,3289.39,2695.76,1877.86,1214.05,2099.41,2435.58,1519.06,1899.35,1598.09,7.25,8.25,299.9,194.5
2025-06-04,17353.05,1399.84,2036.4,1949.59,493.29,3331.29,2644.67,1905.39,1206.25,2090.33,2465.41,1542.62,1895.64,1553.9,7.25,8.25,299.9,194.5
2025-06-05,17452.91,1407.34,2054.93,1944.86,498.41,3348.57,2664.2,1890.0,1235.98,2099.66,2495.9,1558.16,1945.63,1555.63,7.25,8.25,299.9,194.5
2025-06-06,17394.45,1400.3,2046.13,1992.9,496.45,3341.19,2672.0,1882.93,1230.58,2090.36,2489.15,1559.54,1926.72,1564.15,7.25,8.25,299.9,194.5
2025-06-09,17500.24,1407.38,2062.09,1985.57,496.04,3361.07,2660.66,1895.51,1226.28,2125.15,2506.29,1555.55,1948.47,1577.86,7.25,8.25,299.9,194.5
2025-06-11,17657.6,1428.04,2098.15,1980.16,495.44,3427.76,2668.48,1907.54,1221.28,2114.88,2500.75,1578.85,1922.48,1594.75,7.25,8.25,299.9,194.5
2025-06-12,17661.45,1426.7,2084.62,1966.52,496.29,3429.55,2652.88,1897.95,1235.1,2118.37,2478.96,1621.07,1907.93,1618.15,7.25,8.25,299.9,194.5
2025-06-13,17434.33,1403.0,2055.0,1965.24,493.51,3397.11,2642.18,1869.68,1239.96,2138.81,2451.04,1574.65,1872.51,1615.11,7.25,8.25,299.9,194.5
2025-06-16,17360.19,1391.54,2047.71,1962.98,493.06,3391.58,2656.58,1878.37,1274.56,2122.88,2438.52,1613.96,1875.96,1615.98,7.25,8.25,299.9,194.5
2025-06-17,17281.95,1387.68,2037.74,1919.75,485.8,3372.21,2644.67,1859.02,1262.39,2084.0,2417.35,1612.41,1839.07,1589.85,7.25,8.25,299.9,194.5
2025-06-18,17071.44,1369.01,2006.39,1910.14,480.8,3308.07,2644.67,1850.57,1237.31,2074.34,2381.95,1570.06,1797.42,1597.49,7.25,8.25,299.9,194.5
2025-06-19,16867.44,1358.04,1986.63,1893.66,474.33,3245.36,2636.99,1829.63,1237.48,2079.95,2350.05,1550.41,1750.42,1611.64,7.25,8.25,299.9,194.5
2025-06-20,17087.95,1375.11,2011.46,1906.22,481.01,3317.55,2583.59,1838.62,1273.1,2091.63,2384.93,1604.09,1827.82,1613.81,7.25,8.25,299.9,194.5
2025-06-23,16765.4,1349.67,1971.88,1860.52,471.78,3236.28,2520.74,1797.71,1261.96,2026.86,2334.08,1552.45,1775.3,1593.15,7.25,8.25,299.9,194.5
2025-06-24,17191.2,1382.58,2020.17,1909.25,481.42,3351.26,2544.44,1850.69,1272.07,2114.98,2412.58,1622.69,1858.42,1597.49,7.25,8.25,299.9,194.5
2025-06-25,17526.5,1403.2,2066.16,1923.1,485.71,3439.95,2549.98,1885.04,1397.97,2164.42,2475.05,1679.6,1928.22,1615.98,7.25,8.25,299.9,194.5
2025-06-26,17740.46,1426.75,2073.67,1906.33,493.28,3501.38,2526.37,1902.49,1417.66,2226.03,2500.72,1709.11,1938.9,1615.54,7.25,8.25,299.9,194.5
2025-06-27,17872.74,1430.81,2091.58,1969.71,516.65,3511.49,2520.36,1912.36,1391.78,2179.8,2526.56,1707.14,1978.3,1615.98,7.25,8.25,299.9,194.5
2025-06-30,18026.72,1444.25,2107.72,1970.41,518.72,3598.9,2500.83,1920.64,1390.92,2179.61,2558.27,1675.8,1984.46,1623.05,7.25,8.25,299.9,194.5
2025-07-01,17996.73,1437.49,2133.81,1954.42,518.59,3623.54,2524.64,1935.06,1369.26,2167.02,2542.14,1659.73,1992.08,1624.79,7.25,8.25,301.12,194.1
2025-07-02,18141.79,1442.62,2152.57,1952.36,514.82,3616.63,2519.95,1943.78,1374.74,2131.08,2577.81,1665.71,2100.28,1621.32,7.25,8.25,301.12,194.1
2025-07-03,18100.92,1435.76,2162.71,1946.01,516.54,3601.92,2528.06,1932.44,1378.89,2147.74,2602.97,1686.58,2095.78,1619.15,7.25,8.25,301.12,194.1
2025-07-04,18148.34,1438.38,2171.23,1983.33,515.79,3582.59,2522.42,1938.16,1379.33,2145.58,2628.56,1688.48,2106.48,1625.79,7.25,8.25,301.12,194.1
2025-07-07,18042.2,1432.31,2163.3,1996.04,516.42,3575.36,2536.25,1920.35,1365.93,2158.64,2602.28,1686.16,2086.58,1618.72,7.25,8.25,301.12,194.1
2025-07-08,18032.12,1432.46,2151.84,1991.2,512.75,3618.69,2528.06,1914.72,1393.09,2129.16,2607.79,1669.5,2145.21,1617.41,7.25,8.25,301.12,194.1
2025-07-09,18161.49,1438.73,2161.77,1982.08,509.83,3684.02,2503.37,1914.53,1414.56,2166.69,2650.61,1729.04,2315.99,1610.34,7.25,8.25,301.12,194.1
2025-07-11,18541.26,1482.04,2229.44,1995.4,513.71,3749.75,2551.31,1952.21,1407.31,2208.71,2700.76,1753.56,2384.77,1608.17,7.25,8.25,301.12,194.1
2025-07-14,18838.39,1539.51,2288.76,1995.92,517.41,3735.2,2592.32,1963.86,1441.23,2226.17,2730.46,1857.4,2411.77,1626.79,7.25,8.25,301.12,194.1
2025-07-15,18946.27,1547.88,2345.6,1979.99,519.42,3739.1,2583.12,1951.52,1436.01,2229.67,2714.13,1949.66,2359.06,1621.45,7.25,8.25,301.12,194.1
2025-07-16,18885.04,1544.21,2324.22,1958.36,533.03,3689.01,2532.15,1945.99,1411.6,2308.8,2690.8,1912.26,2337.78,1607.3,7.25,8.25,301.12,194.1
2025-07-17,18876.85,1536.09,2310.23,1953.32,572.24,3670.98,2545.73,1951.19,1405.0,2248.12,2676.91,1910.35,2359.6,1611.21,7.25,8.25,301.12,194.1
2025-07-18,18973.7,1537.63,2324.53,2026.26,571.66,3726.27,2536.9,1951.21,1431.34,2270.63,2688.53,1931.52,2477.47,1616.55,7.25,8.25,301.12,194.1
2025-07-21,19044.08,1539.94,2310.91,2001.54,568.39,3757.77,2572.83,1951.88,1408.08,2333.14,2692.76,2068.12,2610.03,1608.6,7.25,8.25,301.12,194.1
2025-07-22,19091.93,1554.14,2303.38,2006.32,568.93,3783.79,2616.23,1961.87,1391.87,2350.46,2685.63,2053.3,2579.26,1606.0,7.25,8.25,301.12,194.1
2025-07-23,19265.88,1565.97,2307.24,2050.8,571.3,3791.5,2612.21,1987.04,1488.87,2371.71,2682.07,2044.49,2660.94,1616.55,7.25,8.25,301.12,194.1
2025-07-24,19379.24,1578.96,2315.0,2048.05,572.75,3845.47,2665.12,1991.86,1495.38,2424.59,2680.01,2117.9,2654.01,1630.13,7.25,8.25,301.12,194.1
2025-07-25,19467.71,1584.94,2319.95,2044.17,573.91,3899.48,2690.12,2009.04,1502.08,2408.9,2671.74,2156.33,2645.57,1614.24,7.25,8.25,301.12,194.1
2025-07-28,19517.86,1586.31,2323.11,2033.94,578.28,3902.0,2751.35,2003.58,1498.73,2401.02,2682.42,2134.35,2638.73,1629.13,7.25,8.25,301.12,194.1
2025-07-29,19546.98,1583.84,2307.15,2048.58,581.79,3919.89,2733.32,2012.42,1489.49,2414.57,2680.86,2109.36,2641.67,1621.18,7.25,8.25,301.12,194.1
2025-07-30,19566.15,1589.24,2296.74,2059.7,578.76,3908.3,2723.73,2013.73,1490.14,2384.38,2705.48,2095.6,2614.83,1642.84,7.25,8.25,301.12,194.1
2025-07-31,19642.48,1592.61,2287.87,2071.81,582.74,3927.05,2677.93,2028.48,1507.91,2426.47,2717.74,2103.39,2627.3,1619.45,7.25,8.25,301.12,194.1
2025-08-01,19904.6,1637.32,2332.89,2132.6,592.83,3954.46,2694.01,2043.34,1501.39,2427.32,2734.78,2129.69,2628.64,1632.3,7.25,8.25,301.12,193.3
2025-08-04,19786.23,1638.48,2297.46,2088.53,588.56,3917.46,2661.79,2008.34,1495.27,2391.76,2705.99,2095.21,2637.35,1624.79,7.25,8.25,301.12,193.3
2025-08-05,19718.0,1635.09,2278.38,2088.65,589.27,3907.23,2654.31,2018.19,1502.26,2406.52,2700.67,2083.31,2656.85,1620.45,7.25,8.25,301.12,193.3
2025-08-06,19804.8,1633.67,2281.66,2083.61,593.18,3906.22,2648.81,2031.37,1481.38,2421.11,2741.08,2111.54,2701.44,1617.28,7.25,8.25,301.12,193.3
2025-08-07,19826.57,1633.09,2270.34,2094.83,587.97,3929.82,2638.87,2036.02,1499.99,2405.09,2731.97,2129.32,2700.66,1619.15,7.25,8.25,301.12,193.3
2025-08-11,19923.02,1635.03,2260.94,2108.14,587.46,3919.47,2628.24,2049.39,1488.63,2420.96,2711.4,2100.54,2647.95,1658.43,7.25,8.25,301.12,193.3
2025-08-12,19972.79,1641.03,2240.9,2116.04,590.01,3939.62,2622.06,2065.27,1481.24,2436.39,2707.54,2155.13,2643.03,1735.39,7.25,8.25,301.12,193.3
2025-08-13,20003.98,1638.73,2232.69,2093.14,587.21,3940.46,2622.28,2066.78,1506.5,2436.86,2695.54,2190.54,2649.62,1776.54,7.25,8.25,301.12,193.3
2025-08-14,19928.67,1631.04,2224.65,2115.38,587.46,3929.75,2653.26,2064.35,1500.33,2500.71,2691.9,2251.53,2663.53,1782.32,7.25,8.25,301.12,193.3
2025-08-15,20218.36,1674.86,2239.65,2112.69,585.4,4015.03,2650.75,2094.34,1532.73,2488.02,2727.43,2285.51,2723.37,1790.56,7.25,8.25,301.12,193.3
2025-08-18,20475.42,1716.39,2257.16,2081.24,591.39,4017.07,2634.73,2132.28,1598.47,2467.16,2763.73,2262.09,2690.32,1799.8,7.25,8.25,301.12,193.3
2025-08-19,20601.05,1761.38,2238.28,2081.87,601.39,4009.82,2636.82,2177.97,1589.51,2420.74,2743.52,2225.32,2682.1,1808.61,7.25,8.25,301.12,193.3
2025-08-20,20736.77,1780.41,2269.28,2098.18,609.42,3999.84,2635.86,2188.77,1568.95,2463.28,2750.92,2256.58,2653.59,1848.33,7.25,8.25,301.12,193.3
2025-08-21,20715.49,1773.76,2279.14,2145.1,624.22,4009.18,2629.66,2189.5,1564.17,2464.84,2756.9,2242.24,2684.92,1940.31,7.25,8.25,301.12,193.3
2025-08-22,20649.2,1763.27,2283.93,2138.97,621.6,4009.39,2609.98,2159.86,1587.71,2463.71,2756.87,2250.74,2662.07,1946.51,7.25,8.25,301.12,193.3
2025-08-25,20575.59,1745.38,2262.44,2110.26,625.28,4001.98,2619.26,2162.43,1575.38,2468.68,2752.17,2252.17,2633.61,1932.36,7.25,8.25,301.12,193.3
2025-08-26,20613.39,1752.92,2262.87,2130.07,627.74,4024.32,2602.81,2162.41,1560.92,2457.4,2782.9,2239.68,2631.95,1972.65,7.25,8.25,301.12,193.3
2025-08-27,20753.21,1753.8,2259.39,2171.67,635.69,4033.37,2615.18,2191.19,1569.02,2438.06,2809.76,2296.76,2708.29,1993.87,7.25,8.25,301.12,193.3
2025-08-28,20800.26,1748.18,2258.29,2252.89,634.43,4042.59,2634.75,2202.09,1587.52,2452.28,2840.82,2371.7,2734.0,2070.86,7.25,8.25,301.12,193.3
2025-08-29,20997.36,1753.04,2270.74,2268.65,649.72,4074.07,2658.56,2219.24,1606.1,2524.84,2871.93,2517.9,2750.54,2173.82,7.25,8.25,301.12,193.3
