date,ln_ASPI,ln_Exchange_Rate,Interest_Rate,ln_CCPI
2019-01-02,8.709828049485257,5.204720717810452,8.0,4.597138014290827
2019-01-03,8.70921422251898,5.204720717810452,8.0,4.597138014290827
2019-01-04,8.710728307257193,5.204720717810452,8.0,4.597138014290827
2019-01-07,8.703339092740167,5.204720717810452,8.0,4.597138014290827
2019-01-08,8.698240603499126,5.204720717810452,8.0,4.597138014290827
2019-01-09,8.696542000638017,5.204720717810452,8.0,4.597138014290827
2019-01-10,8.696852875234379,5.204720717810452,8.0,4.597138014290827
2019-01-11,8.69404481536716,5.204720717810452,8.0,4.597138014290827
2019-01-14,8.696346400961387,5.204720717810452,8.0,4.597138014290827
2019-01-16,8.695061513931618,5.204720717810452,8.0,4.597138014290827
2019-01-17,8.697699768797742,5.204720717810452,8.0,4.597138014290827
2019-01-18,8.69752443551795,5.204720717810452,8.0,4.597138014290827
2019-01-21,8.692569015693985,5.204720717810452,8.0,4.597138014290827
2019-01-22,8.690166186257795,5.204720717810452,8.0,4.597138014290827
2019-01-23,8.691408649049178,5.204720717810452,8.0,4.597138014290827
2019-01-24,8.692882805412145,5.204720717810452,8.0,4.597138014290827
2019-01-25,8.695891525592737,5.204720717810452,8.0,4.597138014290827
2019-01-28,8.695081602993124,5.204720717810452,8.0,4.597138014290827
2019-01-29,8.699034632973314,5.204720717810452,8.0,4.597138014290827
2019-01-30,8.698062026854641,5.204720717810452,8.0,4.597138014290827
2019-01-31,8.697829996479323,5.204720717810452,8.0,4.597138014290827
2019-02-01,8.696518597563522,5.185876287202287,8.0,4.593097604753822
2019-02-05,8.69645172861827,5.185876287202287,8.0,4.593097604753822
2019-02-06,8.692391101850813,5.185876287202287,8.0,4.593097604753822
2019-02-07,8.692790524539303,5.185876287202287,8.0,4.593097604753822
2019-02-08,8.693520149787519,5.185876287202287,8.0,4.593097604753822
2019-02-11,8.692929781494616,5.185876287202287,8.0,4.593097604753822
2019-02-12,8.687814904518197,5.185876287202287,8.0,4.593097604753822
2019-02-13,8.687858746861139,5.185876287202287,8.0,4.593097604753822
2019-02-14,8.68819256012438,5.185876287202287,8.0,4.593097604753822
2019-02-15,8.684282660068767,5.185876287202287,8.0,4.593097604753822
2019-02-18,8.682254985092726,5.185876287202287,8.0,4.593097604753822
2019-02-20,8.679340952039368,5.185876287202287,8.0,4.593097604753822
2019-02-21,8.67232167874817,5.185876287202287,8.0,4.593097604753822
2019-02-22,8.67209558863317,5.185876287202287,8.0,4.593097604753822
2019-02-25,8.670130564055356,5.185876287202287,8.0,4.593097604753822
2019-02-26,8.669445499046114,5.185876287202287,8.0,4.593097604753822
2019-02-27,8.665609748252702,5.185876287202287,8.0,4.593097604753822
2019-02-28,8.668417880418684,5.185876287202287,8.0,4.593097604753822
2019-03-01,8.657704418225082,5.184196367443337,8.0,4.591071261608589
2019-03-05,8.66052614145147,5.184196367443337,8.0,4.591071261608589
2019-03-06,8.657233355953586,5.184196367443337,8.0,4.591071261608589
2019-03-07,8.657363745950251,5.184196367443337,8.0,4.591071261608589
2019-03-08,8.652117363672758,5.184196367443337,8.0,4.591071261608589
2019-03-11,8.644759327221841,5.184196367443337,8.0,4.591071261608589
2019-03-12,8.638840750174772,5.184196367443337,8.0,4.591071261608589
2019-03-13,8.631763962158507,5.184196367443337,8.0,4.591071261608589
2019-03-14,8.636360157887342,5.184196367443337,8.0,4.591071261608589
2019-03-15,8.633417679835267,5.184196367443337,8.0,4.591071261608589
2019-03-18,8.6331933052784,5.184196367443337,8.0,4.591071261608589
2019-03-19,8.629033269296782,5.184196367443337,8.0,4.591071261608589
2019-03-21,8.625383698867116,5.184196367443337,8.0,4.591071261608589
2019-03-22,8.61975880497136,5.184196367443337,8.0,4.591071261608589
2019-03-25,8.617883418233074,5.184196367443337,8.0,4.591071261608589
2019-03-26,8.614987555804667,5.184196367443337,8.0,4.591071261608589
2019-03-27,8.614641084682109,5.184196367443337,8.0,4.591071261608589
2019-03-28,8.622684098572723,5.184196367443337,8.0,4.591071261608589
2019-03-29,8.622856861118233,5.184196367443337,8.0,4.591071261608589
2019-04-01,8.624749893689815,5.163642463221435,8.0,4.594109238628667
2019-04-02,8.626662653778473,5.163642463221435,8.0,4.594109238628667
2019-04-03,8.63005212354935,5.163642463221435,8.0,4.594109238628667
2019-04-04,8.6400177195882,5.163642463221435,8.0,4.594109238628667
2019-04-05,8.634328906494744,5.163642463221435,8.0,4.594109238628667
2019-04-08,8.629710833630975,5.163642463221435,8.0,4.594109238628667
2019-04-09,8.627599754336295,5.163642463221435,8.0,4.594109238628667
2019-04-10,8.627585426713713,5.163642463221435,8.0,4.594109238628667
2019-04-11,8.626246679648933,5.163642463221435,8.0,4.594109238628667
2019-04-12,8.627893425369548,5.163642463221435,8.0,4.594109238628667
2019-04-16,8.629061882879293,5.163642463221435,8.0,4.594109238628667
2019-04-17,8.631119912150115,5.163642463221435,8.0,4.594109238628667
2019-04-18,8.631655162883254,5.163642463221435,8.0,4.594109238628667
2019-04-23,8.594631896230682,5.163642463221435,8.0,4.594109238628667
2019-04-24,8.596660348877137,5.163642463221435,8.0,4.594109238628667
2019-04-25,8.598384162659679,5.163642463221435,8.0,4.594109238628667
2019-04-26,8.600993752582546,5.163642463221435,8.0,4.594109238628667
2019-04-29,8.602142610698113,5.163642463221435,8.0,4.594109238628667
2019-04-30,8.60857019185617,5.163642463221435,8.0,4.594109238628667
2019-05-02,8.604980600548352,5.172980875236739,8.0,4.61015772749913
2019-05-03,8.60130453403489,5.172980875236739,8.0,4.61015772749913
2019-05-06,8.59160840208166,5.172980875236739,8.0,4.61015772749913
2019-05-07,8.590915660701848,5.172980875236739,8.0,4.61015772749913
2019-05-08,8.589136107240314,5.172980875236739,8.0,4.61015772749913
2019-05-09,8.585262970317626,5.172980875236739,8.0,4.61015772749913
2019-05-10,8.580671150356487,5.172980875236739,8.0,4.61015772749913
2019-05-13,8.576819668192789,5.172980875236739,8.0,4.61015772749913
2019-05-14,8.560959327694725,5.172980875236739,8.0,4.61015772749913
2019-05-15,8.556410058408275,5.172980875236739,8.0,4.61015772749913
2019-05-16,8.566324249855567,5.172980875236739,8.0,4.61015772749913
2019-05-17,8.567831171132024,5.172980875236739,8.0,4.61015772749913
2019-05-21,8.573815461556835,5.172980875236739,8.0,4.61015772749913
2019-05-22,8.574646672830578,5.172980875236739,8.0,4.61015772749913
2019-05-23,8.576555840809744,5.172980875236739,8.0,4.61015772749913
2019-05-24,8.574539032135116,5.172980875236739,8.0,4.61015772749913
2019-05-27,8.573855148708692,5.172980875236739,8.0,4.61015772749913
2019-05-28,8.574233042672365,5.172980875236739,8.0,4.61015772749913
2019-05-29,8.579196626937904,5.172980875236739,8.0,4.61015772749913
2019-05-30,8.580081601869702,5.172980875236739,8.0,4.61015772749913
2019-05-31,8.577526005955187,5.172980875236739,7.5,4.61015772749913
2019-06-03,8.57536775546731,5.173830661425033,7.5,4.619073091157083
2019-06-04,8.571173672082551,5.173830661425033,7.5,4.619073091157083
2019-06-06,8.571082712688277,5.173830661425033,7.5,4.619073091157083
2019-06-07,8.575118644339813,5.173830661425033,7.5,4.619073091157083
2019-06-10,8.579805483565345,5.173830661425033,7.5,4.619073091157083
2019-06-11,8.582098520271632,5.173830661425033,7.5,4.619073091157083
2019-06-12,8.590207565809852,5.173830661425033,7.5,4.619073091157083
2019-06-13,8.591810747995472,5.173830661425033,7.5,4.619073091157083
2019-06-14,8.591134864028671,5.173830661425033,7.5,4.619073091157083
2019-06-17,8.591359590434505,5.173830661425033,7.5,4.619073091157083
2019-06-18,8.589625474672909,5.173830661425033,7.5,4.619073091157083
2019-06-19,8.592727289026604,5.173830661425033,7.5,4.619073091157083
2019-06-20,8.589024430922835,5.173830661425033,7.5,4.619073091157083
2019-06-21,8.587372026037484,5.173830661425033,7.5,4.619073091157083
2019-06-24,8.585698210589264,5.173830661425033,7.5,4.619073091157083
2019-06-25,8.583447115408678,5.173830661425033,7.5,4.619073091157083
2019-06-26,8.584584514442163,5.173830661425033,7.5,4.619073091157083
2019-06-27,8.583941144959446,5.173830661425033,7.5,4.619073091157083
2019-06-28,8.589007678399486,5.173830661425033,7.5,4.619073091157083
2019-07-01,8.589824502413755,5.17042717524212,7.5,4.618086411254637
2019-07-02,8.592525128504898,5.17042717524212,7.5,4.618086411254637
2019-07-03,8.596290837274887,5.17042717524212,7.5,4.618086411254637
2019-07-04,8.614132951823473,5.17042717524212,7.5,4.618086411254637
2019-07-05,8.61537379306976,5.17042717524212,7.5,4.618086411254637
2019-07-08,8.613339385299751,5.17042717524212,7.5,4.618086411254637
2019-07-09,8.615118131571442,5.17042717524212,7.5,4.618086411254637
2019-07-10,8.616464606069082,5.17042717524212,7.5,4.618086411254637
2019-07-11,8.623583576576369,5.17042717524212,7.5,4.618086411254637
2019-07-12,8.625139560870492,5.17042717524212,7.5,4.618086411254637
2019-07-15,8.628262182679508,5.17042717524212,7.5,4.618086411254637
2019-07-17,8.638640616101986,5.17042717524212,7.5,4.618086411254637
2019-07-18,8.64746502745346,5.17042717524212,7.5,4.618086411254637
2019-07-19,8.650874072866749,5.17042717524212,7.5,4.618086411254637
2019-07-22,8.64113853432916,5.17042717524212,7.5,4.618086411254637
2019-07-23,8.645317240675253,5.17042717524212,7.5,4.618086411254637
2019-07-24,8.656254018502285,5.17042717524212,7.5,4.618086411254637
2019-07-25,8.664692082784292,5.17042717524212,7.5,4.618086411254637
2019-07-26,8.678102125566765,5.17042717524212,7.5,4.618086411254637
2019-07-29,8.698714428039423,5.17042717524212,7.5,4.618086411254637
2019-07-30,8.691440572942618,5.17042717524212,7.5,4.618086411254637
2019-07-31,8.688679592681769,5.17042717524212,7.5,4.618086411254637
2019-08-01,8.682243115243923,5.181614996761894,7.5,4.618086411254637
2019-08-02,8.68180892109126,5.181614996761894,7.5,4.618086411254637
2019-08-05,8.680955247911367,5.181614996761894,7.5,4.618086411254637
2019-08-06,8.673673726450366,5.181614996761894,7.5,4.618086411254637
2019-08-07,8.680956945797922,5.181614996761894,7.5,4.618086411254637
2019-08-08,8.679016078732847,5.181614996761894,7.5,4.618086411254637
2019-08-09,8.68998784436582,5.181614996761894,7.5,4.618086411254637
2019-08-13,8.691028844559893,5.181614996761894,7.5,4.618086411254637
2019-08-15,8.685610193039839,5.181614996761894,7.5,4.618086411254637
2019-08-16,8.681776688227478,5.181614996761894,7.5,4.618086411254637
2019-08-19,8.677451467561667,5.181614996761894,7.5,4.618086411254637
2019-08-20,8.684817267449608,5.181614996761894,7.5,4.618086411254637
2019-08-21,8.684018634558308,5.181614996761894,7.5,4.618086411254637
2019-08-22,8.68355811558593,5.181614996761894,7.5,4.618086411254637
2019-08-23,8.68244827423014,5.181614996761894,7.0,4.618086411254637
2019-08-26,8.679604515124717,5.181614996761894,7.0,4.618086411254637
2019-08-27,8.684220044939408,5.181614996761894,7.0,4.618086411254637
2019-08-28,8.684556766643796,5.181614996761894,7.0,4.618086411254637
2019-08-29,8.682788982516799,5.181614996761894,7.0,4.618086411254637
2019-08-30,8.680987507262973,5.181614996761894,7.0,4.618086411254637
2019-09-02,8.679021182270874,5.1972808223702645,7.0,4.625952725170619
2019-09-03,8.679893504463022,5.1972808223702645,7.0,4.625952725170619
2019-09-04,8.676167646680359,5.1972808223702645,7.0,4.625952725170619
2019-09-05,8.67423967435552,5.1972808223702645,7.0,4.625952725170619
2019-09-06,8.6653666144115,5.1972808223702645,7.0,4.625952725170619
2019-09-09,8.668457423744849,5.1972808223702645,7.0,4.625952725170619
2019-09-10,8.669479849319288,5.1972808223702645,7.0,4.625952725170619
2019-09-11,8.669199860207833,5.1972808223702645,7.0,4.625952725170619
2019-09-12,8.670006977999824,5.1972808223702645,7.0,4.625952725170619
2019-09-16,8.67045318898951,5.1972808223702645,7.0,4.625952725170619
2019-09-17,8.66751999812198,5.1972808223702645,7.0,4.625952725170619
2019-09-18,8.666907186554404,5.1972808223702645,7.0,4.625952725170619
2019-09-19,8.66751483554823,5.1972808223702645,7.0,4.625952725170619
2019-09-20,8.664559192992016,5.1972808223702645,7.0,4.625952725170619
2019-09-23,8.661549779612916,5.1972808223702645,7.0,4.625952725170619
2019-09-24,8.65583102395574,5.1972808223702645,7.0,4.625952725170619
2019-09-25,8.659109333575152,5.1972808223702645,7.0,4.625952725170619
2019-09-26,8.66090558135768,5.1972808223702645,7.0,4.625952725170619
2019-09-27,8.660720210897752,5.1972808223702645,7.0,4.625952725170619
2019-09-30,8.654907822086965,5.1972808223702645,7.0,4.625952725170619
2019-10-01,8.654105861075076,5.200980133659079,7.0,4.627909672957581
2019-10-02,8.647858229970108,5.200980133659079,7.0,4.627909672957581
2019-10-03,8.644266273979714,5.200980133659079,7.0,4.627909672957581
2019-10-04,8.646447952273498,5.200980133659079,7.0,4.627909672957581
2019-10-07,8.649785142904086,5.200980133659079,7.0,4.627909672957581
2019-10-08,8.655022833318114,5.200980133659079,7.0,4.627909672957581
2019-10-09,8.667265279369689,5.200980133659079,7.0,4.627909672957581
2019-10-10,8.668099757649845,5.200980133659079,7.0,4.627909672957581
2019-10-11,8.671571273956967,5.200980133659079,7.0,4.627909672957581
2019-10-14,8.67762524490222,5.200980133659079,7.0,4.627909672957581
2019-10-15,8.672568264225536,5.200980133659079,7.0,4.627909672957581
2019-10-16,8.671907141148642,5.200980133659079,7.0,4.627909672957581
2019-10-17,8.675920240814895,5.200980133659079,7.0,4.627909672957581
2019-10-18,8.676498562963264,5.200980133659079,7.0,4.627909672957581
2019-10-21,8.676585538244433,5.200980133659079,7.0,4.627909672957581
2019-10-22,8.679380065789811,5.200980133659079,7.0,4.627909672957581
2019-10-23,8.680729403306776,5.200980133659079,7.0,4.627909672957581
2019-10-24,8.685463151987234,5.200980133659079,7.0,4.627909672957581
2019-10-25,8.688666114003354,5.200980133659079,7.0,4.627909672957581
2019-10-28,8.690487457890674,5.200980133659079,7.0,4.627909672957581
2019-10-29,8.693538593181808,5.200980133659079,7.0,4.627909672957581
2019-10-30,8.692367601429481,5.200980133659079,7.0,4.627909672957581
2019-10-31,8.697886757084806,5.200980133659079,7.0,4.627909672957581
2019-11-01,8.704847172199313,5.195010296682108,7.0,4.630837932736669
2019-11-04,8.701209977163954,5.195010296682108,7.0,4.630837932736669
2019-11-05,8.69845752287772,5.195010296682108,7.0,4.630837932736669
2019-11-06,8.692241696910267,5.195010296682108,7.0,4.630837932736669
2019-11-07,8.688128503592784,5.195010296682108,7.0,4.630837932736669
2019-11-08,8.691922667830578,5.195010296682108,7.0,4.630837932736669
2019-11-13,8.697749858374612,5.195010296682108,7.0,4.630837932736669
2019-11-14,8.696187552561785,5.195010296682108,7.0,4.630837932736669
2019-11-15,8.703344073642558,5.195010296682108,7.0,4.630837932736669
2019-11-18,8.72087824821379,5.195010296682108,7.0,4.630837932736669
2019-11-19,8.723029431541857,5.195010296682108,7.0,4.630837932736669
2019-11-20,8.722350353075687,5.195010296682108,7.0,4.630837932736669
2019-11-21,8.72230799717534,5.195010296682108,7.0,4.630837932736669
2019-11-22,8.71919808734607,5.195010296682108,7.0,4.630837932736669
2019-11-25,8.71337491742328,5.195010296682108,7.0,4.630837932736669
2019-11-26,8.715199431276192,5.195010296682108,7.0,4.630837932736669
2019-11-27,8.719132717935336,5.195010296682108,7.0,4.630837932736669
2019-11-28,8.7324851998801,5.195010296682108,7.0,4.630837932736669
2019-11-29,8.734233354894393,5.195010296682108,7.0,4.630837932736669
2019-12-02,8.734758010500608,5.199877293734784,7.0,4.635699391022914
2019-12-03,8.734719394933059,5.199877293734784,7.0,4.635699391022914
2019-12-04,8.733336296685703,5.199877293734784,7.0,4.635699391022914
2019-12-05,8.725974903467312,5.199877293734784,7.0,4.635699391022914
2019-12-06,8.72413743965695,5.199877293734784,7.0,4.635699391022914
2019-12-09,8.716638955137554,5.199877293734784,7.0,4.635699391022914
2019-12-10,8.709498081819094,5.199877293734784,7.0,4.635699391022914
2019-12-12,8.71598831090308,5.199877293734784,7.0,4.635699391022914
2019-12-13,8.714349172043645,5.199877293734784,7.0,4.635699391022914
2019-12-16,8.708969906980947,5.199877293734784,7.0,4.635699391022914
2019-12-17,8.709849493615462,5.199877293734784,7.0,4.635699391022914
2019-12-18,8.709314902770963,5.199877293734784,7.0,4.635699391022914
2019-12-19,8.707031427063848,5.199877293734784,7.0,4.635699391022914
2019-12-20,8.706942097038974,5.199877293734784,7.0,4.635699391022914
2019-12-23,8.704802410517958,5.199877293734784,7.0,4.635699391022914
2019-12-24,8.708329120575401,5.199877293734784,7.0,4.635699391022914
2019-12-26,8.713859698989383,5.199877293734784,7.0,4.635699391022914
2019-12-27,8.719748655041002,5.199877293734784,7.0,4.635699391022914
2019-12-30,8.72518249495877,5.199877293734784,7.0,4.635699391022914
2019-12-31,8.720821146236984,5.199877293734784,7.0,4.635699391022914
2020-01-02,8.717441434021381,5.200704537681037,7.0,4.6520537718869415
2020-01-03,8.717891522860148,5.200704537681037,7.0,4.6520537718869415
2020-01-06,8.711102351861843,5.200704537681037,7.0,4.6520537718869415
2020-01-07,8.703853654859168,5.200704537681037,7.0,4.6520537718869415
2020-01-08,8.682511000394006,5.200704537681037,7.0,4.6520537718869415
2020-01-09,8.697437592414992,5.200704537681037,7.0,4.6520537718869415
2020-01-13,8.69628788080243,5.200704537681037,7.0,4.6520537718869415
2020-01-14,8.694272699314896,5.200704537681037,7.0,4.6520537718869415
2020-01-16,8.68963106513601,5.200704537681037,8.0,4.6520537718869415
2020-01-17,8.688271782264145,5.200704537681037,7.0,4.6520537718869415
2020-01-20,8.683757925597753,5.200704537681037,7.0,4.6520537718869415
2020-01-21,8.685133498652764,5.200704537681037,7.0,4.6520537718869415
2020-01-22,8.689703441026118,5.200704537681037,7.0,4.6520537718869415
2020-01-23,8.696928072313424,5.200704537681037,7.0,4.6520537718869415
2020-01-24,8.698062026854641,5.200704537681037,7.0,4.6520537718869415
2020-01-27,8.68855996306167,5.200704537681037,7.0,4.6520537718869415
2020-01-28,8.680129733701651,5.200704537681037,7.0,4.6520537718869415
2020-01-29,8.688841322653717,5.200704537681037,7.0,4.6520537718869415
2020-01-30,8.6873949323921,5.200704537681037,6.5,4.6520537718869415
2020-01-31,8.687739018997371,5.200704537681037,6.5,4.6520537718869415
2020-02-03,8.687954856041241,5.201586177588265,6.5,4.6520537718869415
2020-02-05,8.689812836498433,5.201586177588265,6.5,4.6520537718869415
2020-02-06,8.690855699959345,5.201586177588265,6.5,4.6520537718869415
2020-02-07,8.689890247601918,5.201586177588265,6.5,4.6520537718869415
2020-02-10,8.688411669865527,5.201586177588265,6.5,4.6520537718869415
2020-02-11,8.682548295166809,5.201586177588265,6.5,4.6520537718869415
2020-02-12,8.679046699570328,5.201586177588265,6.5,4.6520537718869415
2020-02-13,8.675444025539527,5.201586177588265,6.5,4.6520537718869415
2020-02-14,8.67063676415934,5.201586177588265,6.5,4.6520537718869415
2020-02-17,8.668070519669017,5.201586177588265,6.5,4.6520537718869415
2020-02-18,8.670945506192389,5.201586177588265,6.5,4.6520537718869415
2020-02-19,8.673825931239639,5.201586177588265,6.5,4.6520537718869415
2020-02-20,8.67085975407769,5.201586177588265,6.5,4.6520537718869415
2020-02-24,8.665147570906342,5.201586177588265,6.5,4.6520537718869415
2020-02-25,8.653633100203892,5.201586177588265,6.5,4.6520537718869415
2020-02-26,8.63828098256999,5.201586177588265,6.5,4.6520537718869415
2020-02-27,8.642568664767726,5.201586177588265,6.5,4.6520537718869415
2020-02-28,8.629256791125513,5.201586177588265,6.5,4.6520537718869415
2020-03-02,8.633070412160526,5.220680096820884,6.5,4.6434288981051814
2020-03-03,8.633803984709381,5.220680096820884,6.5,4.6434288981051814
2020-03-04,8.618928142651013,5.220680096820884,6.5,4.6434288981051814
2020-03-05,8.609635626805797,5.220680096820884,6.5,4.6434288981051814
2020-03-06,8.583570645679366,5.220680096820884,6.5,4.6434288981051814
2020-03-10,8.541282695343869,5.220680096820884,6.5,4.6434288981051814
2020-03-11,8.557282757776461,5.220680096820884,6.5,4.6434288981051814
2020-03-12,8.521095567233479,5.220680096820884,6.5,4.6434288981051814
2020-03-13,8.491819997282779,5.220680096820884,6.5,4.6434288981051814
2020-03-20,8.427625094255827,5.220680096820884,6.25,4.6434288981051814
2020-05-11,8.38763788367929,5.235750234279208,5.5,4.6491870714048655
2020-05-12,8.354191792607685,5.235750234279208,5.5,4.6491870714048655
2020-05-13,8.381888799385338,5.235750234279208,5.5,4.6491870714048655
2020-05-14,8.387890559253165,5.235750234279208,5.5,4.6491870714048655
2020-05-15,8.398193415831958,5.235750234279208,5.5,4.6491870714048655
2020-05-18,8.435299605256736,5.235750234279208,5.5,4.6491870714048655
2020-05-19,8.4555369126247,5.235750234279208,5.5,4.6491870714048655
2020-05-20,8.445744449604069,5.235750234279208,5.5,4.6491870714048655
2020-05-21,8.473199505730348,5.235750234279208,5.5,4.6491870714048655
2020-05-22,8.476348279966725,5.235750234279208,5.5,4.6491870714048655
2020-05-26,8.472241849530981,5.235750234279208,5.5,4.6491870714048655
2020-05-27,8.476373280227145,5.235750234279208,5.5,4.6491870714048655
2020-05-28,8.494366636656459,5.235750234279208,5.5,4.6491870714048655
2020-05-29,8.486065719455441,5.235750234279208,5.5,4.6491870714048655
2020-06-01,8.47541240406767,5.225477820371079,5.5,4.657762636107262
2020-06-02,8.474410943520796,5.225477820371079,5.5,4.657762636107262
2020-06-03,8.472704064511001,5.225477820371079,5.5,4.657762636107262
2020-06-04,8.472411283444316,5.225477820371079,5.5,4.657762636107262
2020-06-08,8.485052158083823,5.225477820371079,5.5,4.657762636107262
2020-06-09,8.499715339733939,5.225477820371079,5.5,4.657762636107262
2020-06-10,8.500563684444671,5.225477820371079,5.5,4.657762636107262
2020-06-11,8.50050267647091,5.225477820371079,5.5,4.657762636107262
2020-06-12,8.500012443987158,5.225477820371079,5.5,4.657762636107262
2020-06-15,8.499198249272304,5.225477820371079,5.5,4.657762636107262
2020-06-16,8.50016096301872,5.225477820371079,5.5,4.657762636107262
2020-06-17,8.508806118039145,5.225477820371079,5.5,4.657762636107262
2020-06-18,8.51257856036545,5.225477820371079,5.5,4.657762636107262
2020-06-19,8.515275353540282,5.225477820371079,5.5,4.657762636107262
2020-06-22,8.526450212678915,5.225477820371079,5.5,4.657762636107262
2020-06-23,8.533670688746923,5.225477820371079,5.5,4.657762636107262
2020-06-24,8.539334258899288,5.225477820371079,5.5,4.657762636107262
2020-06-25,8.545887542457582,5.225477820371079,5.5,4.657762636107262
2020-06-26,8.549340872626555,5.225477820371079,5.5,4.657762636107262
2020-06-29,8.547483764682996,5.225477820371079,5.5,4.657762636107262
2020-06-30,8.546668495026237,5.225477820371079,5.5,4.657762636107262
2020-07-01,8.546443208124359,5.224939896743261,5.5,4.658710952916121
2020-07-02,8.538766798620955,5.224939896743261,5.5,4.658710952916121
2020-07-03,8.527321724212278,5.224939896743261,5.5,4.658710952916121
2020-07-06,8.532259128088604,5.224939896743261,5.5,4.658710952916121
2020-07-07,8.533416872899778,5.224939896743261,5.5,4.658710952916121
2020-07-08,8.531001417547097,5.224939896743261,5.5,4.658710952916121
2020-07-09,8.535113656398815,5.224939896743261,4.5,4.658710952916121
2020-07-10,8.51571610105519,5.224939896743261,4.5,4.658710952916121
2020-07-13,8.492851317309933,5.224939896743261,4.5,4.658710952916121
2020-07-14,8.506558846678901,5.224939896743261,4.5,4.658710952916121
2020-07-15,8.500390818851306,5.224939896743261,4.5,4.658710952916121
2020-07-16,8.507857751478896,5.224939896743261,4.5,4.658710952916121
2020-07-17,8.514890542353562,5.224939896743261,4.5,4.658710952916121
2020-07-20,8.524933160426455,5.224939896743261,4.5,4.658710952916121
2020-07-21,8.524059563833514,5.224939896743261,4.5,4.658710952916121
2020-07-22,8.521143379141442,5.224939896743261,4.5,4.658710952916121
2020-07-23,8.525335948998658,5.224939896743261,4.5,4.658710952916121
2020-07-24,8.530168644938628,5.224939896743261,4.5,4.658710952916121
2020-07-27,8.537999236688803,5.224939896743261,4.5,4.658710952916121
2020-07-28,8.536882086754987,5.224939896743261,4.5,4.658710952916121
2020-07-29,8.535818655539403,5.224939896743261,4.5,4.658710952916121
2020-07-30,8.53465975891487,5.224939896743261,4.5,4.658710952916121
2020-07-31,8.541741403337431,5.224939896743261,4.5,4.658710952916121
2020-08-04,8.550010755789911,5.219761053642261,4.5,4.658710952916121
2020-08-05,8.546060492490026,5.219761053642261,4.5,4.658710952916121
2020-08-06,8.551952042172692,5.219761053642261,4.5,4.658710952916121
2020-08-07,8.551880567584293,5.219761053642261,4.5,4.658710952916121
2020-08-10,8.54689761412257,5.219761053642261,4.5,4.658710952916121
2020-08-11,8.555721357121577,5.219761053642261,4.5,4.658710952916121
2020-08-12,8.5603618703176,5.219761053642261,4.5,4.658710952916121
2020-08-13,8.563238639916504,5.219761053642261,4.5,4.658710952916121
2020-08-14,8.56826456118034,5.219761053642261,4.5,4.658710952916121
2020-08-17,8.566289975239725,5.219761053642261,4.5,4.658710952916121
2020-08-18,8.57166622507037,5.219761053642261,4.5,4.658710952916121
2020-08-19,8.585044344724293,5.219761053642261,4.5,4.658710952916121
2020-08-20,8.586771491506418,5.219761053642261,4.5,4.658710952916121
2020-08-21,8.590885934517164,5.219761053642261,4.5,4.658710952916121
2020-08-24,8.591519282637408,5.219761053642261,4.5,4.658710952916121
2020-08-25,8.587317955404444,5.219761053642261,4.5,4.658710952916121
2020-08-26,8.582167867424443,5.219761053642261,4.5,4.658710952916121
2020-08-27,8.581729212550684,5.219761053642261,4.5,4.658710952916121
2020-08-28,8.579392102800076,5.219761053642261,4.5,4.658710952916121
2020-08-31,8.580980805693807,5.219761053642261,4.5,4.658710952916121
2020-09-02,8.586717388391465,5.2205179740936245,4.5,4.665324108807838
2020-09-03,8.585010705774872,5.2205179740936245,4.5,4.665324108807838
2020-09-04,8.577614498447975,5.2205179740936245,4.5,4.665324108807838
2020-09-07,8.577473283300815,5.2205179740936245,4.5,4.665324108807838
2020-09-08,8.578485825357001,5.2205179740936245,4.5,4.665324108807838
2020-09-09,8.588655810564116,5.2205179740936245,4.5,4.665324108807838
2020-09-10,8.594069043738717,5.2205179740936245,4.5,4.665324108807838
2020-09-11,8.60133395212665,5.2205179740936245,4.5,4.665324108807838
2020-09-14,8.610792818149388,5.2205179740936245,4.5,4.665324108807838
2020-09-15,8.618610141430533,5.2205179740936245,4.5,4.665324108807838
2020-09-16,8.6279113293505,5.2205179740936245,4.5,4.665324108807838
2020-09-17,8.640942394051125,5.2205179740936245,4.5,4.665324108807838
2020-09-18,8.651841210381457,5.2205179740936245,4.5,4.665324108807838
2020-09-21,8.659163129157161,5.2205179740936245,4.5,4.665324108807838
2020-09-22,8.662321578201423,5.2205179740936245,4.5,4.665324108807838
2020-09-23,8.66079124476101,5.2205179740936245,4.5,4.665324108807838
2020-09-24,8.66754236896692,5.2205179740936245,4.5,4.665324108807838
2020-09-25,8.675741046625085,5.2205179740936245,4.5,4.665324108807838
2020-09-28,8.704203737696323,5.2205179740936245,4.5,4.665324108807838
2020-09-29,8.698439169983258,5.2205179740936245,4.5,4.665324108807838
2020-09-30,8.69698488413431,5.2205179740936245,4.5,4.665324108807838
2020-10-02,8.707841649803667,5.217324207338505,4.5,4.666265285347902
2020-10-05,8.628229966588282,5.217324207338505,4.5,4.666265285347902
2020-10-06,8.618776381955659,5.217324207338505,4.5,4.666265285347902
2020-10-07,8.62213321868121,5.217324207338505,4.5,4.666265285347902
2020-10-08,8.652517475849281,5.217324207338505,4.5,4.666265285347902
2020-10-09,8.665392482523792,5.217324207338505,4.5,4.666265285347902
2020-10-12,8.672665854181723,5.217324207338505,4.5,4.666265285347902
2020-10-13,8.666125134437456,5.217324207338505,4.5,4.666265285347902
2020-10-14,8.681033347709365,5.217324207338505,4.5,4.666265285347902
2020-10-15,8.68609172787805,5.217324207338505,4.5,4.666265285347902
2020-10-16,8.690438685073605,5.217324207338505,4.5,4.666265285347902
2020-10-19,8.690487457890674,5.217324207338505,4.5,4.666265285347902
2020-10-20,8.688492559789552,5.217324207338505,4.5,4.666265285347902
2020-10-21,8.645528357006413,5.217324207338505,4.5,4.666265285347902
2020-10-22,8.660754862193107,5.217324207338505,4.5,4.666265285347902
2020-10-23,8.660243633786788,5.217324207338505,4.5,4.666265285347902
2020-10-26,8.642826223954838,5.217324207338505,4.5,4.666265285347902
2020-10-27,8.644755806274848,5.217324207338505,4.5,4.666265285347902
2020-10-28,8.63536370754792,5.217324207338505,4.5,4.666265285347902
2020-10-29,8.652875519120451,5.217324207338505,4.5,4.666265285347902
2020-11-02,8.650601076414008,5.219220045189334,4.5,4.6709579265260945
2020-11-03,8.673045850625968,5.219220045189334,4.5,4.6709579265260945
2020-11-04,8.683708823447493,5.219220045189334,4.5,4.6709579265260945
2020-11-05,8.700199513704776,5.219220045189334,4.5,4.6709579265260945
2020-11-06,8.712774777482235,5.219220045189334,4.5,4.6709579265260945
2020-11-09,8.718418278629425,5.219220045189334,4.5,4.6709579265260945
2020-11-10,8.715370052584253,5.219220045189334,4.5,4.6709579265260945
2020-11-11,8.715704648308815,5.219220045189334,4.5,4.6709579265260945
2020-11-12,8.714562625524733,5.219220045189334,4.5,4.6709579265260945
2020-11-13,8.713157922084541,5.219220045189334,4.5,4.6709579265260945
2020-11-16,8.71225326765838,5.219220045189334,4.5,4.6709579265260945
2020-11-17,8.717506914080271,5.219220045189334,4.5,4.6709579265260945
2020-11-18,8.717390684026487,5.219220045189334,4.5,4.6709579265260945
2020-11-19,8.709611932966267,5.219220045189334,4.5,4.6709579265260945
2020-11-20,8.713582005421628,5.219220045189334,4.5,4.6709579265260945
2020-11-23,8.71145484733576,5.219220045189334,4.5,4.6709579265260945
2020-11-24,8.714019050413,5.219220045189334,4.5,4.6709579265260945
2020-11-25,8.722871509598924,5.219220045189334,4.5,4.6709579265260945
2020-11-26,8.723901623010617,5.219220045189334,4.5,4.6709579265260945
2020-11-27,8.729212699346132,5.219220045189334,4.5,4.6709579265260945
2020-11-30,8.739337843997182,5.219220045189334,4.5,4.6709579265260945
2020-12-01,8.751072507623785,5.23207072072911,4.5,4.677490847567717
2020-12-02,8.755554759092865,5.23207072072911,4.5,4.677490847567717
2020-12-03,8.757782084005887,5.23207072072911,4.5,4.677490847567717
2020-12-04,8.763671946653504,5.23207072072911,4.5,4.677490847567717
2020-12-07,8.775512362436658,5.23207072072911,4.5,4.677490847567717
2020-12-08,8.789355452209982,5.23207072072911,4.5,4.677490847567717
2020-12-09,8.79559584290447,5.23207072072911,4.5,4.677490847567717
2020-12-10,8.796246644169713,5.23207072072911,4.5,4.677490847567717
2020-12-11,8.797028558841715,5.23207072072911,4.5,4.677490847567717
2020-12-14,8.803370131724714,5.23207072072911,4.5,4.677490847567717
2020-12-15,8.799645110429086,5.23207072072911,4.5,4.677490847567717
2020-12-16,8.803224401945027,5.23207072072911,4.5,4.677490847567717
2020-12-17,8.79847734073624,5.23207072072911,4.5,4.677490847567717
2020-12-18,8.797389817689117,5.23207072072911,4.5,4.677490847567717
2020-12-21,8.798259930722747,5.23207072072911,4.5,4.677490847567717
2020-12-22,8.800101889421576,5.23207072072911,4.5,4.677490847567717
2020-12-23,8.799212259283152,5.23207072072911,4.5,4.677490847567717
2020-12-24,8.807717221677585,5.23207072072911,4.5,4.677490847567717
2020-12-28,8.810592389913792,5.23207072072911,4.5,4.677490847567717
2020-12-30,8.81700292558533,5.23207072072911,4.5,4.677490847567717
2020-12-31,8.82087950996874,5.23207072072911,4.5,4.677490847567717
2021-01-04,8.838548889570548,5.249599699750607,4.5,4.68213122712422
2021-01-05,8.850640858635401,5.249599699750607,4.5,4.68213122712422
2021-01-06,8.858903115942285,5.249599699750607,4.5,4.68213122712422
2021-01-07,8.867545791391374,5.249599699750607,4.5,4.68213122712422
2021-01-08,8.87059699099123,5.249599699750607,4.5,4.68213122712422
2021-01-11,8.8823403446215,5.249599699750607,4.5,4.68213122712422
2021-01-12,8.893193786170853,5.249599699750607,4.5,4.68213122712422
2021-01-13,8.915060173400674,5.249599699750607,4.5,4.68213122712422
2021-01-15,8.953455169994548,5.249599699750607,4.5,4.68213122712422
2021-01-18,8.97748228700646,5.249599699750607,4.5,4.68213122712422
2021-01-19,8.963028351934204,5.249599699750607,4.5,4.68213122712422
2021-01-20,8.972647744269317,5.249599699750607,4.5,4.68213122712422
2021-01-21,9.003469942260816,5.249599699750607,4.5,4.68213122712422
2021-01-22,9.043509807785,5.249599699750607,4.5,4.68213122712422
2021-01-25,9.070428668387374,5.249599699750607,4.5,4.68213122712422
2021-01-26,9.067141831255613,5.249599699750607,4.5,4.68213122712422
2021-01-27,9.083870842737749,5.249599699750607,4.5,4.68213122712422
2021-01-29,9.067401438304307,5.249599699750607,4.5,4.68213122712422
2021-02-01,9.055681062818955,5.268218918724004,4.5,4.685828089005546
2021-02-02,8.98786159964745,5.268218918724004,4.5,4.685828089005546
2021-02-03,9.017301590341022,5.268218918724004,4.5,4.685828089005546
2021-02-05,9.021038912236603,5.268218918724004,4.5,4.685828089005546
2021-02-08,9.001255039213003,5.268218918724004,4.5,4.685828089005546
2021-02-09,8.982657784807234,5.268218918724004,4.5,4.685828089005546
2021-02-10,8.953178451818605,5.268218918724004,4.5,4.685828089005546
2021-02-11,8.935615326854222,5.268218918724004,4.5,4.685828089005546
2021-02-12,8.985320060649112,5.268218918724004,4.5,4.685828089005546
2021-02-15,8.975537868446324,5.268218918724004,4.5,4.685828089005546
2021-02-16,8.933388524201108,5.268218918724004,4.5,4.685828089005546
2021-02-17,8.934368137642007,5.268218918724004,4.5,4.685828089005546
2021-02-18,8.953686571727731,5.268218918724004,4.5,4.685828089005546
2021-02-19,8.961614875232357,5.268218918724004,4.5,4.685828089005546
2021-02-22,8.935575841012524,5.268218918724004,4.5,4.685828089005546
2021-02-23,8.899623012810482,5.268218918724004,4.5,4.685828089005546
2021-02-24,8.905425327833479,5.268218918724004,4.5,4.685828089005546
2021-02-25,8.919498646407025,5.268218918724004,4.5,4.685828089005546
2021-03-01,8.914374752148898,5.283102200741556,4.5,4.6839813664123815
2021-03-02,8.90155450607858,5.283102200741556,4.5,4.6839813664123815
2021-03-03,8.880876121953683,5.283102200741556,4.5,4.6839813664123815
2021-03-04,8.853956814151822,5.283102200741556,4.5,4.6839813664123815
2021-03-05,8.8614195725173,5.283102200741556,4.5,4.6839813664123815
2021-03-08,8.898151103076728,5.283102200741556,4.5,4.6839813664123815
2021-03-09,8.895202138515968,5.283102200741556,4.5,4.6839813664123815
2021-03-10,8.883593094279139,5.283102200741556,4.5,4.6839813664123815
2021-03-12,8.888409101219736,5.283102200741556,4.5,4.6839813664123815
2021-03-15,8.876322520885084,5.283102200741556,4.5,4.6839813664123815
2021-03-16,8.870620868686864,5.283102200741556,4.5,4.6839813664123815
2021-03-17,8.860010966740047,5.283102200741556,4.5,4.6839813664123815
2021-03-18,8.84372475428051,5.283102200741556,4.5,4.6839813664123815
2021-03-19,8.832634389410064,5.283102200741556,4.5,4.6839813664123815
2021-03-22,8.848898369361141,5.283102200741556,4.5,4.6839813664123815
2021-03-23,8.850702471384961,5.283102200741556,4.5,4.6839813664123815
2021-03-24,8.872885252483815,5.283102200741556,4.5,4.6839813664123815
2021-03-25,8.867727520310087,5.283102200741556,4.5,4.6839813664123815
2021-03-26,8.86748238981209,5.283102200741556,4.5,4.6839813664123815
2021-03-29,8.87174247774475,5.283102200741556,4.5,4.6839813664123815
2021-03-30,8.869977376158255,5.283102200741556,4.5,4.6839813664123815
2021-03-31,8.87084276352928,5.283102200741556,4.5,4.6839813664123815
2021-04-01,8.880902535844056,5.285333438989742,4.5,4.683056724645162
2021-04-05,8.88430963269484,5.285333438989742,4.5,4.683056724645162
2021-04-06,8.89292322841508,5.285333438989742,4.5,4.683056724645162
2021-04-07,8.897034119826767,5.285333438989742,4.5,4.683056724645162
2021-04-08,8.910917647001371,5.285333438989742,4.5,4.683056724645162
2021-04-09,8.91707876281878,5.285333438989742,4.5,4.683056724645162
2021-04-12,8.930398930061004,5.285333438989742,4.5,4.683056724645162
2021-04-15,8.941726016317123,5.285333438989742,4.5,4.683056724645162
2021-04-16,8.935978523462063,5.285333438989742,4.5,4.683056724645162
2021-04-19,8.92976631098378,5.285333438989742,4.5,4.683056724645162
2021-04-20,8.903150588736073,5.285333438989742,4.5,4.683056724645162
2021-04-21,8.913744018452928,5.285333438989742,4.5,4.683056724645162
2021-04-22,8.899445624619156,5.285333438989742,4.5,4.683056724645162
2021-04-23,8.886360776351783,5.285333438989742,4.5,4.683056724645162
2021-04-27,8.863148888962002,5.285333438989742,4.5,4.683056724645162
2021-04-28,8.887368198052604,5.285333438989742,4.5,4.683056724645162
2021-04-29,8.884153063689503,5.285333438989742,4.5,4.683056724645162
2021-04-30,8.88297454585107,5.285333438989742,4.5,4.683056724645162
2021-05-03,8.884000627833524,5.2962151584561665,4.5,4.694096395182493
2021-05-04,8.869461440120066,5.2962151584561665,4.5,4.694096395182493
2021-05-05,8.87430384042173,5.2962151584561665,4.5,4.694096395182493
2021-05-06,8.880180768693178,5.2962151584561665,4.5,4.694096395182493
2021-05-07,8.887652690325586,5.2962151584561665,4.5,4.694096395182493
2021-05-10,8.872879646961255,5.2962151584561665,4.5,4.694096395182493
2021-05-11,8.873941332675981,5.2962151584561665,4.5,4.694096395182493
2021-05-12,8.87651243610806,5.2962151584561665,4.5,4.694096395182493
2021-05-13,8.88574947190314,5.2962151584561665,4.5,4.694096395182493
2021-05-17,8.902474639644526,5.2962151584561665,4.5,4.694096395182493
2021-05-18,8.903154667524673,5.2962151584561665,4.5,4.694096395182493
2021-05-19,8.90123443873913,5.2962151584561665,4.5,4.694096395182493
2021-05-20,8.89475115920471,5.2962151584561665,4.5,4.694096395182493
2021-05-21,8.884709949906554,5.2962151584561665,4.5,4.694096395182493
2021-05-24,8.88648935166149,5.2962151584561665,4.5,4.694096395182493
2021-05-25,8.892644353720739,5.2962151584561665,4.5,4.694096395182493
2021-05-28,8.900197261784328,5.2962151584561665,4.5,4.694096395182493
2021-05-31,8.90970003604093,5.2962151584561665,4.5,4.694096395182493
2021-06-01,8.9160417919683,5.297416961304872,4.5,4.7086288943563215
2021-06-02,8.914162310603137,5.297416961304872,4.5,4.7086288943563215
2021-06-03,8.924815970078201,5.297416961304872,4.5,4.7086288943563215
2021-06-04,8.931602183485706,5.297416961304872,4.5,4.7086288943563215
2021-06-07,8.934837168443268,5.297416961304872,4.5,4.7086288943563215
2021-06-08,8.928269195631644,5.297416961304872,4.5,4.7086288943563215
2021-06-09,8.931189802535034,5.297416961304872,4.5,4.7086288943563215
2021-06-10,8.936056146206356,5.297416961304872,4.5,4.7086288943563215
2021-06-11,8.937257871892117,5.297416961304872,4.5,4.7086288943563215
2021-06-14,8.933567906099055,5.297416961304872,4.5,4.7086288943563215
2021-06-15,8.936630893257856,5.297416961304872,4.5,4.7086288943563215
2021-06-16,8.94130862919367,5.297416961304872,4.5,4.7086288943563215
2021-06-17,8.943636705909594,5.297416961304872,4.5,4.7086288943563215
2021-06-18,8.950981387128694,5.297416961304872,4.5,4.7086288943563215
2021-06-21,8.952441024913352,5.297416961304872,4.5,4.7086288943563215
2021-06-22,8.954636179908098,5.297416961304872,4.5,4.7086288943563215
2021-06-23,8.954433414156735,5.297416961304872,4.5,4.7086288943563215
2021-06-25,8.963051402083646,5.297416961304872,4.5,4.7086288943563215
2021-06-28,8.971809033601327,5.297416961304872,4.5,4.7086288943563215
2021-06-29,8.969114313111207,5.297416961304872,4.5,4.7086288943563215
2021-06-30,8.966708358234637,5.297416961304872,4.5,4.7086288943563215
2021-07-01,8.952684306524661,5.298217361547703,4.5,4.7140245909001735
2021-07-02,8.955004152839772,5.298217361547703,4.5,4.7140245909001735
2021-07-05,8.961136429338602,5.298217361547703,4.5,4.7140245909001735
2021-07-06,8.960879795677894,5.298217361547703,4.5,4.7140245909001735
2021-07-07,8.963080854279214,5.298217361547703,4.5,4.7140245909001735
2021-07-08,8.963366367555281,5.298217361547703,4.5,4.7140245909001735
2021-07-09,8.96854775276024,5.298217361547703,4.5,4.7140245909001735
2021-07-12,8.970364702033086,5.298217361547703,4.5,4.7140245909001735
2021-07-13,8.976321649776072,5.298217361547703,4.5,4.7140245909001735
2021-07-14,8.979586686910293,5.298217361547703,4.5,4.7140245909001735
2021-07-15,8.985501634645711,5.298217361547703,4.5,4.7140245909001735
2021-07-16,8.983057013472635,5.298217361547703,4.5,4.7140245909001735
2021-07-19,8.990011605435765,5.298217361547703,4.5,4.7140245909001735
2021-07-20,8.995701800567819,5.298217361547703,4.5,4.7140245909001735
2021-07-22,9.004147345361835,5.298217361547703,4.5,4.7140245909001735
2021-07-26,9.0024215835474,5.298217361547703,4.5,4.7140245909001735
2021-07-27,8.998752298221179,5.298217361547703,4.5,4.7140245909001735
2021-07-28,8.999246431632427,5.298217361547703,4.5,4.7140245909001735
2021-07-29,9.004638820731609,5.298217361547703,4.5,4.7140245909001735
2021-07-30,9.002144544709093,5.298217361547703,4.5,4.7140245909001735
2021-08-02,9.005530231933767,5.300814246746624,4.5,4.716711560720999
2021-08-03,9.014635658920369,5.300814246746624,4.5,4.716711560720999
2021-08-04,9.013145960564321,5.300814246746624,4.5,4.716711560720999
2021-08-05,8.988688207990819,5.300814246746624,4.5,4.716711560720999
2021-08-06,8.999510692783254,5.300814246746624,4.5,4.716711560720999
2021-08-09,8.999790930876358,5.300814246746624,4.5,4.716711560720999
2021-08-10,8.996017801167751,5.300814246746624,4.5,4.716711560720999
2021-08-11,8.999072277468498,5.300814246746624,4.5,4.716711560720999
2021-08-12,8.984807719030067,5.300814246746624,4.5,4.716711560720999
2021-08-13,8.986701698109028,5.300814246746624,4.5,4.716711560720999
2021-08-16,8.979325926281403,5.300814246746624,4.5,4.716711560720999
2021-08-17,9.00387201360992,5.300814246746624,4.5,4.716711560720999
2021-08-18,9.029160163596256,5.300814246746624,4.5,4.716711560720999
2021-08-19,9.019189551698146,5.300814246746624,5.0,4.716711560720999
2021-08-20,9.016762904430404,5.300814246746624,5.0,4.716711560720999
2021-08-23,9.045424454349265,5.300814246746624,5.0,4.716711560720999
2021-08-24,9.067387594296282,5.300814246746624,5.0,4.716711560720999
2021-08-25,9.077566406716832,5.300814246746624,5.0,4.716711560720999
2021-08-26,9.096130818818985,5.300814246746624,5.0,4.716711560720999
2021-08-27,9.097320598950867,5.300814246746624,5.0,4.716711560720999
2021-08-30,9.093181641400822,5.300814246746624,5.0,4.716711560720999
2021-08-31,9.104713154089811,5.300814246746624,5.0,4.716711560720999
2021-09-01,9.12294310235775,5.308218191225299,5.0,4.720282993088596
2021-09-02,9.141631031719024,5.308218191225299,5.0,4.720282993088596
2021-09-03,9.13955840100477,5.308218191225299,5.0,4.720282993088596
2021-09-06,9.129984615307922,5.308218191225299,5.0,4.720282993088596
2021-09-07,9.1152315718936,5.308218191225299,5.0,4.720282993088596
2021-09-08,9.078431662089622,5.308218191225299,5.0,4.720282993088596
2021-09-09,9.10346760232736,5.308218191225299,5.0,4.720282993088596
2021-09-10,9.089900058883263,5.308218191225299,5.0,4.720282993088596
2021-09-13,9.052150880451398,5.308218191225299,5.0,4.720282993088596
2021-09-14,9.070227367986107,5.308218191225299,5.0,4.720282993088596
2021-09-15,9.097307163011745,5.308218191225299,5.0,4.720282993088596
2021-09-16,9.087951244547558,5.308218191225299,5.0,4.720282993088596
2021-09-17,9.08272856682775,5.308218191225299,5.0,4.720282993088596
2021-09-21,9.07913655416083,5.308218191225299,5.0,4.720282993088596
2021-09-22,9.081148123065011,5.308218191225299,5.0,4.720282993088596
2021-09-23,9.085949930411552,5.308218191225299,5.0,4.720282993088596
2021-09-24,9.098303172342423,5.308218191225299,5.0,4.720282993088596
2021-09-27,9.134500901644312,5.308218191225299,5.0,4.720282993088596
2021-09-28,9.141984440457039,5.308218191225299,5.0,4.720282993088596
2021-09-29,9.152051083644531,5.308218191225299,5.0,4.720282993088596
2021-09-30,9.154821319531095,5.308218191225299,5.0,4.720282993088596
2021-10-01,9.152954873530947,5.303752569037976,5.0,4.739701078945697
2021-10-04,9.163492969422707,5.303752569037976,5.0,4.739701078945697
2021-10-05,9.162581875454629,5.303752569037976,5.0,4.739701078945697
2021-10-06,9.17226979716016,5.303752569037976,5.0,4.739701078945697
2021-10-07,9.176886995716963,5.303752569037976,5.0,4.739701078945697
2021-10-08,9.177702504274095,5.303752569037976,5.0,4.739701078945697
2021-10-11,9.174636507454844,5.303752569037976,5.0,4.739701078945697
2021-10-12,9.173713731305646,5.303752569037976,5.0,4.739701078945697
2021-10-13,9.158782832152566,5.303752569037976,5.0,4.739701078945697
2021-10-14,9.171771046623796,5.303752569037976,5.0,4.739701078945697
2021-10-15,9.171995515148744,5.303752569037976,5.0,4.739701078945697
2021-10-18,9.180822988876853,5.303752569037976,5.0,4.739701078945697
2021-10-21,9.19841960108049,5.303752569037976,5.0,4.739701078945697
2021-10-22,9.201826229310859,5.303752569037976,5.0,4.739701078945697
2021-10-25,9.215009454824445,5.303752569037976,5.0,4.739701078945697
2021-10-26,9.222964353161554,5.303752569037976,5.0,4.739701078945697
2021-10-27,9.224923519100926,5.303752569037976,5.0,4.739701078945697
2021-10-28,9.22403122310512,5.303752569037976,5.0,4.739701078945697
2021-10-29,9.226502065384045,5.303752569037976,5.0,4.739701078945697
2021-11-01,9.22346585471507,5.307574387810713,5.0,4.765586907393996
2021-11-02,9.237148793443982,5.307574387810713,5.0,4.765586907393996
2021-11-03,9.250716186973158,5.307574387810713,5.0,4.765586907393996
2021-11-05,9.271643351891022,5.307574387810713,5.0,4.765586907393996
2021-11-08,9.270626112849545,5.307574387810713,5.0,4.765586907393996
2021-11-09,9.245881245895275,5.307574387810713,5.0,4.765586907393996
2021-11-10,9.261280604044567,5.307574387810713,5.0,4.765586907393996
2021-11-11,9.276724376660948,5.307574387810713,5.0,4.765586907393996
2021-11-12,9.274867018043246,5.307574387810713,5.0,4.765586907393996
2021-11-15,9.282923324735865,5.307574387810713,5.0,4.765586907393996
2021-11-16,9.306407537921462,5.307574387810713,5.0,4.765586907393996
2021-11-17,9.30791072294101,5.307574387810713,5.0,4.765586907393996
2021-11-19,9.274133615463345,5.307574387810713,5.0,4.765586907393996
2021-11-22,9.288896436681927,5.307574387810713,5.0,4.765586907393996
2021-11-23,9.299138485134982,5.307574387810713,5.0,4.765586907393996
2021-11-24,9.297440578353699,5.307574387810713,5.0,4.765586907393996
2021-11-25,9.30798691127498,5.307574387810713,5.0,4.765586907393996
2021-11-26,9.323461892968998,5.307574387810713,5.0,4.765586907393996
2021-11-29,9.323855647017096,5.307574387810713,5.0,4.765586907393996
2021-11-30,9.344917592531978,5.307574387810713,5.0,4.765586907393996
2021-12-01,9.342234925710544,5.305292980284462,5.0,4.791649752930709
2021-12-02,9.328327831181094,5.305292980284462,5.0,4.791649752930709
2021-12-03,9.304588169470394,5.305292980284462,5.0,4.791649752930709
2021-12-06,9.308773851017696,5.305292980284462,5.0,4.791649752930709
2021-12-07,9.313634053202485,5.305292980284462,5.0,4.791649752930709
2021-12-08,9.307564174182124,5.305292980284462,5.0,4.791649752930709
2021-12-09,9.321741307509864,5.305292980284462,5.0,4.791649752930709
2021-12-10,9.340796540943776,5.305292980284462,5.0,4.791649752930709
2021-12-13,9.364123555713595,5.305292980284462,5.0,4.791649752930709
2021-12-14,9.37559036871246,5.305292980284462,5.0,4.791649752930709
2021-12-15,9.371988022020226,5.305292980284462,5.0,4.791649752930709
2021-12-16,9.365517667510302,5.305292980284462,5.0,4.791649752930709
2021-12-17,9.371901242682162,5.305292980284462,5.0,4.791649752930709
2021-12-20,9.363070042647994,5.305292980284462,5.0,4.791649752930709
2021-12-21,9.362280896923792,5.305292980284462,5.0,4.791649752930709
2021-12-22,9.377071866151093,5.305292980284462,5.0,4.791649752930709
2021-12-23,9.388589480933136,5.305292980284462,5.0,4.791649752930709
2021-12-24,9.398534650532818,5.305292980284462,5.0,4.791649752930709
2021-12-27,9.393369178609998,5.305292980284462,5.0,4.791649752930709
2021-12-28,9.384940528670851,5.305292980284462,5.0,4.791649752930709
2021-12-29,9.385568496426705,5.305292980284462,5.0,4.791649752930709
2021-12-30,9.394306409204018,5.305292980284462,5.0,4.791649752930709
2021-12-31,9.41132092851734,5.305292980284462,5.0,4.791649752930709
2022-01-03,9.443499202529418,5.305590850514535,5.0,4.822697998516666
2022-01-04,9.457242636517842,5.305590850514535,5.0,4.822697998516666
2022-01-05,9.478603358570362,5.305590850514535,5.0,4.822697998516666
2022-01-06,9.485651235612965,5.305590850514535,5.0,4.822697998516666
2022-01-07,9.494085203657948,5.305590850514535,5.0,4.822697998516666
2022-01-10,9.481669714387015,5.305590850514535,5.0,4.822697998516666
2022-01-11,9.478812866243391,5.305590850514535,5.0,4.822697998516666
2022-01-12,9.482117884784632,5.305590850514535,5.0,4.822697998516666
2022-01-13,9.49840911965946,5.305590850514535,5.0,4.822697998516666
2022-01-18,9.507269557784626,5.305590850514535,5.0,4.822697998516666
2022-01-19,9.507655150586324,5.305590850514535,5.0,4.822697998516666
2022-01-20,9.500108018106483,5.305590850514535,5.5,4.822697998516666
2022-01-21,9.500889081694389,5.305590850514535,5.5,4.822697998516666
2022-01-24,9.501823461401566,5.305590850514535,5.5,4.822697998516666
2022-01-25,9.488742266472173,5.305590850514535,5.5,4.822697998516666
2022-01-26,9.477749581588379,5.305590850514535,5.5,4.822697998516666
2022-01-27,9.463873448347337,5.305590850514535,5.5,4.822697998516666
2022-01-28,9.46212113595014,5.305590850514535,5.5,4.822697998516666
2022-01-31,9.47343513879262,5.305590850514535,5.5,4.822697998516666
2022-02-01,9.466695850563152,5.30697973962669,5.5,4.8346933442663405
2022-02-02,9.440183034056622,5.30697973962669,5.5,4.8346933442663405
2022-02-03,9.45427429789766,5.30697973962669,5.5,4.8346933442663405
2022-02-07,9.443964014785708,5.30697973962669,5.5,4.8346933442663405
2022-02-08,9.42403704168538,5.30697973962669,5.5,4.8346933442663405
2022-02-09,9.399446362365873,5.30697973962669,5.5,4.8346933442663405
2022-02-10,9.40980251925627,5.30697973962669,5.5,4.8346933442663405
2022-02-11,9.430262740848253,5.30697973962669,5.5,4.8346933442663405
2022-02-14,9.431145992458685,5.30697973962669,5.5,4.8346933442663405
2022-02-15,9.422609005138089,5.30697973962669,5.5,4.8346933442663405
2022-02-17,9.421604036040053,5.30697973962669,5.5,4.8346933442663405
2022-02-18,9.403770005018979,5.30697973962669,5.5,4.8346933442663405
2022-02-21,9.358016134697534,5.30697973962669,5.5,4.8346933442663405
2022-02-22,9.35875865295504,5.30697973962669,5.5,4.8346933442663405
2022-02-23,9.322559513395532,5.30697973962669,5.5,4.8346933442663405
2022-02-24,9.275879017822266,5.30697973962669,5.5,4.8346933442663405
2022-02-25,9.317247590871624,5.30697973962669,5.5,4.8346933442663405
2022-02-28,9.356856842383339,5.30697973962669,5.5,4.8346933442663405
2022-03-02,9.341924620144733,5.544434981422068,5.5,4.865224091322398
2022-03-03,9.322920562945463,5.544434981422068,5.5,4.865224091322398
2022-03-04,9.327544573473727,5.544434981422068,6.5,4.865224091322398
2022-03-07,9.30205226753183,5.544434981422068,6.5,4.865224091322398
2022-03-08,9.265984139318043,5.544434981422068,6.5,4.865224091322398
2022-03-09,9.22657979585123,5.544434981422068,6.5,4.865224091322398
2022-03-10,9.292479649541079,5.544434981422068,6.5,4.865224091322398
2022-03-11,9.274491943258313,5.544434981422068,6.5,4.865224091322398
2022-03-14,9.265988868687,5.544434981422068,6.5,4.865224091322398
2022-03-15,9.238373739488887,5.544434981422068,6.5,4.865224091322398
2022-03-16,9.232351343398271,5.544434981422068,6.5,4.865224091322398
2022-03-18,9.245111778551705,5.544434981422068,6.5,4.865224091322398
2022-03-21,9.251649287930952,5.544434981422068,6.5,4.865224091322398
2022-03-22,9.253261920888788,5.544434981422068,6.5,4.865224091322398
2022-03-23,9.255104346673303,5.544434981422068,6.5,4.865224091322398
2022-03-24,9.255574697829699,5.544434981422068,6.5,4.865224091322398
2022-03-25,9.255665492189616,5.544434981422068,6.5,4.865224091322398
2022-03-28,9.228038826267936,5.544434981422068,6.5,4.865224091322398
2022-03-29,9.179886319117363,5.544434981422068,6.5,4.865224091322398
2022-03-30,9.139254597609389,5.544434981422068,6.5,4.865224091322398
2022-03-31,9.08771839751683,5.544434981422068,6.5,4.865224091322398
2022-04-01,9.030219192575334,5.7665694627549655,6.5,4.956531035103055
2022-04-04,9.050750090974311,5.7665694627549655,6.5,4.956531035103055
2022-04-05,9.074213614303599,5.7665694627549655,6.5,4.956531035103055
2022-04-06,9.057297578216454,5.7665694627549655,6.5,4.956531035103055
2022-04-07,9.021506455726968,5.7665694627549655,6.5,4.956531035103055
2022-04-08,9.005008496741207,5.7665694627549655,6.5,4.956531035103055
2022-04-25,8.903086685542592,5.7665694627549655,13.5,4.956531035103055
2022-04-26,8.836956609974187,5.7665694627549655,13.5,4.956531035103055
2022-04-27,8.905951515157453,5.7665694627549655,13.5,4.956531035103055
2022-04-28,8.948199982446827,5.7665694627549655,13.5,4.956531035103055
2022-04-29,8.939090547585709,5.7665694627549655,13.5,4.956531035103055
2022-05-04,8.93682152583649,5.883155243601131,13.5,5.034351820713572
2022-05-05,8.923388699384136,5.883155243601131,13.5,5.034351820713572
2022-05-06,8.916523520187633,5.883155243601131,13.5,5.034351820713572
2022-05-09,8.92385092140146,5.883155243601131,13.5,5.034351820713572
2022-05-12,8.958390884945292,5.883155243601131,13.5,5.034351820713572
2022-05-13,9.006564304277264,5.883155243601131,13.5,5.034351820713572
2022-05-17,9.047296598889751,5.883155243601131,13.5,5.034351820713572
2022-05-18,9.039600685637655,5.883155243601131,13.5,5.034351820713572
2022-05-19,9.008696536500178,5.883155243601131,13.5,5.034351820713572
2022-05-20,9.029629916660985,5.883155243601131,13.5,5.034351820713572
2022-05-23,9.049610429521687,5.883155243601131,13.5,5.034351820713572
2022-05-24,9.03313172196904,5.883155243601131,13.5,5.034351820713572
2022-05-25,9.0324282791909,5.883155243601131,13.5,5.034351820713572
2022-05-26,9.027331779227065,5.883155243601131,13.5,5.034351820713572
2022-05-27,9.025882534959655,5.883155243601131,13.5,5.034351820713572
2022-05-30,9.021911000399347,5.883155243601131,13.5,5.034351820713572
2022-05-31,9.000617607658286,5.883155243601131,13.5,5.034351820713572
2022-06-01,8.995250552126823,5.886770475993316,13.5,5.14574876790343
2022-06-02,9.001140405476908,5.886770475993316,13.5,5.14574876790343
2022-06-03,8.994019741510051,5.886770475993316,13.5,5.14574876790343
2022-06-06,8.962341726122125,5.886770475993316,13.5,5.14574876790343
2022-06-07,8.951447873947238,5.886770475993316,13.5,5.14574876790343
2022-06-08,8.958210754375875,5.886770475993316,13.5,5.14574876790343
2022-06-09,8.975766745527054,5.886770475993316,13.5,5.14574876790343
2022-06-10,8.974114114038175,5.886770475993316,13.5,5.14574876790343
2022-06-13,8.973185367101818,5.886770475993316,13.5,5.14574876790343
2022-06-15,8.957375296412025,5.886770475993316,13.5,5.14574876790343
2022-06-16,8.948468986024118,5.886770475993316,13.5,5.14574876790343
2022-06-17,8.917389778542328,5.886770475993316,13.5,5.14574876790343
2022-06-20,8.918747997582416,5.886770475993316,13.5,5.14574876790343
2022-06-21,8.922962253325764,5.886770475993316,13.5,5.14574876790343
2022-06-22,8.924276988739859,5.886770475993316,13.5,5.14574876790343
2022-06-23,8.937669072043997,5.886770475993316,13.5,5.14574876790343
2022-06-24,8.944774588110205,5.886770475993316,13.5,5.14574876790343
2022-06-27,8.913933683842052,5.886770475993316,13.5,5.14574876790343
2022-06-28,8.899275029370981,5.886770475993316,13.5,5.14574876790343
2022-06-29,8.907696257668114,5.886770475993316,13.5,5.14574876790343
2022-06-30,8.903494508129109,5.886770475993316,13.5,5.14574876790343
2022-07-01,8.916972834521411,5.888517782674091,13.5,5.186826990514674
2022-07-04,8.904756344805175,5.888517782674091,13.5,5.186826990514674
2022-07-05,8.887181715032034,5.888517782674091,13.5,5.186826990514674
2022-07-06,8.867619050432559,5.888517782674091,13.5,5.186826990514674
2022-07-07,8.862738429312206,5.888517782674091,14.5,5.186826990514674
2022-07-08,8.866622549379318,5.888517782674091,14.5,5.186826990514674
2022-07-11,8.906257878156621,5.888517782674091,14.5,5.186826990514674
2022-07-12,8.90652349752563,5.888517782674091,14.5,5.186826990514674
2022-07-14,8.89812514088724,5.888517782674091,14.5,5.186826990514674
2022-07-15,8.916884328859004,5.888517782674091,14.5,5.186826990514674
2022-07-18,8.927399044414505,5.888517782674091,14.5,5.186826990514674
2022-07-19,8.94169200382407,5.888517782674091,14.5,5.186826990514674
2022-07-20,8.94815579136458,5.888517782674091,14.5,5.186826990514674
2022-07-21,8.95413758655102,5.888517782674091,14.5,5.186826990514674
2022-07-22,8.951800186389843,5.888517782674091,14.5,5.186826990514674
2022-07-25,8.944348034002132,5.888517782674091,14.5,5.186826990514674
2022-07-26,8.939865404502118,5.888517782674091,14.5,5.186826990514674
2022-07-27,8.943370317121419,5.888517782674091,14.5,5.186826990514674
2022-07-28,8.94632795004305,5.888517782674091,14.5,5.186826990514674
2022-07-29,8.953012901538148,5.888517782674091,14.5,5.186826990514674
2022-08-01,8.957841385239995,5.8888779583328805,14.5,5.20839265902005
2022-08-02,8.980693218010787,5.8888779583328805,14.5,5.20839265902005
2022-08-03,8.997164478097709,5.8888779583328805,14.5,5.20839265902005
2022-08-04,9.022054664944092,5.8888779583328805,14.5,5.20839265902005
2022-08-05,9.025325591709562,5.8888779583328805,14.5,5.20839265902005
2022-08-08,9.038717776632659,5.8888779583328805,14.5,5.20839265902005
2022-08-09,9.044844073334081,5.8888779583328805,14.5,5.20839265902005
2022-08-10,9.078601657258291,5.8888779583328805,14.5,5.20839265902005
2022-08-12,9.108028537696375,5.8888779583328805,14.5,5.20839265902005
2022-08-15,9.12687941206284,5.8888779583328805,14.5,5.20839265902005
2022-08-16,9.114516460234201,5.8888779583328805,14.5,5.20839265902005
2022-08-17,9.101424655184566,5.8888779583328805,14.5,5.20839265902005
2022-08-18,9.096879357914116,5.8888779583328805,14.5,5.20839265902005
2022-08-19,9.102281775324691,5.8888779583328805,14.5,5.20839265902005
2022-08-22,9.114665025506627,5.8888779583328805,14.5,5.20839265902005
2022-08-23,9.11350783397242,5.8888779583328805,14.5,5.20839265902005
2022-08-24,9.106227965994217,5.8888779583328805,14.5,5.20839265902005
2022-08-25,9.083819774764564,5.8888779583328805,14.5,5.20839265902005
2022-08-26,9.081755581858399,5.8888779583328805,14.5,5.20839265902005
2022-08-29,9.074803541232773,5.8888779583328805,14.5,5.20839265902005
2022-08-30,9.091178386004676,5.8888779583328805,14.5,5.20839265902005
2022-08-31,9.11287306724991,5.8888779583328805,14.5,5.20839265902005
2022-09-01,9.132898695353322,5.892693385007961,14.5,5.243333058215277
2022-09-02,9.139536933830762,5.892693385007961,14.5,5.243333058215277
2022-09-05,9.146005563421127,5.892693385007961,14.5,5.243333058215277
2022-09-06,9.141025662990813,5.892693385007961,14.5,5.243333058215277
2022-09-07,9.156971240317977,5.892693385007961,14.5,5.243333058215277
2022-09-08,9.169447541613795,5.892693385007961,14.5,5.243333058215277
2022-09-09,9.180315090950327,5.892693385007961,14.5,5.243333058215277
2022-09-12,9.19148165905263,5.892693385007961,14.5,5.243333058215277
2022-09-13,9.184929226302733,5.892693385007961,14.5,5.243333058215277
2022-09-14,9.201715282602484,5.892693385007961,14.5,5.243333058215277
2022-09-15,9.21616239108457,5.892693385007961,14.5,5.243333058215277
2022-09-16,9.2205579938366,5.892693385007961,14.5,5.243333058215277
2022-09-19,9.212877151628152,5.892693385007961,14.5,5.243333058215277
2022-09-20,9.200404171023187,5.892693385007961,14.5,5.243333058215277
2022-09-21,9.20162449886643,5.892693385007961,14.5,5.243333058215277
2022-09-22,9.210698307909473,5.892693385007961,14.5,5.243333058215277
2022-09-23,9.207265649859107,5.892693385007961,14.5,5.243333058215277
2022-09-26,9.197679561088608,5.892693385007961,14.5,5.243333058215277
2022-09-27,9.19640573430372,5.892693385007961,14.5,5.243333058215277
2022-09-28,9.207034914967457,5.892693385007961,14.5,5.243333058215277
2022-09-29,9.20547656280998,5.892693385007961,14.5,5.243333058215277
2022-09-30,9.203423505514102,5.892693385007961,14.5,5.243333058215277
2022-10-03,9.164447207448124,5.894815972052177,14.5,5.2390980068880655
2022-10-04,9.130977849590842,5.894815972052177,14.5,5.2390980068880655
2022-10-05,9.145269442467757,5.894815972052177,14.5,5.2390980068880655
2022-10-06,9.125025373504377,5.894815972052177,14.5,5.2390980068880655
2022-10-07,9.110466996613338,5.894815972052177,14.5,5.2390980068880655
2022-10-11,9.072192626084597,5.894815972052177,14.5,5.2390980068880655
2022-10-12,9.102745138974306,5.894815972052177,14.5,5.2390980068880655
2022-10-13,9.121350675766523,5.894815972052177,14.5,5.2390980068880655
2022-10-14,9.117858787920325,5.894815972052177,14.5,5.2390980068880655
2022-10-17,9.103948213246479,5.894815972052177,14.5,5.2390980068880655
2022-10-18,9.089984654810864,5.894815972052177,14.5,5.2390980068880655
2022-10-19,9.092498959615913,5.894815972052177,14.5,5.2390980068880655
2022-10-20,9.075546468434325,5.894815972052177,14.5,5.2390980068880655
2022-10-21,9.071085201170618,5.894815972052177,14.5,5.2390980068880655
2022-10-25,9.048498860038137,5.894815972052177,14.5,5.2390980068880655
2022-10-26,9.063964556078718,5.894815972052177,14.5,5.2390980068880655
2022-10-27,9.082760377454546,5.894815972052177,14.5,5.2390980068880655
2022-10-28,9.074360269421438,5.894815972052177,14.5,5.2390980068880655
2022-10-31,9.059768613496203,5.894815972052177,14.5,5.2390980068880655
2022-11-01,9.063592887415313,5.89547663769682,14.5,5.231643233280044
2022-11-02,9.055084414888325,5.89547663769682,14.5,5.231643233280044
2022-11-03,9.051409116718927,5.89547663769682,14.5,5.231643233280044
2022-11-04,9.049132347572625,5.89547663769682,14.5,5.231643233280044
2022-11-08,9.019693052004106,5.89547663769682,14.5,5.231643233280044
2022-11-09,9.025376126354079,5.89547663769682,14.5,5.231643233280044
2022-11-10,9.027936811820044,5.89547663769682,14.5,5.231643233280044
2022-11-11,9.038384109431126,5.89547663769682,14.5,5.231643233280044
2022-11-14,9.031607169331785,5.89547663769682,14.5,5.231643233280044
2022-11-15,9.022943959859449,5.89547663769682,14.5,5.231643233280044
2022-11-16,8.998018059293557,5.89547663769682,14.5,5.231643233280044
2022-11-17,8.992916681026768,5.89547663769682,14.5,5.231643233280044
2022-11-18,8.96540739599034,5.89547663769682,14.5,5.231643233280044
2022-11-21,8.962073865487513,5.89547663769682,14.5,5.231643233280044
2022-11-22,8.98725181914953,5.89547663769682,14.5,5.231643233280044
2022-11-23,9.008696536500178,5.89547663769682,14.5,5.231643233280044
2022-11-24,8.9907081487278,5.89547663769682,14.5,5.231643233280044
2022-11-25,9.005535141089835,5.89547663769682,14.5,5.231643233280044
2022-11-28,9.031011532533006,5.89547663769682,14.5,5.231643233280044
2022-11-29,9.033031431005769,5.89547663769682,14.5,5.231643233280044
2022-11-30,9.065456786348749,5.89547663769682,14.5,5.231643233280044
2022-12-01,9.071513841966432,5.894871044196701,14.5,5.234312036572124
2022-12-02,9.079061298119216,5.894871044196701,14.5,5.234312036572124
2022-12-05,9.088016793639895,5.894871044196701,14.5,5.234312036572124
2022-12-06,9.09170772550272,5.894871044196701,14.5,5.234312036572124
2022-12-08,9.092878034890514,5.894871044196701,14.5,5.234312036572124
2022-12-09,9.088299283667052,5.894871044196701,14.5,5.234312036572124
2022-12-12,9.089603352602815,5.894871044196701,14.5,5.234312036572124
2022-12-13,9.085355213182057,5.894871044196701,14.5,5.234312036572124
2022-12-14,9.090501098711504,5.894871044196701,14.5,5.234312036572124
2022-12-15,9.084078492298659,5.894871044196701,14.5,5.234312036572124
2022-12-16,9.07731970605143,5.894871044196701,14.5,5.234312036572124
2022-12-19,9.059810462574484,5.894871044196701,14.5,5.234312036572124
2022-12-20,9.045969139789213,5.894871044196701,14.5,5.234312036572124
2022-12-21,9.040043033647038,5.894871044196701,14.5,5.234312036572124
2022-12-22,9.0347993751402,5.894871044196701,14.5,5.234312036572124
2022-12-23,9.03940613287706,5.894871044196701,14.5,5.234312036572124
2022-12-27,9.039442910995271,5.894871044196701,14.5,5.234312036572124
2022-12-28,9.037345585325186,5.894871044196701,14.5,5.234312036572124
2022-12-29,9.039051332537525,5.894871044196701,14.5,5.234312036572124
2022-12-30,9.046604231389233,5.894871044196701,14.5,5.234312036572124
2023-01-02,9.048950216937454,5.8928037602840115,14.5,5.239628370199357
2023-01-03,9.050524843817398,5.8928037602840115,14.5,5.239628370199357
2023-01-04,9.04356888374252,5.8928037602840115,14.5,5.239628370199357
2023-01-05,9.038853111658282,5.8928037602840115,14.5,5.239628370199357
2023-01-09,9.033727290787672,5.8928037602840115,14.5,5.239628370199357
2023-01-10,9.032133139729387,5.8928037602840115,14.5,5.239628370199357
2023-01-11,9.033707006703102,5.8928037602840115,14.5,5.239628370199357
2023-01-12,9.02810481148444,5.8928037602840115,14.5,5.239628370199357
2023-01-13,9.019492166412615,5.8928037602840115,14.5,5.239628370199357
2023-01-17,9.032042310060053,5.8928037602840115,14.5,5.239628370199357
2023-01-18,9.034351123730417,5.8928037602840115,14.5,5.239628370199357
2023-01-19,9.054709430435272,5.8928037602840115,14.5,5.239628370199357
2023-01-20,9.073162338431462,5.8928037602840115,14.5,5.239628370199357
2023-01-23,9.103955999021977,5.8928037602840115,14.5,5.239628370199357
2023-01-24,9.094058209446034,5.8928037602840115,14.5,5.239628370199357
2023-01-25,9.09807384238203,5.8928037602840115,14.5,5.239628370199357
2023-01-26,9.096786381289828,5.8928037602840115,14.5,5.239628370199357
2023-01-27,9.103132595626874,5.8928037602840115,14.5,5.239628370199357
2023-01-30,9.092645207459018,5.8928037602840115,14.5,5.239628370199357
2023-01-31,9.091405923698629,5.8928037602840115,14.5,5.239628370199357
2023-02-01,9.102431055327465,5.891588961680726,14.5,5.244389024522481
2023-02-02,9.110441580577698,5.891588961680726,14.5,5.244389024522481
2023-02-03,9.125754777667973,5.891588961680726,14.5,5.244389024522481
2023-02-06,9.117956406627217,5.891588961680726,14.5,5.244389024522481
2023-02-07,9.104952078154769,5.891588961680726,14.5,5.244389024522481
2023-02-08,9.10358443873149,5.891588961680726,14.5,5.244389024522481
2023-02-09,9.102709503238342,5.891588961680726,14.5,5.244389024522481
2023-02-10,9.099691452886242,5.891588961680726,14.5,5.244389024522481
2023-02-13,9.08130172896378,5.891588961680726,14.5,5.244389024522481
2023-02-14,9.06403285398495,5.891588961680726,14.5,5.244389024522481
2023-02-15,9.06752141167959,5.891588961680726,14.5,5.244389024522481
2023-02-16,9.087387118749504,5.891588961680726,14.5,5.244389024522481
2023-02-17,9.087987410095357,5.891588961680726,14.5,5.244389024522481
2023-02-20,9.11408604660667,5.891588961680726,14.5,5.244389024522481
2023-02-21,9.124680081857495,5.891588961680726,14.5,5.244389024522481
2023-02-22,9.12262874987216,5.891588961680726,14.5,5.244389024522481
2023-02-23,9.13481693698897,5.891588961680726,14.5,5.244389024522481
2023-02-24,9.139474676419963,5.891588961680726,14.5,5.244389024522481
2023-02-27,9.126715255130618,5.891588961680726,14.5,5.244389024522481
2023-02-28,9.127214165201831,5.891588961680726,14.5,5.244389024522481
2023-03-01,9.131698599201606,5.797485302756558,14.5,5.272999558563747
2023-03-02,9.143853286953822,5.797485302756558,14.5,5.272999558563747
2023-03-03,9.155011577479167,5.797485302756558,14.5,5.272999558563747
2023-03-07,9.177057594337596,5.797485302756558,15.5,5.272999558563747
2023-03-08,9.174491408082249,5.797485302756558,15.5,5.272999558563747
2023-03-09,9.179182982674932,5.797485302756558,15.5,5.272999558563747
2023-03-10,9.170243114770384,5.797485302756558,15.5,5.272999558563747
2023-03-13,9.157944364560882,5.797485302756558,15.5,5.272999558563747
2023-03-14,9.163339955252878,5.797485302756558,15.5,5.272999558563747
2023-03-15,9.16816537923316,5.797485302756558,15.5,5.272999558563747
2023-03-16,9.168249864900634,5.797485302756558,15.5,5.272999558563747
2023-03-17,9.178452309112105,5.797485302756558,15.5,5.272999558563747
2023-03-20,9.17987704077163,5.797485302756558,15.5,5.272999558563747
2023-03-21,9.168876504833097,5.797485302756558,15.5,5.272999558563747
2023-03-22,9.164483850466087,5.797485302756558,15.5,5.272999558563747
2023-03-23,9.14787011051424,5.797485302756558,15.5,5.272999558563747
2023-03-24,9.151817851695363,5.797485302756558,15.5,5.272999558563747
2023-03-27,9.134553760926982,5.797485302756558,15.5,5.272999558563747
2023-03-28,9.13346796691176,5.797485302756558,15.5,5.272999558563747
2023-03-29,9.136490366546184,5.797485302756558,15.5,5.272999558563747
2023-03-30,9.130775383509986,5.797485302756558,15.5,5.272999558563747
2023-03-31,9.137886876574536,5.797485302756558,15.5,5.272999558563747
2023-04-03,9.13248260890509,5.772748679120924,15.5,5.259056652594734
2023-04-04,9.124125405040587,5.772748679120924,15.5,5.259056652594734
2023-04-06,9.135378650867128,5.772748679120924,15.5,5.259056652594734
2023-04-10,9.140832725158,5.772748679120924,15.5,5.259056652594734
2023-04-11,9.149707812628245,5.772748679120924,15.5,5.259056652594734
2023-04-12,9.150089180425987,5.772748679120924,15.5,5.259056652594734
2023-04-17,9.149092430936678,5.772748679120924,15.5,5.259056652594734
2023-04-18,9.142073308455464,5.772748679120924,15.5,5.259056652594734
2023-04-19,9.13768042784674,5.772748679120924,15.5,5.259056652594734
2023-04-20,9.136509745973846,5.772748679120924,15.5,5.259056652594734
2023-04-21,9.13535493804237,5.772748679120924,15.5,5.259056652594734
2023-04-24,9.126312902340093,5.772748679120924,15.5,5.259056652594734
2023-04-25,9.121498229248097,5.772748679120924,15.5,5.259056652594734
2023-04-26,9.115767020647072,5.772748679120924,15.5,5.259056652594734
2023-04-27,9.10635668583123,5.772748679120924,15.5,5.259056652594734
2023-04-28,9.103112558446773,5.772748679120924,15.5,5.259056652594734
2023-05-02,9.073932847246159,5.737088293362674,15.5,5.259056652594734
2023-05-03,9.084652424669793,5.737088293362674,15.5,5.259056652594734
2023-05-04,9.087620042921303,5.737088293362674,15.5,5.259056652594734
2023-05-08,9.101056614905653,5.737088293362674,15.5,5.259056652594734
2023-05-09,9.095461365542173,5.737088293362674,15.5,5.259056652594734
2023-05-10,9.093987438236407,5.737088293362674,15.5,5.259056652594734
2023-05-11,9.099908127930368,5.737088293362674,15.5,5.259056652594734
2023-05-12,9.09798769022272,5.737088293362674,15.5,5.259056652594734
2023-05-15,9.094574799870953,5.737088293362674,15.5,5.259056652594734
2023-05-16,9.0857279440175,5.737088293362674,15.5,5.259056652594734
2023-05-17,9.084960805604318,5.737088293362674,15.5,5.259056652594734
2023-05-18,9.081259631916426,5.737088293362674,15.5,5.259056652594734
2023-05-19,9.074464518965154,5.737088293362674,15.5,5.259056652594734
2023-05-22,9.061285685490294,5.737088293362674,15.5,5.259056652594734
2023-05-23,9.066306015825182,5.737088293362674,15.5,5.259056652594734
2023-05-24,9.077902095967652,5.737088293362674,15.5,5.259056652594734
2023-05-25,9.0735212951214,5.737088293362674,15.5,5.259056652594734
2023-05-26,9.071240360476436,5.737088293362674,15.5,5.259056652594734
2023-05-29,9.05696772273795,5.737088293362674,15.5,5.259056652594734
2023-05-30,9.05353918264996,5.737088293362674,15.5,5.259056652594734
2023-05-31,9.055693902598927,5.737088293362674,15.5,5.259056652594734
2023-06-01,9.070486175345732,5.707973679274669,13.0,5.259056652594734
2023-06-02,9.078772764149182,5.707973679274669,13.0,5.259056652594734
2023-06-05,9.07931668955929,5.707973679274669,13.0,5.259056652594734
2023-06-06,9.07684897855168,5.707973679274669,13.0,5.259056652594734
2023-06-07,9.074254863229415,5.707973679274669,13.0,5.259056652594734
2023-06-08,9.079597088959295,5.707973679274669,13.0,5.259056652594734
2023-06-09,9.0854288640261,5.707973679274669,13.0,5.259056652594734
2023-06-12,9.107614161266028,5.707973679274669,13.0,5.259056652594734
2023-06-13,9.11310343717101,5.707973679274669,13.0,5.259056652594734
2023-06-14,9.128749549925061,5.707973679274669,13.0,5.259056652594734
2023-06-15,9.136573264798317,5.707973679274669,13.0,5.259056652594734
2023-06-16,9.131438929478394,5.707973679274669,13.0,5.259056652594734
2023-06-19,9.125440219328686,5.707973679274669,13.0,5.259056652594734
2023-06-20,9.124029476864555,5.707973679274669,13.0,5.259056652594734
2023-06-21,9.138719765300932,5.707973679274669,13.0,5.259056652594734
2023-06-22,9.138615557844203,5.707973679274669,13.0,5.259056652594734
2023-06-23,9.142000501523356,5.707973679274669,13.0,5.259056652594734
2023-06-26,9.156590378161734,5.707973679274669,13.0,5.259056652594734
2023-06-27,9.145322802780077,5.707973679274669,13.0,5.259056652594734
2023-06-28,9.153023710321591,5.707973679274669,13.0,5.259056652594734
2023-07-04,9.217975152724122,5.7660997807210626,13.0,5.24807615011129
2023-07-05,9.227800060655534,5.7660997807210626,13.0,5.24807615011129
2023-07-06,9.232571420817505,5.7660997807210626,11.0,5.24807615011129
2023-07-07,9.240787129383389,5.7660997807210626,11.0,5.24807615011129
2023-07-10,9.24099081117494,5.7660997807210626,11.0,5.24807615011129
2023-07-11,9.24311729149012,5.7660997807210626,11.0,5.24807615011129
2023-07-12,9.258175794810832,5.7660997807210626,11.0,5.24807615011129
2023-07-13,9.258322590798036,5.7660997807210626,11.0,5.24807615011129
2023-07-14,9.268139358383488,5.7660997807210626,11.0,5.24807615011129
2023-07-17,9.280611492820887,5.7660997807210626,11.0,5.24807615011129
2023-07-18,9.286937457999795,5.7660997807210626,11.0,5.24807615011129
2023-07-19,9.3002560274632,5.7660997807210626,11.0,5.24807615011129
2023-07-20,9.307741092349767,5.7660997807210626,11.0,5.24807615011129
2023-07-21,9.315289402985812,5.7660997807210626,11.0,5.24807615011129
2023-07-24,9.312265894795326,5.7660997807210626,11.0,5.24807615011129
2023-07-25,9.31194343725057,5.7660997807210626,11.0,5.24807615011129
2023-07-26,9.304778353344194,5.7660997807210626,11.0,5.24807615011129
2023-07-27,9.328818277265846,5.7660997807210626,11.0,5.24807615011129
2023-07-28,9.333636184317786,5.7660997807210626,11.0,5.24807615011129
2023-07-31,9.340203043064177,5.7660997807210626,11.0,5.24807615011129
2023-08-02,9.345468114755521,5.773246346316266,11.0,5.247550249494384
2023-08-03,9.357236803251942,5.773246346316266,11.0,5.247550249494384
2023-08-04,9.36010085755928,5.773246346316266,11.0,5.247550249494384
2023-08-07,9.365775369571331,5.773246346316266,11.0,5.247550249494384
2023-08-08,9.36941206658137,5.773246346316266,11.0,5.247550249494384
2023-08-09,9.361298532561252,5.773246346316266,11.0,5.247550249494384
2023-08-10,9.364314750549003,5.773246346316266,11.0,5.247550249494384
2023-08-11,9.358429287807688,5.773246346316266,11.0,5.247550249494384
2023-08-14,9.339850816412788,5.773246346316266,11.0,5.247550249494384
2023-08-15,9.326119623619848,5.773246346316266,11.0,5.247550249494384
2023-08-16,9.340174939756416,5.773246346316266,11.0,5.247550249494384
2023-08-17,9.345536253570037,5.773246346316266,11.0,5.247550249494384
2023-08-18,9.34171243492553,5.773246346316266,11.0,5.247550249494384
2023-08-21,9.336028965092364,5.773246346316266,11.0,5.247550249494384
2023-08-22,9.330700528446647,5.773246346316266,11.0,5.247550249494384
2023-08-23,9.340093260034854,5.773246346316266,11.0,5.247550249494384
2023-08-24,9.32757214460391,5.773246346316266,11.0,5.247550249494384
2023-08-25,9.32318233170865,5.773246346316266,11.0,5.247550249494384
2023-08-28,9.320990473077426,5.773246346316266,11.0,5.247550249494384
2023-08-29,9.320831105533452,5.773246346316266,11.0,5.247550249494384
2023-08-31,9.31629011400605,5.773246346316266,11.0,5.247550249494384
2023-09-01,9.324701559783266,5.776939995273928,11.0,5.256453162449338
2023-09-04,9.33943518753088,5.776939995273928,11.0,5.256453162449338
2023-09-05,9.347921677620779,5.776939995273928,11.0,5.256453162449338
2023-09-06,9.337084910922979,5.776939995273928,11.0,5.256453162449338
2023-09-07,9.337629195246585,5.776939995273928,11.0,5.256453162449338
2023-09-08,9.347147518455797,5.776939995273928,11.0,5.256453162449338
2023-09-11,9.339993127402952,5.776939995273928,11.0,5.256453162449338
2023-09-12,9.337926752986425,5.776939995273928,11.0,5.256453162449338
2023-09-13,9.344225951868989,5.776939995273928,11.0,5.256453162449338
2023-09-14,9.352934820753951,5.776939995273928,11.0,5.256453162449338
2023-09-15,9.347117865310382,5.776939995273928,11.0,5.256453162449338
2023-09-18,9.338174063486017,5.776939995273928,11.0,5.256453162449338
2023-09-19,9.330360902572759,5.776939995273928,11.0,5.256453162449338
2023-09-20,9.330283739101906,5.776939995273928,11.0,5.256453162449338
2023-09-21,9.323898495245997,5.776939995273928,11.0,5.256453162449338
2023-09-22,9.329347546957086,5.776939995273928,11.0,5.256453162449338
2023-09-25,9.32438576467279,5.776939995273928,11.0,5.256453162449338
2023-09-26,9.328880454333719,5.776939995273928,11.0,5.256453162449338
2023-09-27,9.336682231735216,5.776939995273928,11.0,5.256453162449338
2023-10-02,9.31939027347263,5.782994067818966,11.0,5.254365479018854
2023-10-03,9.309539344252379,5.782994067818966,11.0,5.254365479018854
2023-10-04,9.314320134833439,5.782994067818966,11.0,5.254365479018854
2023-10-05,9.310396544446618,5.782994067818966,10.0,5.254365479018854
2023-10-06,9.304733768026313,5.782994067818966,10.0,5.254365479018854
2023-10-09,9.28954334255381,5.782994067818966,10.0,5.254365479018854
2023-10-10,9.28962833336192,5.782994067818966,10.0,5.254365479018854
2023-10-11,9.276957356611224,5.782994067818966,10.0,5.254365479018854
2023-10-12,9.290109503769711,5.782994067818966,10.0,5.254365479018854
2023-10-13,9.288507167379864,5.782994067818966,10.0,5.254365479018854
2023-10-16,9.280281460429967,5.782994067818966,10.0,5.254365479018854
2023-10-17,9.273655019485865,5.782994067818966,10.0,5.254365479018854
2023-10-18,9.264559581695629,5.782994067818966,10.0,5.254365479018854
2023-10-19,9.26770509786567,5.782994067818966,10.0,5.254365479018854
2023-10-20,9.293807977217446,5.782994067818966,10.0,5.254365479018854
2023-10-23,9.291469566132541,5.782994067818966,10.0,5.254365479018854
2023-10-24,9.28143796032519,5.782994067818966,10.0,5.254365479018854
2023-10-25,9.271477803459732,5.782994067818966,10.0,5.254365479018854
2023-10-26,9.26461262485762,5.782994067818966,10.0,5.254365479018854
2023-10-27,9.277836390404019,5.782994067818966,10.0,5.254365479018854
2023-10-30,9.276143093675376,5.782994067818966,10.0,5.254365479018854
2023-10-31,9.273753572678153,5.782994067818966,10.0,5.254365479018854
2023-11-01,9.284569908169269,5.793775513182905,10.0,5.264760583019194
2023-11-02,9.289260603755451,5.793775513182905,10.0,5.264760583019194
2023-11-03,9.28615260533713,5.793775513182905,10.0,5.264760583019194
2023-11-06,9.287291227875256,5.793775513182905,10.0,5.264760583019194
2023-11-07,9.29514556713536,5.793775513182905,10.0,5.264760583019194
2023-11-08,9.301585025991397,5.793775513182905,10.0,5.264760583019194
2023-11-09,9.296077604254748,5.793775513182905,10.0,5.264760583019194
2023-11-10,9.293613855069845,5.793775513182905,10.0,5.264760583019194
2023-11-13,9.294891057279079,5.793775513182905,10.0,5.264760583019194
2023-11-14,9.285763193622042,5.793775513182905,10.0,5.264760583019194
2023-11-15,9.28128706683987,5.793775513182905,10.0,5.264760583019194
2023-11-16,9.275803153353635,5.793775513182905,10.0,5.264760583019194
2023-11-17,9.273015595752915,5.793775513182905,10.0,5.264760583019194
2023-11-20,9.264257371437411,5.793775513182905,10.0,5.264760583019194
2023-11-21,9.260054870721518,5.793775513182905,10.0,5.264760583019194
2023-11-22,9.26378065992272,5.793775513182905,10.0,5.264760583019194
2023-11-23,9.260783455036492,5.793775513182905,10.0,5.264760583019194
2023-11-24,9.261504858068301,5.793775513182905,9.0,5.264760583019194
2023-11-27,9.25722586627016,5.793775513182905,9.0,5.264760583019194
2023-11-28,9.25503836509935,5.793775513182905,9.0,5.264760583019194
2023-11-29,9.263633714932498,5.793775513182905,9.0,5.264760583019194
2023-11-30,9.269391049910192,5.793775513182905,9.0,5.264760583019194
2023-12-01,9.281727574762865,5.789164747598362,9.0,5.273512247629066
2023-12-04,9.282064576640977,5.789164747598362,9.0,5.273512247629066
2023-12-05,9.278823913776789,5.789164747598362,9.0,5.273512247629066
2023-12-06,9.27828776380635,5.789164747598362,9.0,5.273512247629066
2023-12-07,9.28042970879193,5.789164747598362,9.0,5.273512247629066
2023-12-08,9.289642189874042,5.789164747598362,9.0,5.273512247629066
2023-12-11,9.293467548550064,5.789164747598362,9.0,5.273512247629066
2023-12-12,9.295426647145808,5.789164747598362,9.0,5.273512247629066
2023-12-13,9.292538600997336,5.789164747598362,9.0,5.273512247629066
2023-12-14,9.28796230578574,5.789164747598362,9.0,5.273512247629066
2023-12-15,9.281581381173426,5.789164747598362,9.0,5.273512247629066
2023-12-18,9.275685130517017,5.789164747598362,9.0,5.273512247629066
2023-12-19,9.270153370397791,5.789164747598362,9.0,5.273512247629066
2023-12-20,9.26916572902732,5.789164747598362,9.0,5.273512247629066
2023-12-21,9.272649221742958,5.789164747598362,9.0,5.273512247629066
2023-12-22,9.269391992568742,5.789164747598362,9.0,5.273512247629066
2023-12-27,9.269962138159787,5.789164747598362,9.0,5.273512247629066
2023-12-28,9.27299681060708,5.789164747598362,9.0,5.273512247629066
2023-12-29,9.273705705197855,5.789164747598362,9.0,5.273512247629066
2024-01-02,9.276528781299398,5.771970577959644,9.0,5.301811255802292
2024-01-03,9.279820724624884,5.771970577959644,9.0,5.301811255802292
2024-01-04,9.281733161355044,5.771970577959644,9.0,5.301811255802292
2024-01-05,9.283740450775372,5.771970577959644,9.0,5.301811255802292
2024-01-08,9.283330576803555,5.771970577959644,9.0,5.301811255802292
2024-01-09,9.280274933267412,5.771970577959644,9.0,5.301811255802292
2024-01-10,9.275859349808965,5.771970577959644,9.0,5.301811255802292
2024-01-11,9.270641176663627,5.771970577959644,9.0,5.301811255802292
2024-01-12,9.269730349580085,5.771970577959644,9.0,5.301811255802292
2024-01-16,9.263428903959982,5.771970577959644,9.0,5.301811255802292
2024-01-17,9.257251629247902,5.771970577959644,9.0,5.301811255802292
2024-01-18,9.255397864099303,5.771970577959644,9.0,5.301811255802292
2024-01-19,9.2536019482954,5.771970577959644,9.0,5.301811255802292
2024-01-22,9.246411900880688,5.771970577959644,9.0,5.301811255802292
2024-01-23,9.238751914425062,5.771970577959644,9.0,5.301811255802292
2024-01-24,9.237759994599765,5.771970577959644,9.0,5.301811255802292
2024-01-26,9.243367908478522,5.771970577959644,9.0,5.301811255802292
2024-01-29,9.238639157428906,5.771970577959644,9.0,5.301811255802292
2024-01-30,9.239391278270123,5.771970577959644,9.0,5.301811255802292
2024-01-31,9.240981112982684,5.771970577959644,9.0,5.301811255802292
2024-02-01,9.248103292296413,5.744860436414047,9.0,5.301312875527835
2024-02-02,9.253556937222188,5.744860436414047,9.0,5.301312875527835
2024-02-06,9.261700564126029,5.744860436414047,9.0,5.301312875527835
2024-02-07,9.261791753867245,5.744860436414047,9.0,5.301312875527835
2024-02-08,9.263966443322559,5.744860436414047,9.0,5.301312875527835
2024-02-09,9.26615059964365,5.744860436414047,9.0,5.301312875527835
2024-02-12,9.267331105091838,5.744860436414047,9.0,5.301312875527835
2024-02-13,9.265449576509088,5.744860436414047,9.0,5.301312875527835
2024-02-14,9.262416559822658,5.744860436414047,9.0,5.301312875527835
2024-02-15,9.265648296939432,5.744860436414047,9.0,5.301312875527835
2024-02-16,9.268779077004602,5.744860436414047,9.0,5.301312875527835
2024-02-19,9.273090732807633,5.744860436414047,9.0,5.301312875527835
2024-02-20,9.271849308553389,5.744860436414047,9.0,5.301312875527835
2024-02-21,9.27426401661594,5.744860436414047,9.0,5.301312875527835
2024-02-22,9.273817392421188,5.744860436414047,9.0,5.301312875527835
2024-02-26,9.269372196552549,5.744860436414047,9.0,5.301312875527835
2024-02-27,9.271228488486607,5.744860436414047,9.0,5.301312875527835
2024-02-28,9.276075676682522,5.744860436414047,9.0,5.301312875527835
2024-02-29,9.273919683218999,5.744860436414047,9.0,5.301312875527835
2024-03-01,9.280295447063407,5.722473373099691,9.0,5.281679725395013
2024-03-04,9.288834496598307,5.722473373099691,9.0,5.281679725395013
2024-03-05,9.2911504774324,5.722473373099691,9.0,5.281679725395013
2024-03-06,9.296018861065269,5.722473373099691,9.0,5.281679725395013
2024-03-07,9.309814597369275,5.722473373099691,9.0,5.281679725395013
2024-03-11,9.317900666345711,5.722473373099691,9.0,5.281679725395013
2024-03-12,9.321470213024618,5.722473373099691,9.0,5.281679725395013
2024-03-13,9.330933677345188,5.722473373099691,9.0,5.281679725395013
2024-03-14,9.334551591406488,5.722473373099691,9.0,5.281679725395013
2024-03-15,9.337565798725095,5.722473373099691,9.0,5.281679725395013
2024-03-18,9.334401437277409,5.722473373099691,9.0,5.281679725395013
2024-03-19,9.32968041708622,5.722473373099691,9.0,5.281679725395013
2024-03-20,9.330929245363476,5.722473373099691,9.0,5.281679725395013
2024-03-21,9.322370893604646,5.722473373099691,9.0,5.281679725395013
2024-03-22,9.329926226022923,5.722473373099691,9.0,5.281679725395013
2024-03-25,9.328155407120578,5.722473373099691,9.0,5.281679725395013
2024-03-26,9.3373359526373,5.722473373099691,8.5,5.281679725395013
2024-03-27,9.344076368667865,5.722473373099691,8.5,5.281679725395013
2024-03-28,9.345254058791738,5.722473373099691,8.5,5.281679725395013
2024-04-01,9.350570031041793,5.70184727002169,9.0,5.274024673978992
2024-04-02,9.354715137167451,5.70184727002169,8.5,5.274024673978992
2024-04-03,9.364090114295882,5.70184727002169,8.5,5.274024673978992
2024-04-04,9.367215052627852,5.70184727002169,8.5,5.274024673978992
2024-04-05,9.375470838440853,5.70184727002169,8.5,5.274024673978992
2024-04-08,9.38646778460681,5.70184727002169,8.5,5.274024673978992
2024-04-09,9.38935229129048,5.70184727002169,8.5,5.274024673978992
2024-04-10,9.39680666082235,5.70184727002169,8.5,5.274024673978992
2024-04-15,9.392393559428974,5.70184727002169,8.5,5.274024673978992
2024-04-16,9.374816983962505,5.70184727002169,8.5,5.274024673978992
2024-04-17,9.379629035031423,5.70184727002169,8.5,5.274024673978992
2024-04-18,9.375671742850447,5.70184727002169,8.5,5.274024673978992
2024-04-19,9.371867209513432,5.70184727002169,8.5,5.274024673978992
2024-04-22,9.378243480731754,5.70184727002169,8.5,5.274024673978992
2024-04-24,9.385535764534888,5.70184727002169,8.5,5.274024673978992
2024-04-25,9.400182743079828,5.70184727002169,8.5,5.274024673978992
2024-04-26,9.40927401417995,5.70184727002169,8.5,5.274024673978992
2024-04-29,9.418244389230871,5.70184727002169,8.5,5.274024673978992
2024-04-30,9.422906579905945,5.70184727002169,8.5,5.274024673978992
2024-05-02,9.421710082853748,5.702748607065903,8.5,5.268373490174964
2024-05-03,9.425800884187638,5.702748607065903,8.5,5.268373490174964
2024-05-06,9.424292208615194,5.702748607065903,8.5,5.268373490174964
2024-05-07,9.423499847867882,5.702748607065903,8.5,5.268373490174964
2024-05-08,9.421700369109692,5.702748607065903,8.5,5.268373490174964
2024-05-09,9.425201720337919,5.702748607065903,8.5,5.268373490174964
2024-05-10,9.435000372899255,5.702748607065903,8.5,5.268373490174964
2024-05-13,9.433416721032371,5.702748607065903,8.5,5.268373490174964
2024-05-14,9.422123638919757,5.702748607065903,8.5,5.268373490174964
2024-05-15,9.41663151581288,5.702748607065903,8.5,5.268373490174964
2024-05-16,9.415675897453497,5.702748607065903,8.5,5.268373490174964
2024-05-17,9.418487232956442,5.702748607065903,8.5,5.268373490174964
2024-05-20,9.412067418394061,5.702748607065903,8.5,5.268373490174964
2024-05-21,9.413473034309254,5.702748607065903,8.5,5.268373490174964
2024-05-22,9.421317410519189,5.702748607065903,8.5,5.268373490174964
2024-05-27,9.418085168696285,5.702748607065903,8.5,5.268373490174964
2024-05-28,9.412185105258871,5.702748607065903,8.5,5.268373490174964
2024-05-29,9.40115575388906,5.702748607065903,8.5,5.268373490174964
2024-05-30,9.408244881434738,5.702748607065903,8.5,5.268373490174964
2024-05-31,9.401496951429635,5.702748607065903,8.5,5.268373490174964
2024-06-03,9.396856452774983,5.716402506012304,8.5,5.276071757600717
2024-06-04,9.401984174630437,5.716402506012304,8.5,5.276071757600717
2024-06-05,9.408358917231437,5.716402506012304,8.5,5.276071757600717
2024-06-06,9.418230580290556,5.716402506012304,8.5,5.276071757600717
2024-06-07,9.42001603708693,5.716402506012304,8.5,5.276071757600717
2024-06-10,9.425571905664661,5.716402506012304,8.5,5.276071757600717
2024-06-11,9.424367292812468,5.716402506012304,8.5,5.276071757600717
2024-06-12,9.425782342103354,5.716402506012304,8.5,5.276071757600717
2024-06-13,9.422209404086692,5.716402506012304,8.5,5.276071757600717
2024-06-14,9.419231640296076,5.716402506012304,8.5,5.276071757600717
2024-06-18,9.41466393304825,5.716402506012304,8.5,5.276071757600717
2024-06-19,9.41131602093529,5.716402506012304,8.5,5.276071757600717
2024-06-20,9.414513109941048,5.716402506012304,8.5,5.276071757600717
2024-06-24,9.415038854095084,5.716402506012304,8.5,5.276071757600717
2024-06-25,9.415406303313215,5.716402506012304,8.5,5.276071757600717
2024-06-26,9.41470958312574,5.716402506012304,8.5,5.276071757600717
2024-06-27,9.408143140683213,5.716402506012304,8.5,5.276071757600717
2024-06-28,9.404570736594273,5.716402506012304,8.5,5.276071757600717
2024-07-01,9.399745944442843,5.716237915923547,8.5,5.271459912378154
2024-07-02,9.402673313865067,5.716237915923547,8.5,5.271459912378154
2024-07-03,9.39513137717103,5.716237915923547,8.5,5.271459912378154
2024-07-04,9.38731934924056,5.716237915923547,8.5,5.271459912378154
2024-07-05,9.388271471468839,5.716237915923547,8.5,5.271459912378154
2024-07-08,9.379947272353892,5.716237915923547,8.5,5.271459912378154
2024-07-09,9.375045160741971,5.716237915923547,8.5,5.271459912378154
2024-07-10,9.376828912133814,5.716237915923547,8.5,5.271459912378154
2024-07-11,9.376118335050133,5.716237915923547,8.5,5.271459912378154
2024-07-12,9.379979343707593,5.716237915923547,8.5,5.271459912378154
2024-07-15,9.383792713301073,5.716237915923547,8.5,5.271459912378154
2024-07-16,9.382520679693245,5.716237915923547,8.5,5.271459912378154
2024-07-17,9.37917640648479,5.716237915923547,8.5,5.271459912378154
2024-07-18,9.372610570542983,5.716237915923547,8.5,5.271459912378154
2024-07-19,9.36965597630187,5.716237915923547,8.5,5.271459912378154
2024-07-22,9.355486056836613,5.716237915923547,8.5,5.271459912378154
2024-07-23,9.358518106369964,5.716237915923547,8.5,5.271459912378154
2024-07-24,9.367077418557303,5.716237915923547,8.25,5.271459912378154
2024-07-25,9.362066114016937,5.716237915923547,8.25,5.271459912378154
2024-07-26,9.36163383097568,5.716237915923547,8.25,5.271459912378154
2024-07-29,9.360267860959134,5.716237915923547,8.25,5.271459912378154
2024-07-30,9.352179286385654,5.716237915923547,8.25,5.271459912378154
2024-07-31,9.342230543533908,5.716237915923547,8.25,5.271459912378154
2024-08-01,9.344845040813716,5.70601331780756,8.25,5.252796851246227
2024-08-02,9.346226115939295,5.70601331780756,8.25,5.252796851246227
2024-08-05,9.32851533082064,5.70601331780756,8.25,5.252796851246227
2024-08-06,9.332673042331137,5.70601331780756,8.25,5.252796851246227
2024-08-07,9.332089753495024,5.70601331780756,8.25,5.252796851246227
2024-08-08,9.328979929601763,5.70601331780756,8.25,5.252796851246227
2024-08-09,9.333942002286003,5.70601331780756,8.25,5.252796851246227
2024-08-12,9.334266279281481,5.70601331780756,8.25,5.252796851246227
2024-08-13,9.336744803036776,5.70601331780756,8.25,5.252796851246227
2024-08-14,9.34472614950995,5.70601331780756,8.25,5.252796851246227
2024-08-15,9.353165444262098,5.70601331780756,8.25,5.252796851246227
2024-08-16,9.350479634461502,5.70601331780756,8.25,5.252796851246227
2024-08-20,9.35055699357777,5.70601331780756,8.25,5.252796851246227
2024-08-21,9.349047845550997,5.70601331780756,8.25,5.252796851246227
2024-08-22,9.346273253716042,5.70601331780756,8.25,5.252796851246227
2024-08-23,9.338389640178699,5.70601331780756,8.25,5.252796851246227
2024-08-26,9.32479164123569,5.70601331780756,8.25,5.252796851246227
2024-08-27,9.314002846778294,5.70601331780756,8.25,5.252796851246227
2024-08-28,9.303447217129573,5.70601331780756,8.25,5.252796851246227
2024-08-29,9.29983640963837,5.70601331780756,8.25,5.252796851246227
2024-08-30,9.295015104470465,5.70601331780756,8.25,5.252796851246227
2024-09-02,9.279517493154783,5.70760847948973,8.25,5.251749730731702
2024-09-03,9.27620582485031,5.70760847948973,8.25,5.251749730731702
2024-09-04,9.292223538811404,5.70760847948973,8.25,5.251749730731702
2024-09-05,9.287410666403213,5.70760847948973,8.25,5.251749730731702
2024-09-06,9.287178257380807,5.70760847948973,8.25,5.251749730731702
2024-09-09,9.27276854289033,5.70760847948973,8.25,5.251749730731702
2024-09-10,9.267993996512406,5.70760847948973,8.25,5.251749730731702
2024-09-11,9.267501119146743,5.70760847948973,8.25,5.251749730731702
2024-09-12,9.266254623277913,5.70760847948973,8.25,5.251749730731702
2024-09-13,9.277206182872845,5.70760847948973,8.25,5.251749730731702
2024-09-18,9.291606945804531,5.70760847948973,8.25,5.251749730731702
2024-09-19,9.29536602872771,5.70760847948973,8.25,5.251749730731702
2024-09-20,9.303311454588073,5.70760847948973,8.25,5.251749730731702
2024-09-23,9.316992353333065,5.70760847948973,8.25,5.251749730731702
2024-09-24,9.335799647549184,5.70760847948973,8.25,5.251749730731702
2024-09-25,9.367330445478666,5.70760847948973,8.25,5.251749730731702
2024-09-26,9.364936952375004,5.70760847948973,8.25,5.251749730731702
2024-09-27,9.373638797587908,5.70760847948973,8.25,5.251749730731702
2024-09-30,9.381213309376394,5.70760847948973,8.25,5.251749730731702
2024-10-01,9.39207092082601,5.682865226400813,8.25,5.24649761781824
2024-10-02,9.387166020562644,5.682865226400813,8.25,5.24649761781824
2024-10-03,9.386810676868643,5.682865226400813,8.25,5.24649761781824
2024-10-04,9.398557846968522,5.682865226400813,8.25,5.24649761781824
2024-10-07,9.407873970071737,5.682865226400813,8.25,5.24649761781824
2024-10-08,9.40681956809255,5.682865226400813,8.25,5.24649761781824
2024-10-09,9.407332947805614,5.682865226400813,8.25,5.24649761781824
2024-10-10,9.406390591277837,5.682865226400813,8.25,5.24649761781824
2024-10-11,9.41691054036763,5.682865226400813,8.25,5.24649761781824
2024-10-14,9.414242386553461,5.682865226400813,8.25,5.24649761781824
2024-10-15,9.413908774119102,5.682865226400813,8.25,5.24649761781824
2024-10-16,9.416580257940614,5.682865226400813,8.25,5.24649761781824
2024-10-18,9.418419015257497,5.682865226400813,8.25,5.24649761781824
2024-10-21,9.418112790402398,5.682865226400813,8.25,5.24649761781824
2024-10-22,9.417098411000953,5.682865226400813,8.25,5.24649761781824
2024-10-23,9.424475468732453,5.682865226400813,8.25,5.24649761781824
2024-10-24,9.432539477441782,5.682865226400813,8.25,5.24649761781824
2024-10-25,9.435968035327667,5.682865226400813,8.25,5.24649761781824
2024-10-28,9.442250187076114,5.682865226400813,8.25,5.24649761781824
2024-10-29,9.452941392987325,5.682865226400813,8.25,5.24649761781824
2024-10-30,9.456493168593239,5.682865226400813,8.25,5.24649761781824
2024-11-01,9.462160783337168,5.676788048257223,8.25,5.243861180751978
2024-11-04,9.461237602130941,5.676788048257223,8.25,5.243861180751978
2024-11-05,9.456884775087655,5.676788048257223,8.25,5.243861180751978
2024-11-06,9.452451692385504,5.676788048257223,8.25,5.243861180751978
2024-11-07,9.452180056294544,5.676788048257223,8.25,5.243861180751978
2024-11-08,9.457338721597738,5.676788048257223,8.25,5.243861180751978
2024-11-11,9.463067579592003,5.676788048257223,8.25,5.243861180751978
2024-11-12,9.472501538897687,5.676788048257223,8.25,5.243861180751978
2024-11-13,9.482288563545522,5.676788048257223,8.25,5.243861180751978
2024-11-14,9.489900550963887,5.676788048257223,8.25,5.243861180751978
2024-11-18,9.490318595842897,5.676788048257223,8.25,5.243861180751978
2024-11-19,9.48077811190331,5.676788048257223,8.25,5.243861180751978
2024-11-20,9.481401325761727,5.676788048257223,8.25,5.243861180751978
2024-11-21,9.471326764537094,5.676788048257223,8.25,5.243861180751978
2024-11-22,9.476870562296725,5.676788048257223,8.25,5.243861180751978
2024-11-25,9.462393971447186,5.676788048257223,8.25,5.243861180751978
2024-11-26,9.471572457309147,5.676788048257223,8.25,5.243861180751978
2024-11-27,9.476530385846067,5.676788048257223,7.5,5.243861180751978
2024-11-28,9.485266178117302,5.676788048257223,7.5,5.243861180751978
2024-11-29,9.48738481493919,5.676788048257223,7.5,5.243861180751978
2024-12-02,9.49115114100103,5.675657310930353,7.5,5.255931650051599
2024-12-03,9.499712765030827,5.675657310930353,7.5,5.255931650051599
2024-12-04,9.511313476049978,5.675657310930353,7.5,5.255931650051599
2024-12-05,9.514836050223302,5.675657310930353,7.5,5.255931650051599
2024-12-06,9.519733543550355,5.675657310930353,7.5,5.255931650051599
2024-12-09,9.526518789257581,5.675657310930353,7.5,5.255931650051599
2024-12-10,9.530607730205647,5.675657310930353,7.5,5.255931650051599
2024-12-11,9.5384599650476,5.675657310930353,7.5,5.255931650051599
2024-12-12,9.549367199991366,5.675657310930353,7.5,5.255931650051599
2024-12-13,9.561373229235917,5.675657310930353,7.5,5.255931650051599
2024-12-16,9.581934272775857,5.675657310930353,7.5,5.255931650051599
2024-12-17,9.58303845700144,5.675657310930353,7.5,5.255931650051599
2024-12-18,9.589755780401033,5.675657310930353,7.5,5.255931650051599
2024-12-19,9.59248635715839,5.675657310930353,7.5,5.255931650051599
2024-12-20,9.603105171506115,5.675657310930353,7.5,5.255931650051599
2024-12-23,9.617178537010105,5.675657310930353,7.5,5.255931650051599
2024-12-24,9.626969595455103,5.675657310930353,7.5,5.255931650051599
2024-12-26,9.642157203393934,5.675657310930353,7.5,5.255931650051599
2024-12-27,9.65088944354672,5.675657310930353,7.5,5.255931650051599
2024-12-30,9.66949726246521,5.675657310930353,7.5,5.255931650051599
2024-12-31,9.676876120066948,5.675657310930353,7.5,5.255931650051599
2025-01-02,9.701894487377361,5.690967377609358,7.5,5.260615499364025
2025-01-03,9.68342799083355,5.690967377609358,7.5,5.260615499364025
2025-01-06,9.67272756970563,5.690967377609358,7.5,5.260615499364025
2025-01-07,9.671217480943618,5.690967377609358,7.5,5.260615499364025
2025-01-08,9.677465487272935,5.690967377609358,7.5,5.260615499364025
2025-01-09,9.668483948009257,5.690967377609358,7.5,5.260615499364025
2025-01-10,9.67570827281739,5.690967377609358,7.5,5.260615499364025
2025-01-15,9.689820828901041,5.690967377609358,7.5,5.260615499364025
2025-01-16,9.693749371398296,5.690967377609358,7.5,5.260615499364025
2025-01-17,9.696297932761283,5.690967377609358,7.5,5.260615499364025
2025-01-20,9.703398077021824,5.690967377609358,7.5,5.260615499364025
2025-01-21,9.71698687537069,5.690967377609358,7.5,5.260615499364025
2025-01-22,9.730846983395026,5.690967377609358,7.5,5.260615499364025
2025-01-23,9.742496279106817,5.690967377609358,7.5,5.260615499364025
2025-01-24,9.736125147619884,5.690967377609358,7.5,5.260615499364025
2025-01-27,9.743592823868306,5.690967377609358,7.5,5.260615499364025
2025-01-28,9.747994472092204,5.690967377609358,7.5,5.260615499364025
2025-01-29,9.747837916501798,5.690967377609358,7.5,5.260615499364025
2025-01-30,9.747722820827661,5.690967377609358,7.5,5.260615499364025
2025-01-31,9.748162099599744,5.690967377609358,7.5,5.260615499364025
2025-02-03,9.738405930380056,5.693058511293225,7.5,5.258536496536192
2025-02-05,9.708451508125219,5.693058511293225,7.5,5.258536496536192
2025-02-06,9.71152345551661,5.693058511293225,7.5,5.258536496536192
2025-02-07,9.724947437072387,5.693058511293225,7.5,5.258536496536192
2025-02-10,9.715123979467984,5.693058511293225,7.5,5.258536496536192
2025-02-11,9.70217276079961,5.693058511293225,7.5,5.258536496536192
2025-02-13,9.715845064663007,5.693058511293225,7.5,5.258536496536192
2025-02-14,9.737237553600277,5.693058511293225,7.5,5.258536496536192
2025-02-17,9.750106160064792,5.693058511293225,7.5,5.258536496536192
2025-02-18,9.752303551096933,5.693058511293225,7.5,5.258536496536192
2025-02-19,9.745313288941242,5.693058511293225,7.5,5.258536496536192
2025-02-20,9.732638138349245,5.693058511293225,7.5,5.258536496536192
2025-02-21,9.734436156391869,5.693058511293225,7.5,5.258536496536192
2025-02-24,9.721469749604298,5.693058511293225,7.5,5.258536496536192
2025-02-25,9.701677930966015,5.693058511293225,7.5,5.258536496536192
2025-02-27,9.706911075423118,5.693058511293225,7.5,5.258536496536192
2025-02-28,9.711573736773616,5.693058511293225,7.5,5.258536496536192
2025-03-03,9.690745962747867,5.6900553540362,7.5,5.25540986553676
2025-03-04,9.675817522155253,5.6900553540362,7.5,5.25540986553676
2025-03-05,9.690698334613485,5.6900553540362,7.5,5.25540986553676
2025-03-06,9.687263133720807,5.6900553540362,7.5,5.25540986553676
2025-03-07,9.687534959198112,5.6900553540362,7.5,5.25540986553676
2025-03-10,9.68043462211572,5.6900553540362,7.5,5.25540986553676
2025-03-11,9.662089013214002,5.6900553540362,7.5,5.25540986553676
2025-03-12,9.674585578283127,5.6900553540362,7.5,5.25540986553676
2025-03-14,9.671733915588753,5.6900553540362,7.5,5.25540986553676
2025-03-17,9.658181466533447,5.6900553540362,7.5,5.25540986553676
2025-03-18,9.641748042868707,5.6900553540362,7.5,5.25540986553676
2025-03-19,9.643520512428928,5.6900553540362,7.5,5.25540986553676
2025-03-20,9.659052052937602,5.6900553540362,7.5,5.25540986553676
2025-03-21,9.67327469747172,5.6900553540362,7.5,5.25540986553676
2025-03-24,9.674867155646167,5.6900553540362,7.5,5.25540986553676
2025-03-25,9.674591864357335,5.6900553540362,7.5,5.25540986553676
2025-03-26,9.67182216832953,5.6900553540362,7.5,5.25540986553676
2025-03-27,9.673258961498687,5.6900553540362,7.5,5.25540986553676
2025-03-28,9.668664814257895,5.6900553540362,7.5,5.25540986553676
2025-04-01,9.677101876209885,5.69887043029518,7.5,5.2533200006173
2025-04-02,9.680808893142922,5.69887043029518,7.5,5.2533200006173
2025-04-03,9.657992302802729,5.69887043029518,7.5,5.2533200006173
2025-04-04,9.640390769842659,5.69887043029518,7.5,5.2533200006173
2025-04-07,9.593918361745482,5.69887043029518,7.5,5.2533200006173
2025-04-08,9.62382391302057,5.69887043029518,7.5,5.2533200006173
2025-04-09,9.607962134644305,5.69887043029518,7.5,5.2533200006173
2025-04-10,9.653796591433231,5.69887043029518,7.5,5.2533200006173
2025-04-11,9.65028419850059,5.69887043029518,7.5,5.2533200006173
2025-04-16,9.656980692215916,5.69887043029518,7.5,5.2533200006173
2025-04-17,9.656087809011318,5.69887043029518,7.5,5.2533200006173
2025-04-21,9.65564971675515,5.69887043029518,7.5,5.2533200006173
2025-04-22,9.652192695492275,5.69887043029518,7.5,5.2533200006173
2025-04-23,9.65142934772202,5.69887043029518,7.5,5.2533200006173
2025-04-24,9.655865584439987,5.69887043029518,7.5,5.2533200006173
2025-04-25,9.665905262519777,5.69887043029518,7.5,5.2533200006173
2025-04-28,9.668490905008362,5.69887043029518,7.5,5.2533200006173
2025-04-29,9.672018187625769,5.69887043029518,7.5,5.2533200006173
2025-04-30,9.668952488615037,5.69887043029518,7.5,5.2533200006173
2025-05-02,9.671034552459945,5.701813871561357,7.5,5.261653382176445
2025-05-05,9.675123523208278,5.701813871561357,7.5,5.261653382176445
2025-05-06,9.679210859459216,5.701813871561357,7.5,5.261653382176445
2025-05-07,9.670954431862631,5.701813871561357,7.5,5.261653382176445
2025-05-08,9.674501969738285,5.701813871561357,7.5,5.261653382176445
2025-05-09,9.675090852565424,5.701813871561357,7.5,5.261653382176445
2025-05-14,9.691290123239167,5.701813871561357,7.5,5.261653382176445
2025-05-15,9.699827337354021,5.701813871561357,7.5,5.261653382176445
2025-05-16,9.703779116176374,5.701813871561357,7.5,5.261653382176445
2025-05-19,9.70490184863431,5.701813871561357,7.5,5.261653382176445
2025-05-20,9.702226571778775,5.701813871561357,7.5,5.261653382176445
2025-05-21,9.70234457890153,5.701813871561357,7.5,5.261653382176445
2025-05-22,9.70950041669152,5.701813871561357,7.25,5.261653382176445
2025-05-23,9.711410161973221,5.701813871561357,7.25,5.261653382176445
2025-05-26,9.710887755132477,5.701813871561357,7.25,5.261653382176445
2025-05-27,9.7206236486986,5.701813871561357,7.25,5.261653382176445
2025-05-28,9.72425322534103,5.701813871561357,7.25,5.261653382176445
2025-05-29,9.730062305964172,5.701813871561357,7.25,5.261653382176445
2025-05-30,9.732394321493054,5.701813871561357,7.25,5.261653382176445
2025-06-02,9.739784981634696,5.703449085754963,7.25,5.270432163058501
2025-06-03,9.75350094093047,5.703449085754963,7.25,5.270432163058501
2025-06-04,9.761523562432517,5.703449085754963,7.25,5.270432163058501
2025-06-05,9.767261675904958,5.703449085754963,7.25,5.270432163058501
2025-06-06,9.76390646880506,5.703449085754963,7.25,5.270432163058501
2025-06-09,9.76996987410328,5.703449085754963,7.25,5.270432163058501
2025-06-11,9.778921564582912,5.703449085754963,7.25,5.270432163058501
2025-06-12,9.779139577242667,5.703449085754963,7.25,5.270432163058501
2025-06-13,9.766196529922837,5.703449085754963,7.25,5.270432163058501
2025-06-16,9.76193493285491,5.703449085754963,7.25,5.270432163058501
2025-06-17,9.7574178832135,5.703449085754963,7.25,5.270432163058501
2025-06-18,9.745162170754233,5.703449085754963,7.25,5.270432163058501
2025-06-19,9.733140415358749,5.703449085754963,7.25,5.270432163058501
2025-06-20,9.746128815725678,5.703449085754963,7.25,5.270432163058501
2025-06-23,9.727072517846242,5.703449085754963,7.25,5.270432163058501
2025-06-24,9.752152903968351,5.703449085754963,7.25,5.270432163058501
2025-06-25,9.771469300251416,5.703449085754963,7.25,5.270432163058501
2025-06-26,9.783603185628857,5.703449085754963,7.25,5.270432163058501
2025-06-27,9.791031926002377,5.703449085754963,7.25,5.270432163058501
2025-06-30,9.799610380624241,5.703449085754963,7.25,5.270432163058501
2025-07-01,9.797945353708247,5.707508856397014,7.25,5.268373490174964
2025-07-02,9.805973395757878,5.707508856397014,7.25,5.268373490174964
2025-07-03,9.803718044691463,5.707508856397014,7.25,5.268373490174964
2025-07-04,9.806334375455174,5.707508856397014,7.25,5.268373490174964
2025-07-07,9.800468737400681,5.707508856397014,7.25,5.268373490174964
2025-07-08,9.799909891093261,5.707508856397014,7.25,5.268373490174964
2025-07-09,9.807058697247644,5.707508856397014,7.25,5.268373490174964
2025-07-11,9.827753797975639,5.707508856397014,7.25,5.268373490174964
2025-07-14,9.843652088003157,5.707508856397014,7.25,5.268373490174964
2025-07-15,9.849362357363177,5.707508856397014,7.25,5.268373490174964
2025-07-16,9.84612535322745,5.707508856397014,7.25,5.268373490174964
2025-07-17,9.845691582559274,5.707508856397014,7.25,5.268373490174964
2025-07-18,9.850809088717885,5.707508856397014,7.25,5.268373490174964
2025-07-21,9.854511571103737,5.707508856397014,7.25,5.268373490174964
2025-07-22,9.85702101166191,5.707508856397014,7.25,5.268373490174964
2025-07-23,9.866090934708946,5.707508856397014,7.25,5.268373490174964
2025-07-24,9.871957668989527,5.707508856397014,7.25,5.268373490174964
2025-07-25,9.87651247460241,5.707508856397014,7.25,5.268373490174964
2025-07-28,9.879085222809609,5.707508856397014,7.25,5.268373490174964
2025-07-29,9.880576077777587,5.707508856397014,7.25,5.268373490174964
2025-07-30,9.881556311348,5.707508856397014,7.25,5.268373490174964
2025-07-31,9.885449846849127,5.707508856397014,7.25,5.268373490174964
2025-08-01,9.898706139779097,5.707508856397014,7.25,5.264243386214285
2025-08-04,9.89274152019648,5.707508856397014,7.25,5.264243386214285
2025-08-05,9.889287203134987,5.707508856397014,7.25,5.264243386214285
2025-08-06,9.893679611545043,5.707508856397014,7.25,5.264243386214285
2025-08-07,9.894778236305664,5.707508856397014,7.25,5.264243386214285
2025-08-11,9.8996311260732,5.707508856397014,7.25,5.264243386214285
2025-08-12,9.902126126215736,5.707508856397014,7.25,5.264243386214285
2025-08-13,9.903686532738254,5.707508856397014,7.25,5.264243386214285
2025-08-14,9.899914677412571,5.707508856397014,7.25,5.264243386214285
2025-08-15,9.914346381471,5.707508856397014,7.25,5.264243386214285
2025-08-18,9.926980421331399,5.707508856397014,7.25,5.264243386214285
2025-08-19,9.933097324352488,5.707508856397014,7.25,5.264243386214285
2025-08-20,9.939663731950224,5.707508856397014,7.25,5.264243386214285
2025-08-21,9.938637008588488,5.707508856397014,7.25,5.264243386214285
2025-08-22,9.935431856718633,5.707508856397014,7.25,5.264243386214285
2025-08-25,9.93186070071129,5.707508856397014,7.25,5.264243386214285
2025-08-26,9.93369614361917,5.707508856397014,7.25,5.264243386214285
2025-08-27,9.9404562124894,5.707508856397014,7.25,5.264243386214285
2025-08-28,9.942720765611284,5.707508856397014,7.25,5.264243386214285
2025-08-29,9.952151994517143,5.707508856397014,7.25,5.264243386214285
